,mean_fit_time,std_fit_time,mean_score_time,std_score_time,param_regressor,param_regressor__alpha,param_regressor__max_depth,param_regressor__n_estimators,param_regressor__learning_rate,params,split0_test_score,split1_test_score,split2_test_score,split3_test_score,split4_test_score,mean_test_score,std_test_score,rank_test_score
0,0.02520155906677246,0.006066634249302802,0.020383358001708984,0.00644675665125028,LinearRegression(),,,,,{'regressor': LinearRegression()},-585.8844581964803,-609.5325874983944,-1139.2063823508452,-794.6620274477427,-898.5773698608845,-805.5725650708694,203.3592853482389,1
2,0.0432187557220459,0.0073474247045837,0.015755653381347656,0.0035609142389186835,"Lasso(max_iter=2000, random_state=42)",0.1,,,,"{'regressor': Lasso(max_iter=2000, random_state=42), 'regressor__alpha': 0.1}",-586.074104649326,-609.5202419137752,-1143.5851079997515,-794.665192932906,-898.5971578517756,-806.4883610695068,204.76177325732687,2
1,0.04896564483642578,0.007311043554632876,0.020988321304321288,0.004157219672498563,"Lasso(max_iter=2000, random_state=42)",0.01,,,,"{'regressor': Lasso(max_iter=2000, random_state=42), 'regressor__alpha': 0.01}",-585.9805843199531,-609.555825155768,-1144.20416929164,-794.6681638950821,-898.5929759154756,-806.6003437155838,204.9785280794928,3
3,0.042512035369873045,0.006815532132679257,0.014763069152832032,0.0028098535377457435,"Lasso(max_iter=2000, random_state=42)",1.0,,,,"{'regressor': Lasso(max_iter=2000, random_state=42), 'regressor__alpha': 1.0}",-587.47484393719,-608.94051286622,-1144.1331995056125,-794.3356077177142,-898.5893235923429,-806.6946975238159,204.75652555020602,4
4,0.02891573905944824,0.0028844567262473497,0.01284961700439453,0.005064726127034065,Ridge(random_state=42),0.1,,,,"{'regressor': Ridge(random_state=42), 'regressor__alpha': 0.1}",-596.929932969531,-607.5643133396666,-1130.5310507748445,-803.4088542351363,-904.7440762718262,-808.6356455182009,199.06269921015863,5
5,0.03165292739868164,0.010664473290996034,0.014018964767456055,0.003401654298487095,Ridge(random_state=42),1.0,,,,"{'regressor': Ridge(random_state=42), 'regressor__alpha': 1.0}",-722.9217407430584,-674.7840670290574,-1279.6523818317264,-917.9205317265461,-1069.8560506958304,-933.0269544052437,223.57691393561194,6
6,0.025914096832275392,0.0045529142861516795,0.016077852249145506,0.002003095753190748,Ridge(random_state=42),10.0,,,,"{'regressor': Ridge(random_state=42), 'regressor__alpha': 10.0}",-1054.6744584319138,-935.2934997264168,-1600.30808193996,-1229.3941272227094,-1463.708500462932,-1256.6757335567866,247.29783615963547,7
58,2.662939500808716,0.19907911107316137,0.014782905578613281,0.0007935781655783196,GradientBoostingRegressor(random_state=42),,,500.0,0.1,"{'regressor': GradientBoostingRegressor(random_state=42), 'regressor__learning_rate': 0.1, 'regressor__n_estimators': 500}",-5522.477505795596,-935.8751391696499,-1519.1674322450892,-1179.9907369956645,-1216.8418041213258,-2074.870523665465,1733.7320110733435,8
59,4.897323083877564,0.2674673338978879,0.015865278244018555,0.002383769954657094,GradientBoostingRegressor(random_state=42),,,1000.0,0.1,"{'regressor': GradientBoostingRegressor(random_state=42), 'regressor__learning_rate': 0.1, 'regressor__n_estimators': 1000}",-5500.464585522155,-934.6950047704509,-1522.0695300024593,-1190.385630004391,-1235.2239188536648,-2076.567733830624,1722.0679065928289,9
57,2.077631187438965,0.4201508469906156,0.020193147659301757,0.008579641337825527,GradientBoostingRegressor(random_state=42),,,250.0,0.1,"{'regressor': GradientBoostingRegressor(random_state=42), 'regressor__learning_rate': 0.1, 'regressor__n_estimators': 250}",-5575.847351811688,-930.7030405299168,-1523.4646951044879,-1188.1144957094261,-1216.6172846027207,-2086.9493735516476,1754.5490446754538,10
52,5.607164621353149,0.4923162738484459,0.017243051528930665,0.003300410995528496,GradientBoostingRegressor(random_state=42),,,1000.0,0.01,"{'regressor': GradientBoostingRegressor(random_state=42), 'regressor__learning_rate': 0.01, 'regressor__n_estimators': 1000}",-5763.259279401253,-944.0469871993631,-1483.6459639938198,-1160.0584140423198,-1247.199575864256,-2119.6420441002024,1829.9955143420398,11
56,0.7497493267059326,0.0401751248056375,0.014791727066040039,0.004293093069804661,GradientBoostingRegressor(random_state=42),,,100.0,0.1,"{'regressor': GradientBoostingRegressor(random_state=42), 'regressor__learning_rate': 0.1, 'regressor__n_estimators': 100}",-5793.250304787974,-927.981850229299,-1521.3593406477305,-1237.30906403832,-1260.145201575241,-2148.0091522557127,1832.300014178355,12
38,9.51348524093628,0.27416776790237796,0.36760883331298827,0.05153453233605736,RandomForestRegressor(random_state=42),,10.0,1000.0,,"{'regressor': RandomForestRegressor(random_state=42), 'regressor__max_depth': 10, 'regressor__n_estimators': 1000}",-6098.314741681918,-1007.8101755752798,-1411.485488334811,-1100.2303567729546,-1234.4471412749901,-2170.4575807279907,1968.6214138963624,13
36,2.2837008953094484,0.37358366965064155,0.11183047294616699,0.03964565504738628,RandomForestRegressor(random_state=42),,10.0,250.0,,"{'regressor': RandomForestRegressor(random_state=42), 'regressor__max_depth': 10, 'regressor__n_estimators': 250}",-6102.819337843349,-1013.6554489694792,-1411.4082138860765,-1102.1798719696958,-1239.6594713340369,-2173.9444688005274,1969.0280695666384,14
37,5.159155750274659,0.7926538598130319,0.24399123191833497,0.12768736006389395,RandomForestRegressor(random_state=42),,10.0,500.0,,"{'regressor': RandomForestRegressor(random_state=42), 'regressor__max_depth': 10, 'regressor__n_estimators': 500}",-6106.038650304946,-1016.9434775685969,-1411.8991713250136,-1105.548313186091,-1241.9058907296765,-2176.4671006228646,1969.3076661265807,15
35,0.9237508773803711,0.17876836683700148,0.04783153533935547,0.022024661481015506,RandomForestRegressor(random_state=42),,10.0,100.0,,"{'regressor': RandomForestRegressor(random_state=42), 'regressor__max_depth': 10, 'regressor__n_estimators': 100}",-6097.891459160078,-997.6410293867064,-1447.2518396444739,-1114.2133965363794,-1250.9756782398763,-2181.5946805935027,1963.8605167968024,16
34,0.4377997875213623,0.0956113225234781,0.030442094802856444,0.002490927219134872,RandomForestRegressor(random_state=42),,10.0,50.0,,"{'regressor': RandomForestRegressor(random_state=42), 'regressor__max_depth': 10, 'regressor__n_estimators': 50}",-6136.11775214139,-990.9562440554629,-1448.3487382331955,-1147.8370263570916,-1246.5820547278815,-2193.968363103005,1976.6466644334998,17
64,1.143458080291748,0.10051916009716688,0.011172771453857422,0.002208397923378711,GradientBoostingRegressor(random_state=42),,,250.0,0.25,"{'regressor': GradientBoostingRegressor(random_state=42), 'regressor__learning_rate': 0.25, 'regressor__n_estimators': 250}",-5431.804892614064,-1050.1836507354053,-1974.6144616072527,-1280.489747823845,-1266.8544722960874,-2200.789445015331,1645.2170498442238,18
65,2.421561670303345,0.3261458599880781,0.014737987518310547,0.0029614275527739572,GradientBoostingRegressor(random_state=42),,,500.0,0.25,"{'regressor': GradientBoostingRegressor(random_state=42), 'regressor__learning_rate': 0.25, 'regressor__n_estimators': 500}",-5419.711099330906,-1077.2755300470737,-1978.9806991842524,-1278.281955211226,-1265.606994371786,-2203.9712556290488,1636.9773925511986,19
66,4.858609580993653,0.2662772537768013,0.013885402679443359,0.0024341441511863313,GradientBoostingRegressor(random_state=42),,,1000.0,0.25,"{'regressor': GradientBoostingRegressor(random_state=42), 'regressor__learning_rate': 0.25, 'regressor__n_estimators': 1000}",-5419.45655796806,-1073.8660640800838,-1982.2913376797371,-1280.579701932606,-1268.647209055853,-2204.968174143268,1636.649230828005,20
63,0.5233816146850586,0.024172481317588215,0.011855983734130859,0.0017786396766766228,GradientBoostingRegressor(random_state=42),,,100.0,0.25,"{'regressor': GradientBoostingRegressor(random_state=42), 'regressor__learning_rate': 0.25, 'regressor__n_estimators': 100}",-5489.429920649166,-1025.968250676837,-1992.915611746473,-1294.3731625494681,-1273.8681283745366,-2215.311014799296,1668.4299069256301,21
62,0.2815591335296631,0.005071450517205139,0.011857032775878906,0.0005852556390060768,GradientBoostingRegressor(random_state=42),,,50.0,0.25,"{'regressor': GradientBoostingRegressor(random_state=42), 'regressor__learning_rate': 0.25, 'regressor__n_estimators': 50}",-5628.488385639648,-1019.375732507401,-1937.4983678237982,-1347.626848795136,-1320.4397846555464,-2250.685823884306,1714.9130751120363,22
33,0.13415055274963378,0.016122674008768646,0.01772599220275879,0.003115321711017179,RandomForestRegressor(random_state=42),,10.0,10.0,,"{'regressor': RandomForestRegressor(random_state=42), 'regressor__max_depth': 10, 'regressor__n_estimators': 10}",-6166.861031321633,-1110.1805074181875,-1536.8029175188763,-1173.9073342807797,-1372.4800492277896,-2272.0463679534537,1953.2140369316046,23
111,0.16239371299743652,0.004022124223759013,0.01377873420715332,0.0009577450823041852,"XGBRegressor(base_score=None, booster=None, callbacks=None,
             colsample_bylevel=None, colsample_bynode=None,
             colsample_bytree=None, device=None, early_stopping_rounds=None,
             enable_categorical=False, eval_metric=None, feature_types=None,
             feature_weights=None, gamma=None, grow_policy=None,
             importance_type=None, interaction_constraints=None,
             learning_rate=None, max_bin=None, max_cat_threshold=None,
             max_cat_to_onehot=None, max_delta_step=None, max_depth=None,
             max_leaves=None, min_child_weight=None, missing=nan,
             monotone_constraints=None, multi_strategy=None, n_estimators=None,
             n_jobs=None, num_parallel_tree=None, ...)",,,50.0,0.25,"{'regressor': XGBRegressor(base_score=None, booster=None, callbacks=None,
             colsample_bylevel=None, colsample_bynode=None,
             colsample_bytree=None, device=None, early_stopping_rounds=None,
             enable_categorical=False, eval_metric=None, feature_types=None,
             feature_weights=None, gamma=None, grow_policy=None,
             importance_type=None, interaction_constraints=None,
             learning_rate=None, max_bin=None, max_cat_threshold=None,
             max_cat_to_onehot=None, max_delta_step=None, max_depth=None,
             max_leaves=None, min_child_weight=None, missing=nan,
             monotone_constraints=None, multi_strategy=None, n_estimators=None,
             n_jobs=None, num_parallel_tree=None, ...), 'regressor__learning_rate': 0.25, 'regressor__n_estimators': 50}",-6076.072265625,-1145.6636962890625,-1915.57666015625,-1135.668212890625,-1249.900634765625,-2304.5762939453125,1907.7351931812525,24
112,0.29351181983947755,0.01155816490840032,0.014215517044067382,0.0010258629606317872,"XGBRegressor(base_score=None, booster=None, callbacks=None,
             colsample_bylevel=None, colsample_bynode=None,
             colsample_bytree=None, device=None, early_stopping_rounds=None,
             enable_categorical=False, eval_metric=None, feature_types=None,
             feature_weights=None, gamma=None, grow_policy=None,
             importance_type=None, interaction_constraints=None,
             learning_rate=None, max_bin=None, max_cat_threshold=None,
             max_cat_to_onehot=None, max_delta_step=None, max_depth=None,
             max_leaves=None, min_child_weight=None, missing=nan,
             monotone_constraints=None, multi_strategy=None, n_estimators=None,
             n_jobs=None, num_parallel_tree=None, ...)",,,100.0,0.25,"{'regressor': XGBRegressor(base_score=None, booster=None, callbacks=None,
             colsample_bylevel=None, colsample_bynode=None,
             colsample_bytree=None, device=None, early_stopping_rounds=None,
             enable_categorical=False, eval_metric=None, feature_types=None,
             feature_weights=None, gamma=None, grow_policy=None,
             importance_type=None, interaction_constraints=None,
             learning_rate=None, max_bin=None, max_cat_threshold=None,
             max_cat_to_onehot=None, max_delta_step=None, max_depth=None,
             max_leaves=None, min_child_weight=None, missing=nan,
             monotone_constraints=None, multi_strategy=None, n_estimators=None,
             n_jobs=None, num_parallel_tree=None, ...), 'regressor__learning_rate': 0.25, 'regressor__n_estimators': 100}",-6073.59912109375,-1135.899169921875,-1915.3582763671875,-1135.18310546875,-1267.802734375,-2305.5684814453125,1906.0537703794425,25
113,0.6849135875701904,0.022595585270519226,0.017079925537109374,0.001350024168216951,"XGBRegressor(base_score=None, booster=None, callbacks=None,
             colsample_bylevel=None, colsample_bynode=None,
             colsample_bytree=None, device=None, early_stopping_rounds=None,
             enable_categorical=False, eval_metric=None, feature_types=None,
             feature_weights=None, gamma=None, grow_policy=None,
             importance_type=None, interaction_constraints=None,
             learning_rate=None, max_bin=None, max_cat_threshold=None,
             max_cat_to_onehot=None, max_delta_step=None, max_depth=None,
             max_leaves=None, min_child_weight=None, missing=nan,
             monotone_constraints=None, multi_strategy=None, n_estimators=None,
             n_jobs=None, num_parallel_tree=None, ...)",,,250.0,0.25,"{'regressor': XGBRegressor(base_score=None, booster=None, callbacks=None,
             colsample_bylevel=None, colsample_bynode=None,
             colsample_bytree=None, device=None, early_stopping_rounds=None,
             enable_categorical=False, eval_metric=None, feature_types=None,
             feature_weights=None, gamma=None, grow_policy=None,
             importance_type=None, interaction_constraints=None,
             learning_rate=None, max_bin=None, max_cat_threshold=None,
             max_cat_to_onehot=None, max_delta_step=None, max_depth=None,
             max_leaves=None, min_child_weight=None, missing=nan,
             monotone_constraints=None, multi_strategy=None, n_estimators=None,
             n_jobs=None, num_parallel_tree=None, ...), 'regressor__learning_rate': 0.25, 'regressor__n_estimators': 250}",-6073.61328125,-1133.5950927734375,-1932.6712646484375,-1141.2747802734375,-1267.0999755859375,-2309.65087890625,1904.97500780405,26
114,1.1990113735198975,0.11247818326871295,0.020487213134765626,0.004950303973691601,"XGBRegressor(base_score=None, booster=None, callbacks=None,
             colsample_bylevel=None, colsample_bynode=None,
             colsample_bytree=None, device=None, early_stopping_rounds=None,
             enable_categorical=False, eval_metric=None, feature_types=None,
             feature_weights=None, gamma=None, grow_policy=None,
             importance_type=None, interaction_constraints=None,
             learning_rate=None, max_bin=None, max_cat_threshold=None,
             max_cat_to_onehot=None, max_delta_step=None, max_depth=None,
             max_leaves=None, min_child_weight=None, missing=nan,
             monotone_constraints=None, multi_strategy=None, n_estimators=None,
             n_jobs=None, num_parallel_tree=None, ...)",,,500.0,0.25,"{'regressor': XGBRegressor(base_score=None, booster=None, callbacks=None,
             colsample_bylevel=None, colsample_bynode=None,
             colsample_bytree=None, device=None, early_stopping_rounds=None,
             enable_categorical=False, eval_metric=None, feature_types=None,
             feature_weights=None, gamma=None, grow_policy=None,
             importance_type=None, interaction_constraints=None,
             learning_rate=None, max_bin=None, max_cat_threshold=None,
             max_cat_to_onehot=None, max_delta_step=None, max_depth=None,
             max_leaves=None, min_child_weight=None, missing=nan,
             monotone_constraints=None, multi_strategy=None, n_estimators=None,
             n_jobs=None, num_parallel_tree=None, ...), 'regressor__learning_rate': 0.25, 'regressor__n_estimators': 500}",-6072.88916015625,-1133.939208984375,-1932.9320068359375,-1141.79443359375,-1267.748046875,-2309.8605712890626,1904.5013714475544,27
115,2.15944504737854,0.22538733282386358,0.029915285110473634,0.015377582835268855,"XGBRegressor(base_score=None, booster=None, callbacks=None,
             colsample_bylevel=None, colsample_bynode=None,
             colsample_bytree=None, device=None, early_stopping_rounds=None,
             enable_categorical=False, eval_metric=None, feature_types=None,
             feature_weights=None, gamma=None, grow_policy=None,
             importance_type=None, interaction_constraints=None,
             learning_rate=None, max_bin=None, max_cat_threshold=None,
             max_cat_to_onehot=None, max_delta_step=None, max_depth=None,
             max_leaves=None, min_child_weight=None, missing=nan,
             monotone_constraints=None, multi_strategy=None, n_estimators=None,
             n_jobs=None, num_parallel_tree=None, ...)",,,1000.0,0.25,"{'regressor': XGBRegressor(base_score=None, booster=None, callbacks=None,
             colsample_bylevel=None, colsample_bynode=None,
             colsample_bytree=None, device=None, early_stopping_rounds=None,
             enable_categorical=False, eval_metric=None, feature_types=None,
             feature_weights=None, gamma=None, grow_policy=None,
             importance_type=None, interaction_constraints=None,
             learning_rate=None, max_bin=None, max_cat_threshold=None,
             max_cat_to_onehot=None, max_delta_step=None, max_depth=None,
             max_leaves=None, min_child_weight=None, missing=nan,
             monotone_constraints=None, multi_strategy=None, n_estimators=None,
             n_jobs=None, num_parallel_tree=None, ...), 'regressor__learning_rate': 0.25, 'regressor__n_estimators': 1000}",-6072.89013671875,-1134.0306396484375,-1932.9332275390625,-1141.7977294921875,-1267.787353515625,-2309.8878173828125,1904.4857127729733,28
107,1.339186191558838,0.05634773434311925,0.016673755645751954,0.001332695720610221,"XGBRegressor(base_score=None, booster=None, callbacks=None,
             colsample_bylevel=None, colsample_bynode=None,
             colsample_bytree=None, device=None, early_stopping_rounds=None,
             enable_categorical=False, eval_metric=None, feature_types=None,
             feature_weights=None, gamma=None, grow_policy=None,
             importance_type=None, interaction_constraints=None,
             learning_rate=None, max_bin=None, max_cat_threshold=None,
             max_cat_to_onehot=None, max_delta_step=None, max_depth=None,
             max_leaves=None, min_child_weight=None, missing=nan,
             monotone_constraints=None, multi_strategy=None, n_estimators=None,
             n_jobs=None, num_parallel_tree=None, ...)",,,500.0,0.1,"{'regressor': XGBRegressor(base_score=None, booster=None, callbacks=None,
             colsample_bylevel=None, colsample_bynode=None,
             colsample_bytree=None, device=None, early_stopping_rounds=None,
             enable_categorical=False, eval_metric=None, feature_types=None,
             feature_weights=None, gamma=None, grow_policy=None,
             importance_type=None, interaction_constraints=None,
             learning_rate=None, max_bin=None, max_cat_threshold=None,
             max_cat_to_onehot=None, max_delta_step=None, max_depth=None,
             max_leaves=None, min_child_weight=None, missing=nan,
             monotone_constraints=None, multi_strategy=None, n_estimators=None,
             n_jobs=None, num_parallel_tree=None, ...), 'regressor__learning_rate': 0.1, 'regressor__n_estimators': 500}",-6043.34375,-1265.24560546875,-1923.5069580078125,-1087.6097412109375,-1272.4208984375,-2318.425390625,1884.1017792471039,29
108,2.663035440444946,0.09262777594042158,0.028308677673339843,0.0036092409803425447,"XGBRegressor(base_score=None, booster=None, callbacks=None,
             colsample_bylevel=None, colsample_bynode=None,
             colsample_bytree=None, device=None, early_stopping_rounds=None,
             enable_categorical=False, eval_metric=None, feature_types=None,
             feature_weights=None, gamma=None, grow_policy=None,
             importance_type=None, interaction_constraints=None,
             learning_rate=None, max_bin=None, max_cat_threshold=None,
             max_cat_to_onehot=None, max_delta_step=None, max_depth=None,
             max_leaves=None, min_child_weight=None, missing=nan,
             monotone_constraints=None, multi_strategy=None, n_estimators=None,
             n_jobs=None, num_parallel_tree=None, ...)",,,1000.0,0.1,"{'regressor': XGBRegressor(base_score=None, booster=None, callbacks=None,
             colsample_bylevel=None, colsample_bynode=None,
             colsample_bytree=None, device=None, early_stopping_rounds=None,
             enable_categorical=False, eval_metric=None, feature_types=None,
             feature_weights=None, gamma=None, grow_policy=None,
             importance_type=None, interaction_constraints=None,
             learning_rate=None, max_bin=None, max_cat_threshold=None,
             max_cat_to_onehot=None, max_delta_step=None, max_depth=None,
             max_leaves=None, min_child_weight=None, missing=nan,
             monotone_constraints=None, multi_strategy=None, n_estimators=None,
             n_jobs=None, num_parallel_tree=None, ...), 'regressor__learning_rate': 0.1, 'regressor__n_estimators': 1000}",-6045.26123046875,-1263.181884765625,-1922.600341796875,-1088.3807373046875,-1273.189453125,-2318.5227294921874,1884.9429524476946,30
106,0.6899584770202637,0.036454726667458824,0.016618871688842775,0.0004757425284858081,"XGBRegressor(base_score=None, booster=None, callbacks=None,
             colsample_bylevel=None, colsample_bynode=None,
             colsample_bytree=None, device=None, early_stopping_rounds=None,
             enable_categorical=False, eval_metric=None, feature_types=None,
             feature_weights=None, gamma=None, grow_policy=None,
             importance_type=None, interaction_constraints=None,
             learning_rate=None, max_bin=None, max_cat_threshold=None,
             max_cat_to_onehot=None, max_delta_step=None, max_depth=None,
             max_leaves=None, min_child_weight=None, missing=nan,
             monotone_constraints=None, multi_strategy=None, n_estimators=None,
             n_jobs=None, num_parallel_tree=None, ...)",,,250.0,0.1,"{'regressor': XGBRegressor(base_score=None, booster=None, callbacks=None,
             colsample_bylevel=None, colsample_bynode=None,
             colsample_bytree=None, device=None, early_stopping_rounds=None,
             enable_categorical=False, eval_metric=None, feature_types=None,
             feature_weights=None, gamma=None, grow_policy=None,
             importance_type=None, interaction_constraints=None,
             learning_rate=None, max_bin=None, max_cat_threshold=None,
             max_cat_to_onehot=None, max_delta_step=None, max_depth=None,
             max_leaves=None, min_child_weight=None, missing=nan,
             monotone_constraints=None, multi_strategy=None, n_estimators=None,
             n_jobs=None, num_parallel_tree=None, ...), 'regressor__learning_rate': 0.1, 'regressor__n_estimators': 250}",-6039.97265625,-1269.7900390625,-1927.380859375,-1081.0435791015625,-1275.285400390625,-2318.6945068359373,1882.6428445589768,31
51,2.6219522953033447,0.2878860273040883,0.0181276798248291,0.0105393285964333,GradientBoostingRegressor(random_state=42),,,500.0,0.01,"{'regressor': GradientBoostingRegressor(random_state=42), 'regressor__learning_rate': 0.01, 'regressor__n_estimators': 500}",-6517.261823242725,-1008.8732841950622,-1504.6222641390218,-1195.411589836698,-1382.029719488481,-2321.6397361803974,2104.536757845243,32
101,2.7290425300598145,0.2287206676200258,0.029042530059814452,0.002554110955052117,"XGBRegressor(base_score=None, booster=None, callbacks=None,
             colsample_bylevel=None, colsample_bynode=None,
             colsample_bytree=None, device=None, early_stopping_rounds=None,
             enable_categorical=False, eval_metric=None, feature_types=None,
             feature_weights=None, gamma=None, grow_policy=None,
             importance_type=None, interaction_constraints=None,
             learning_rate=None, max_bin=None, max_cat_threshold=None,
             max_cat_to_onehot=None, max_delta_step=None, max_depth=None,
             max_leaves=None, min_child_weight=None, missing=nan,
             monotone_constraints=None, multi_strategy=None, n_estimators=None,
             n_jobs=None, num_parallel_tree=None, ...)",,,1000.0,0.01,"{'regressor': XGBRegressor(base_score=None, booster=None, callbacks=None,
             colsample_bylevel=None, colsample_bynode=None,
             colsample_bytree=None, device=None, early_stopping_rounds=None,
             enable_categorical=False, eval_metric=None, feature_types=None,
             feature_weights=None, gamma=None, grow_policy=None,
             importance_type=None, interaction_constraints=None,
             learning_rate=None, max_bin=None, max_cat_threshold=None,
             max_cat_to_onehot=None, max_delta_step=None, max_depth=None,
             max_leaves=None, min_child_weight=None, missing=nan,
             monotone_constraints=None, multi_strategy=None, n_estimators=None,
             n_jobs=None, num_parallel_tree=None, ...), 'regressor__learning_rate': 0.01, 'regressor__n_estimators': 1000}",-6086.69970703125,-1260.5860595703125,-1934.476806640625,-1091.2623291015625,-1254.068603515625,-2325.418701171875,1902.8858035640587,33
105,0.32772207260131836,0.032467345049256996,0.015243339538574218,0.0007980012151579253,"XGBRegressor(base_score=None, booster=None, callbacks=None,
             colsample_bylevel=None, colsample_bynode=None,
             colsample_bytree=None, device=None, early_stopping_rounds=None,
             enable_categorical=False, eval_metric=None, feature_types=None,
             feature_weights=None, gamma=None, grow_policy=None,
             importance_type=None, interaction_constraints=None,
             learning_rate=None, max_bin=None, max_cat_threshold=None,
             max_cat_to_onehot=None, max_delta_step=None, max_depth=None,
             max_leaves=None, min_child_weight=None, missing=nan,
             monotone_constraints=None, multi_strategy=None, n_estimators=None,
             n_jobs=None, num_parallel_tree=None, ...)",,,100.0,0.1,"{'regressor': XGBRegressor(base_score=None, booster=None, callbacks=None,
             colsample_bylevel=None, colsample_bynode=None,
             colsample_bytree=None, device=None, early_stopping_rounds=None,
             enable_categorical=False, eval_metric=None, feature_types=None,
             feature_weights=None, gamma=None, grow_policy=None,
             importance_type=None, interaction_constraints=None,
             learning_rate=None, max_bin=None, max_cat_threshold=None,
             max_cat_to_onehot=None, max_delta_step=None, max_depth=None,
             max_leaves=None, min_child_weight=None, missing=nan,
             monotone_constraints=None, multi_strategy=None, n_estimators=None,
             n_jobs=None, num_parallel_tree=None, ...), 'regressor__learning_rate': 0.1, 'regressor__n_estimators': 100}",-6064.57373046875,-1293.638427734375,-1925.0947265625,-1090.757568359375,-1276.933349609375,-2330.199560546875,1888.369959126394,34
55,0.5147845268249511,0.1535093265349709,0.016601133346557616,0.003853230573268538,GradientBoostingRegressor(random_state=42),,,50.0,0.1,"{'regressor': GradientBoostingRegressor(random_state=42), 'regressor__learning_rate': 0.1, 'regressor__n_estimators': 50}",-6476.421536827827,-985.8251745764128,-1529.273705036187,-1284.4920644687081,-1378.7802434108116,-2330.9585448639896,2080.3211961791794,35
31,7.89406008720398,0.9694771714461391,0.3608652114868164,0.060167256960168156,RandomForestRegressor(random_state=42),,5.0,1000.0,,"{'regressor': RandomForestRegressor(random_state=42), 'regressor__max_depth': 5, 'regressor__n_estimators': 1000}",-6426.117855503794,-1405.7383569352878,-1520.6403397625531,-1189.17552730592,-1364.127144151431,-2381.1598447317974,2025.2806389848913,36
30,3.3818556308746337,0.37377839524144535,0.15170807838439943,0.013948172861656713,RandomForestRegressor(random_state=42),,5.0,500.0,,"{'regressor': RandomForestRegressor(random_state=42), 'regressor__max_depth': 5, 'regressor__n_estimators': 500}",-6451.128049177538,-1403.1898035287154,-1515.9276654070152,-1194.195943061185,-1377.582753220039,-2388.4048428788983,2033.9853068945567,37
28,0.86928391456604,0.08366407304978113,0.06676020622253417,0.03464763227925925,RandomForestRegressor(random_state=42),,5.0,100.0,,"{'regressor': RandomForestRegressor(random_state=42), 'regressor__max_depth': 5, 'regressor__n_estimators': 100}",-6395.038142107828,-1394.483537086828,-1557.6322350948521,-1224.0602571489128,-1403.8446703779807,-2395.0117683632807,2002.7986355454614,38
29,1.8612774848937987,0.16977470373585968,0.09433674812316895,0.016565742581381167,RandomForestRegressor(random_state=42),,5.0,250.0,,"{'regressor': RandomForestRegressor(random_state=42), 'regressor__max_depth': 5, 'regressor__n_estimators': 250}",-6430.105007335048,-1420.4596374694795,-1528.761672966602,-1204.6350379699181,-1392.6817285051568,-2395.3286168492405,2020.0881316367975,39
27,0.4006186008453369,0.018657038997787558,0.030777597427368165,0.0021300297101543944,RandomForestRegressor(random_state=42),,5.0,50.0,,"{'regressor': RandomForestRegressor(random_state=42), 'regressor__max_depth': 5, 'regressor__n_estimators': 50}",-6448.839580981248,-1410.8685011125554,-1545.594571253354,-1227.3799956513637,-1396.3859575012043,-2405.813721299945,2024.035648668574,40
26,0.09690546989440918,0.006646758572047538,0.016251802444458008,0.0025000055163339387,RandomForestRegressor(random_state=42),,5.0,10.0,,"{'regressor': RandomForestRegressor(random_state=42), 'regressor__max_depth': 5, 'regressor__n_estimators': 10}",-6504.793553706412,-1303.7210971203428,-1533.9627375796506,-1301.702332482884,-1503.8707170042442,-2429.6100875787065,2039.906849012141,41
104,0.19774703979492186,0.033731060219293243,0.01798257827758789,0.0036555522855412693,"XGBRegressor(base_score=None, booster=None, callbacks=None,
             colsample_bylevel=None, colsample_bynode=None,
             colsample_bytree=None, device=None, early_stopping_rounds=None,
             enable_categorical=False, eval_metric=None, feature_types=None,
             feature_weights=None, gamma=None, grow_policy=None,
             importance_type=None, interaction_constraints=None,
             learning_rate=None, max_bin=None, max_cat_threshold=None,
             max_cat_to_onehot=None, max_delta_step=None, max_depth=None,
             max_leaves=None, min_child_weight=None, missing=nan,
             monotone_constraints=None, multi_strategy=None, n_estimators=None,
             n_jobs=None, num_parallel_tree=None, ...)",,,50.0,0.1,"{'regressor': XGBRegressor(base_score=None, booster=None, callbacks=None,
             colsample_bylevel=None, colsample_bynode=None,
             colsample_bytree=None, device=None, early_stopping_rounds=None,
             enable_categorical=False, eval_metric=None, feature_types=None,
             feature_weights=None, gamma=None, grow_policy=None,
             importance_type=None, interaction_constraints=None,
             learning_rate=None, max_bin=None, max_cat_threshold=None,
             max_cat_to_onehot=None, max_delta_step=None, max_depth=None,
             max_leaves=None, min_child_weight=None, missing=nan,
             monotone_constraints=None, multi_strategy=None, n_estimators=None,
             n_jobs=None, num_parallel_tree=None, ...), 'regressor__learning_rate': 0.1, 'regressor__n_estimators': 50}",-6388.20263671875,-1361.5206298828125,-1939.65869140625,-1144.8465576171875,-1374.7314453125,-2441.7919921875,1990.676604282504,42
100,1.513178300857544,0.25380369882780607,0.02159771919250488,0.006807167307397669,"XGBRegressor(base_score=None, booster=None, callbacks=None,
             colsample_bylevel=None, colsample_bynode=None,
             colsample_bytree=None, device=None, early_stopping_rounds=None,
             enable_categorical=False, eval_metric=None, feature_types=None,
             feature_weights=None, gamma=None, grow_policy=None,
             importance_type=None, interaction_constraints=None,
             learning_rate=None, max_bin=None, max_cat_threshold=None,
             max_cat_to_onehot=None, max_delta_step=None, max_depth=None,
             max_leaves=None, min_child_weight=None, missing=nan,
             monotone_constraints=None, multi_strategy=None, n_estimators=None,
             n_jobs=None, num_parallel_tree=None, ...)",,,500.0,0.01,"{'regressor': XGBRegressor(base_score=None, booster=None, callbacks=None,
             colsample_bylevel=None, colsample_bynode=None,
             colsample_bytree=None, device=None, early_stopping_rounds=None,
             enable_categorical=False, eval_metric=None, feature_types=None,
             feature_weights=None, gamma=None, grow_policy=None,
             importance_type=None, interaction_constraints=None,
             learning_rate=None, max_bin=None, max_cat_threshold=None,
             max_cat_to_onehot=None, max_delta_step=None, max_depth=None,
             max_leaves=None, min_child_weight=None, missing=nan,
             monotone_constraints=None, multi_strategy=None, n_estimators=None,
             n_jobs=None, num_parallel_tree=None, ...), 'regressor__learning_rate': 0.01, 'regressor__n_estimators': 500}",-6501.80078125,-1241.1710205078125,-1969.5880126953125,-1176.9715576171875,-1359.7784423828125,-2449.861962890625,2045.4015309802578,43
73,5.032052516937256,0.19672514838233196,0.014594602584838866,0.00222229869027269,GradientBoostingRegressor(random_state=42),,,1000.0,0.5,"{'regressor': GradientBoostingRegressor(random_state=42), 'regressor__learning_rate': 0.5, 'regressor__n_estimators': 1000}",-5642.379657673525,-1288.4818843617359,-2347.8842571916766,-1425.0052065245775,-1570.8269036669387,-2454.9155818836907,1635.4986201066758,44
72,2.4087260723114015,0.1958394524222468,0.014331531524658204,0.005683703401982077,GradientBoostingRegressor(random_state=42),,,500.0,0.5,"{'regressor': GradientBoostingRegressor(random_state=42), 'regressor__learning_rate': 0.5, 'regressor__n_estimators': 500}",-5642.734388099276,-1288.509196065569,-2347.875560093894,-1424.7691413997386,-1570.9240222976828,-2454.9624615912317,1635.6523420138117,45
71,1.2133938312530517,0.0830707260036523,0.012847709655761718,0.002449197664464618,GradientBoostingRegressor(random_state=42),,,250.0,0.5,"{'regressor': GradientBoostingRegressor(random_state=42), 'regressor__learning_rate': 0.5, 'regressor__n_estimators': 250}",-5654.425048880181,-1290.1684469491568,-2351.220116773927,-1424.6088568417176,-1570.9933141266372,-2458.283156714324,1639.9416628359063,46
70,0.5047027111053467,0.02035224229746898,0.011120128631591796,0.003381351492489909,GradientBoostingRegressor(random_state=42),,,100.0,0.5,"{'regressor': GradientBoostingRegressor(random_state=42), 'regressor__learning_rate': 0.5, 'regressor__n_estimators': 100}",-5717.148868918692,-1355.0295303381479,-2339.7412433816357,-1412.493658631045,-1568.1319414860618,-2478.5090485511164,1657.4333112545253,47
69,0.3329955577850342,0.03688924472150093,0.01201944351196289,0.0008088069146961801,GradientBoostingRegressor(random_state=42),,,50.0,0.5,"{'regressor': GradientBoostingRegressor(random_state=42), 'regressor__learning_rate': 0.5, 'regressor__n_estimators': 50}",-5790.539857128942,-1412.7845959395402,-2401.0303515965306,-1431.193609772639,-1567.4428425834506,-2520.5982514042203,1675.074529047632,48
119,0.27529382705688477,0.024508641209417054,0.013773012161254882,0.0016762147935428077,"XGBRegressor(base_score=None, booster=None, callbacks=None,
             colsample_bylevel=None, colsample_bynode=None,
             colsample_bytree=None, device=None, early_stopping_rounds=None,
             enable_categorical=False, eval_metric=None, feature_types=None,
             feature_weights=None, gamma=None, grow_policy=None,
             importance_type=None, interaction_constraints=None,
             learning_rate=None, max_bin=None, max_cat_threshold=None,
             max_cat_to_onehot=None, max_delta_step=None, max_depth=None,
             max_leaves=None, min_child_weight=None, missing=nan,
             monotone_constraints=None, multi_strategy=None, n_estimators=None,
             n_jobs=None, num_parallel_tree=None, ...)",,,100.0,0.5,"{'regressor': XGBRegressor(base_score=None, booster=None, callbacks=None,
             colsample_bylevel=None, colsample_bynode=None,
             colsample_bytree=None, device=None, early_stopping_rounds=None,
             enable_categorical=False, eval_metric=None, feature_types=None,
             feature_weights=None, gamma=None, grow_policy=None,
             importance_type=None, interaction_constraints=None,
             learning_rate=None, max_bin=None, max_cat_threshold=None,
             max_cat_to_onehot=None, max_delta_step=None, max_depth=None,
             max_leaves=None, min_child_weight=None, missing=nan,
             monotone_constraints=None, multi_strategy=None, n_estimators=None,
             n_jobs=None, num_parallel_tree=None, ...), 'regressor__learning_rate': 0.5, 'regressor__n_estimators': 100}",-5952.63134765625,-1920.1080322265625,-2132.92822265625,-1239.2645263671875,-1389.8876953125,-2526.96396484375,1744.1242841795038,49
122,2.5432464599609377,0.27603990256930117,0.026772451400756837,0.0014575860678464258,"XGBRegressor(base_score=None, booster=None, callbacks=None,
             colsample_bylevel=None, colsample_bynode=None,
             colsample_bytree=None, device=None, early_stopping_rounds=None,
             enable_categorical=False, eval_metric=None, feature_types=None,
             feature_weights=None, gamma=None, grow_policy=None,
             importance_type=None, interaction_constraints=None,
             learning_rate=None, max_bin=None, max_cat_threshold=None,
             max_cat_to_onehot=None, max_delta_step=None, max_depth=None,
             max_leaves=None, min_child_weight=None, missing=nan,
             monotone_constraints=None, multi_strategy=None, n_estimators=None,
             n_jobs=None, num_parallel_tree=None, ...)",,,1000.0,0.5,"{'regressor': XGBRegressor(base_score=None, booster=None, callbacks=None,
             colsample_bylevel=None, colsample_bynode=None,
             colsample_bytree=None, device=None, early_stopping_rounds=None,
             enable_categorical=False, eval_metric=None, feature_types=None,
             feature_weights=None, gamma=None, grow_policy=None,
             importance_type=None, interaction_constraints=None,
             learning_rate=None, max_bin=None, max_cat_threshold=None,
             max_cat_to_onehot=None, max_delta_step=None, max_depth=None,
             max_leaves=None, min_child_weight=None, missing=nan,
             monotone_constraints=None, multi_strategy=None, n_estimators=None,
             n_jobs=None, num_parallel_tree=None, ...), 'regressor__learning_rate': 0.5, 'regressor__n_estimators': 1000}",-5954.57275390625,-1918.18603515625,-2134.117431640625,-1240.285400390625,-1393.256103515625,-2528.083544921875,1744.3778233482217,50
121,1.100464677810669,0.2118545980094303,0.0183687686920166,0.001365584077911236,"XGBRegressor(base_score=None, booster=None, callbacks=None,
             colsample_bylevel=None, colsample_bynode=None,
             colsample_bytree=None, device=None, early_stopping_rounds=None,
             enable_categorical=False, eval_metric=None, feature_types=None,
             feature_weights=None, gamma=None, grow_policy=None,
             importance_type=None, interaction_constraints=None,
             learning_rate=None, max_bin=None, max_cat_threshold=None,
             max_cat_to_onehot=None, max_delta_step=None, max_depth=None,
             max_leaves=None, min_child_weight=None, missing=nan,
             monotone_constraints=None, multi_strategy=None, n_estimators=None,
             n_jobs=None, num_parallel_tree=None, ...)",,,500.0,0.5,"{'regressor': XGBRegressor(base_score=None, booster=None, callbacks=None,
             colsample_bylevel=None, colsample_bynode=None,
             colsample_bytree=None, device=None, early_stopping_rounds=None,
             enable_categorical=False, eval_metric=None, feature_types=None,
             feature_weights=None, gamma=None, grow_policy=None,
             importance_type=None, interaction_constraints=None,
             learning_rate=None, max_bin=None, max_cat_threshold=None,
             max_cat_to_onehot=None, max_delta_step=None, max_depth=None,
             max_leaves=None, min_child_weight=None, missing=nan,
             monotone_constraints=None, multi_strategy=None, n_estimators=None,
             n_jobs=None, num_parallel_tree=None, ...), 'regressor__learning_rate': 0.5, 'regressor__n_estimators': 500}",-5954.57421875,-1918.18603515625,-2134.117431640625,-1240.285400390625,-1393.256103515625,-2528.083837890625,1744.3783988280595,51
120,0.5351134300231933,0.1344439595059964,0.012879037857055664,0.0034239797968276166,"XGBRegressor(base_score=None, booster=None, callbacks=None,
             colsample_bylevel=None, colsample_bynode=None,
             colsample_bytree=None, device=None, early_stopping_rounds=None,
             enable_categorical=False, eval_metric=None, feature_types=None,
             feature_weights=None, gamma=None, grow_policy=None,
             importance_type=None, interaction_constraints=None,
             learning_rate=None, max_bin=None, max_cat_threshold=None,
             max_cat_to_onehot=None, max_delta_step=None, max_depth=None,
             max_leaves=None, min_child_weight=None, missing=nan,
             monotone_constraints=None, multi_strategy=None, n_estimators=None,
             n_jobs=None, num_parallel_tree=None, ...)",,,250.0,0.5,"{'regressor': XGBRegressor(base_score=None, booster=None, callbacks=None,
             colsample_bylevel=None, colsample_bynode=None,
             colsample_bytree=None, device=None, early_stopping_rounds=None,
             enable_categorical=False, eval_metric=None, feature_types=None,
             feature_weights=None, gamma=None, grow_policy=None,
             importance_type=None, interaction_constraints=None,
             learning_rate=None, max_bin=None, max_cat_threshold=None,
             max_cat_to_onehot=None, max_delta_step=None, max_depth=None,
             max_leaves=None, min_child_weight=None, missing=nan,
             monotone_constraints=None, multi_strategy=None, n_estimators=None,
             n_jobs=None, num_parallel_tree=None, ...), 'regressor__learning_rate': 0.5, 'regressor__n_estimators': 250}",-5954.55322265625,-1918.1826171875,-2134.15185546875,-1240.282470703125,-1393.2574462890625,-2528.0855224609377,1744.3690923034228,52
118,0.1552816390991211,0.012649412566351947,0.013757133483886718,0.0010721886566950212,"XGBRegressor(base_score=None, booster=None, callbacks=None,
             colsample_bylevel=None, colsample_bynode=None,
             colsample_bytree=None, device=None, early_stopping_rounds=None,
             enable_categorical=False, eval_metric=None, feature_types=None,
             feature_weights=None, gamma=None, grow_policy=None,
             importance_type=None, interaction_constraints=None,
             learning_rate=None, max_bin=None, max_cat_threshold=None,
             max_cat_to_onehot=None, max_delta_step=None, max_depth=None,
             max_leaves=None, min_child_weight=None, missing=nan,
             monotone_constraints=None, multi_strategy=None, n_estimators=None,
             n_jobs=None, num_parallel_tree=None, ...)",,,50.0,0.5,"{'regressor': XGBRegressor(base_score=None, booster=None, callbacks=None,
             colsample_bylevel=None, colsample_bynode=None,
             colsample_bytree=None, device=None, early_stopping_rounds=None,
             enable_categorical=False, eval_metric=None, feature_types=None,
             feature_weights=None, gamma=None, grow_policy=None,
             importance_type=None, interaction_constraints=None,
             learning_rate=None, max_bin=None, max_cat_threshold=None,
             max_cat_to_onehot=None, max_delta_step=None, max_depth=None,
             max_leaves=None, min_child_weight=None, missing=nan,
             monotone_constraints=None, multi_strategy=None, n_estimators=None,
             n_jobs=None, num_parallel_tree=None, ...), 'regressor__learning_rate': 0.5, 'regressor__n_estimators': 50}",-5956.3564453125,-1962.259521484375,-2118.48876953125,-1232.586669921875,-1384.315673828125,-2530.801416015625,1745.133802723661,53
124,0.05461020469665527,0.0012496244738384058,0.012638616561889648,0.0007522348726475836,"XGBRegressor(base_score=None, booster=None, callbacks=None,
             colsample_bylevel=None, colsample_bynode=None,
             colsample_bytree=None, device=None, early_stopping_rounds=None,
             enable_categorical=False, eval_metric=None, feature_types=None,
             feature_weights=None, gamma=None, grow_policy=None,
             importance_type=None, interaction_constraints=None,
             learning_rate=None, max_bin=None, max_cat_threshold=None,
             max_cat_to_onehot=None, max_delta_step=None, max_depth=None,
             max_leaves=None, min_child_weight=None, missing=nan,
             monotone_constraints=None, multi_strategy=None, n_estimators=None,
             n_jobs=None, num_parallel_tree=None, ...)",,,10.0,0.8,"{'regressor': XGBRegressor(base_score=None, booster=None, callbacks=None,
             colsample_bylevel=None, colsample_bynode=None,
             colsample_bytree=None, device=None, early_stopping_rounds=None,
             enable_categorical=False, eval_metric=None, feature_types=None,
             feature_weights=None, gamma=None, grow_policy=None,
             importance_type=None, interaction_constraints=None,
             learning_rate=None, max_bin=None, max_cat_threshold=None,
             max_cat_to_onehot=None, max_delta_step=None, max_depth=None,
             max_leaves=None, min_child_weight=None, missing=nan,
             monotone_constraints=None, multi_strategy=None, n_estimators=None,
             n_jobs=None, num_parallel_tree=None, ...), 'regressor__learning_rate': 0.8, 'regressor__n_estimators': 10}",-6031.76171875,-1343.0518798828125,-2299.814208984375,-1376.2154541015625,-1679.074462890625,-2545.983544921875,1776.4111096621616,54
125,0.1653285026550293,0.007106932533776218,0.013437795639038085,0.001083749073214987,"XGBRegressor(base_score=None, booster=None, callbacks=None,
             colsample_bylevel=None, colsample_bynode=None,
             colsample_bytree=None, device=None, early_stopping_rounds=None,
             enable_categorical=False, eval_metric=None, feature_types=None,
             feature_weights=None, gamma=None, grow_policy=None,
             importance_type=None, interaction_constraints=None,
             learning_rate=None, max_bin=None, max_cat_threshold=None,
             max_cat_to_onehot=None, max_delta_step=None, max_depth=None,
             max_leaves=None, min_child_weight=None, missing=nan,
             monotone_constraints=None, multi_strategy=None, n_estimators=None,
             n_jobs=None, num_parallel_tree=None, ...)",,,50.0,0.8,"{'regressor': XGBRegressor(base_score=None, booster=None, callbacks=None,
             colsample_bylevel=None, colsample_bynode=None,
             colsample_bytree=None, device=None, early_stopping_rounds=None,
             enable_categorical=False, eval_metric=None, feature_types=None,
             feature_weights=None, gamma=None, grow_policy=None,
             importance_type=None, interaction_constraints=None,
             learning_rate=None, max_bin=None, max_cat_threshold=None,
             max_cat_to_onehot=None, max_delta_step=None, max_depth=None,
             max_leaves=None, min_child_weight=None, missing=nan,
             monotone_constraints=None, multi_strategy=None, n_estimators=None,
             n_jobs=None, num_parallel_tree=None, ...), 'regressor__learning_rate': 0.8, 'regressor__n_estimators': 50}",-6028.7685546875,-1265.31298828125,-2388.534423828125,-1354.866943359375,-1697.6407470703125,-2547.0247314453127,1785.1127452049118,55
126,0.3019688129425049,0.01143119635421145,0.014809036254882812,0.001748842773883293,"XGBRegressor(base_score=None, booster=None, callbacks=None,
             colsample_bylevel=None, colsample_bynode=None,
             colsample_bytree=None, device=None, early_stopping_rounds=None,
             enable_categorical=False, eval_metric=None, feature_types=None,
             feature_weights=None, gamma=None, grow_policy=None,
             importance_type=None, interaction_constraints=None,
             learning_rate=None, max_bin=None, max_cat_threshold=None,
             max_cat_to_onehot=None, max_delta_step=None, max_depth=None,
             max_leaves=None, min_child_weight=None, missing=nan,
             monotone_constraints=None, multi_strategy=None, n_estimators=None,
             n_jobs=None, num_parallel_tree=None, ...)",,,100.0,0.8,"{'regressor': XGBRegressor(base_score=None, booster=None, callbacks=None,
             colsample_bylevel=None, colsample_bynode=None,
             colsample_bytree=None, device=None, early_stopping_rounds=None,
             enable_categorical=False, eval_metric=None, feature_types=None,
             feature_weights=None, gamma=None, grow_policy=None,
             importance_type=None, interaction_constraints=None,
             learning_rate=None, max_bin=None, max_cat_threshold=None,
             max_cat_to_onehot=None, max_delta_step=None, max_depth=None,
             max_leaves=None, min_child_weight=None, missing=nan,
             monotone_constraints=None, multi_strategy=None, n_estimators=None,
             n_jobs=None, num_parallel_tree=None, ...), 'regressor__learning_rate': 0.8, 'regressor__n_estimators': 100}",-6034.1142578125,-1274.4295654296875,-2390.521484375,-1355.3201904296875,-1698.4500732421875,-2550.5671142578126,1785.71895935791,56
127,0.6986024856567383,0.021933123706198765,0.01506805419921875,0.001781442033781873,"XGBRegressor(base_score=None, booster=None, callbacks=None,
             colsample_bylevel=None, colsample_bynode=None,
             colsample_bytree=None, device=None, early_stopping_rounds=None,
             enable_categorical=False, eval_metric=None, feature_types=None,
             feature_weights=None, gamma=None, grow_policy=None,
             importance_type=None, interaction_constraints=None,
             learning_rate=None, max_bin=None, max_cat_threshold=None,
             max_cat_to_onehot=None, max_delta_step=None, max_depth=None,
             max_leaves=None, min_child_weight=None, missing=nan,
             monotone_constraints=None, multi_strategy=None, n_estimators=None,
             n_jobs=None, num_parallel_tree=None, ...)",,,250.0,0.8,"{'regressor': XGBRegressor(base_score=None, booster=None, callbacks=None,
             colsample_bylevel=None, colsample_bynode=None,
             colsample_bytree=None, device=None, early_stopping_rounds=None,
             enable_categorical=False, eval_metric=None, feature_types=None,
             feature_weights=None, gamma=None, grow_policy=None,
             importance_type=None, interaction_constraints=None,
             learning_rate=None, max_bin=None, max_cat_threshold=None,
             max_cat_to_onehot=None, max_delta_step=None, max_depth=None,
             max_leaves=None, min_child_weight=None, missing=nan,
             monotone_constraints=None, multi_strategy=None, n_estimators=None,
             n_jobs=None, num_parallel_tree=None, ...), 'regressor__learning_rate': 0.8, 'regressor__n_estimators': 250}",-6034.5146484375,-1274.4998779296875,-2391.108642578125,-1354.9580078125,-1698.274658203125,-2550.6711669921874,1785.9198486306757,57
128,1.394430160522461,0.10889982801553347,0.0217409610748291,0.0024657325591436567,"XGBRegressor(base_score=None, booster=None, callbacks=None,
             colsample_bylevel=None, colsample_bynode=None,
             colsample_bytree=None, device=None, early_stopping_rounds=None,
             enable_categorical=False, eval_metric=None, feature_types=None,
             feature_weights=None, gamma=None, grow_policy=None,
             importance_type=None, interaction_constraints=None,
             learning_rate=None, max_bin=None, max_cat_threshold=None,
             max_cat_to_onehot=None, max_delta_step=None, max_depth=None,
             max_leaves=None, min_child_weight=None, missing=nan,
             monotone_constraints=None, multi_strategy=None, n_estimators=None,
             n_jobs=None, num_parallel_tree=None, ...)",,,500.0,0.8,"{'regressor': XGBRegressor(base_score=None, booster=None, callbacks=None,
             colsample_bylevel=None, colsample_bynode=None,
             colsample_bytree=None, device=None, early_stopping_rounds=None,
             enable_categorical=False, eval_metric=None, feature_types=None,
             feature_weights=None, gamma=None, grow_policy=None,
             importance_type=None, interaction_constraints=None,
             learning_rate=None, max_bin=None, max_cat_threshold=None,
             max_cat_to_onehot=None, max_delta_step=None, max_depth=None,
             max_leaves=None, min_child_weight=None, missing=nan,
             monotone_constraints=None, multi_strategy=None, n_estimators=None,
             n_jobs=None, num_parallel_tree=None, ...), 'regressor__learning_rate': 0.8, 'regressor__n_estimators': 500}",-6034.5146484375,-1274.4998779296875,-2391.108642578125,-1354.9580078125,-1698.274658203125,-2550.6711669921874,1785.9198486306757,57
129,2.801474142074585,0.24373860528073366,0.026068830490112306,0.0009943660839628696,"XGBRegressor(base_score=None, booster=None, callbacks=None,
             colsample_bylevel=None, colsample_bynode=None,
             colsample_bytree=None, device=None, early_stopping_rounds=None,
             enable_categorical=False, eval_metric=None, feature_types=None,
             feature_weights=None, gamma=None, grow_policy=None,
             importance_type=None, interaction_constraints=None,
             learning_rate=None, max_bin=None, max_cat_threshold=None,
             max_cat_to_onehot=None, max_delta_step=None, max_depth=None,
             max_leaves=None, min_child_weight=None, missing=nan,
             monotone_constraints=None, multi_strategy=None, n_estimators=None,
             n_jobs=None, num_parallel_tree=None, ...)",,,1000.0,0.8,"{'regressor': XGBRegressor(base_score=None, booster=None, callbacks=None,
             colsample_bylevel=None, colsample_bynode=None,
             colsample_bytree=None, device=None, early_stopping_rounds=None,
             enable_categorical=False, eval_metric=None, feature_types=None,
             feature_weights=None, gamma=None, grow_policy=None,
             importance_type=None, interaction_constraints=None,
             learning_rate=None, max_bin=None, max_cat_threshold=None,
             max_cat_to_onehot=None, max_delta_step=None, max_depth=None,
             max_leaves=None, min_child_weight=None, missing=nan,
             monotone_constraints=None, multi_strategy=None, n_estimators=None,
             n_jobs=None, num_parallel_tree=None, ...), 'regressor__learning_rate': 0.8, 'regressor__n_estimators': 1000}",-6034.5146484375,-1274.4998779296875,-2391.108642578125,-1354.9580078125,-1698.274658203125,-2550.6711669921874,1785.9198486306757,57
10,0.02804875373840332,0.0035752346962769936,0.010742855072021485,0.0018842167144076758,DecisionTreeRegressor(random_state=42),,10.0,,,"{'regressor': DecisionTreeRegressor(random_state=42), 'regressor__max_depth': 10}",-5841.938894338813,-1378.6873396424446,-2321.2601780324676,-1383.1297803669581,-2123.7369700490076,-2609.7506324859382,1660.5175415083934,60
117,0.04722580909729004,0.006034777622161706,0.011353063583374023,0.0016404227595966676,"XGBRegressor(base_score=None, booster=None, callbacks=None,
             colsample_bylevel=None, colsample_bynode=None,
             colsample_bytree=None, device=None, early_stopping_rounds=None,
             enable_categorical=False, eval_metric=None, feature_types=None,
             feature_weights=None, gamma=None, grow_policy=None,
             importance_type=None, interaction_constraints=None,
             learning_rate=None, max_bin=None, max_cat_threshold=None,
             max_cat_to_onehot=None, max_delta_step=None, max_depth=None,
             max_leaves=None, min_child_weight=None, missing=nan,
             monotone_constraints=None, multi_strategy=None, n_estimators=None,
             n_jobs=None, num_parallel_tree=None, ...)",,,10.0,0.5,"{'regressor': XGBRegressor(base_score=None, booster=None, callbacks=None,
             colsample_bylevel=None, colsample_bynode=None,
             colsample_bytree=None, device=None, early_stopping_rounds=None,
             enable_categorical=False, eval_metric=None, feature_types=None,
             feature_weights=None, gamma=None, grow_policy=None,
             importance_type=None, interaction_constraints=None,
             learning_rate=None, max_bin=None, max_cat_threshold=None,
             max_cat_to_onehot=None, max_delta_step=None, max_depth=None,
             max_leaves=None, min_child_weight=None, missing=nan,
             monotone_constraints=None, multi_strategy=None, n_estimators=None,
             n_jobs=None, num_parallel_tree=None, ...), 'regressor__learning_rate': 0.5, 'regressor__n_estimators': 10}",-6051.8388671875,-2185.987548828125,-2103.71875,-1342.760498046875,-1422.125244140625,-2621.286181640625,1749.209395811212,61
32,0.030751752853393554,0.0036943646274090226,0.013721513748168945,0.0016911859430131329,RandomForestRegressor(random_state=42),,10.0,1.0,,"{'regressor': RandomForestRegressor(random_state=42), 'regressor__max_depth': 10, 'regressor__n_estimators': 1}",-5797.061102133041,-1453.4071187451727,-2395.5658850686737,-1635.8556181097658,-2085.80068782145,-2673.5380823756204,1596.5340151366715,62
68,0.09485712051391601,0.022331699311118364,0.01340346336364746,0.0034292617231230335,GradientBoostingRegressor(random_state=42),,,10.0,0.5,"{'regressor': GradientBoostingRegressor(random_state=42), 'regressor__learning_rate': 0.5, 'regressor__n_estimators': 10}",-6420.15400069044,-1596.3850856264314,-2413.801711314565,-1787.2733338889177,-1678.416966956493,-2779.2062196953693,1843.0819223663282,63
132,0.16422123908996583,0.004457849608936327,0.013473939895629884,0.00045565620223478206,"XGBRegressor(base_score=None, booster=None, callbacks=None,
             colsample_bylevel=None, colsample_bynode=None,
             colsample_bytree=None, device=None, early_stopping_rounds=None,
             enable_categorical=False, eval_metric=None, feature_types=None,
             feature_weights=None, gamma=None, grow_policy=None,
             importance_type=None, interaction_constraints=None,
             learning_rate=None, max_bin=None, max_cat_threshold=None,
             max_cat_to_onehot=None, max_delta_step=None, max_depth=None,
             max_leaves=None, min_child_weight=None, missing=nan,
             monotone_constraints=None, multi_strategy=None, n_estimators=None,
             n_jobs=None, num_parallel_tree=None, ...)",,,50.0,1.0,"{'regressor': XGBRegressor(base_score=None, booster=None, callbacks=None,
             colsample_bylevel=None, colsample_bynode=None,
             colsample_bytree=None, device=None, early_stopping_rounds=None,
             enable_categorical=False, eval_metric=None, feature_types=None,
             feature_weights=None, gamma=None, grow_policy=None,
             importance_type=None, interaction_constraints=None,
             learning_rate=None, max_bin=None, max_cat_threshold=None,
             max_cat_to_onehot=None, max_delta_step=None, max_depth=None,
             max_leaves=None, min_child_weight=None, missing=nan,
             monotone_constraints=None, multi_strategy=None, n_estimators=None,
             n_jobs=None, num_parallel_tree=None, ...), 'regressor__learning_rate': 1, 'regressor__n_estimators': 50}",-5920.24951171875,-1635.2021484375,-2668.792236328125,-1499.7191162109375,-2256.947509765625,-2796.1821044921876,1618.3627547555564,64
136,1.9138266086578368,0.3137785600457503,0.02026991844177246,0.004120632283245818,"XGBRegressor(base_score=None, booster=None, callbacks=None,
             colsample_bylevel=None, colsample_bynode=None,
             colsample_bytree=None, device=None, early_stopping_rounds=None,
             enable_categorical=False, eval_metric=None, feature_types=None,
             feature_weights=None, gamma=None, grow_policy=None,
             importance_type=None, interaction_constraints=None,
             learning_rate=None, max_bin=None, max_cat_threshold=None,
             max_cat_to_onehot=None, max_delta_step=None, max_depth=None,
             max_leaves=None, min_child_weight=None, missing=nan,
             monotone_constraints=None, multi_strategy=None, n_estimators=None,
             n_jobs=None, num_parallel_tree=None, ...)",,,1000.0,1.0,"{'regressor': XGBRegressor(base_score=None, booster=None, callbacks=None,
             colsample_bylevel=None, colsample_bynode=None,
             colsample_bytree=None, device=None, early_stopping_rounds=None,
             enable_categorical=False, eval_metric=None, feature_types=None,
             feature_weights=None, gamma=None, grow_policy=None,
             importance_type=None, interaction_constraints=None,
             learning_rate=None, max_bin=None, max_cat_threshold=None,
             max_cat_to_onehot=None, max_delta_step=None, max_depth=None,
             max_leaves=None, min_child_weight=None, missing=nan,
             monotone_constraints=None, multi_strategy=None, n_estimators=None,
             n_jobs=None, num_parallel_tree=None, ...), 'regressor__learning_rate': 1, 'regressor__n_estimators': 1000}",-5922.70849609375,-1638.3211669921875,-2667.488525390625,-1500.43896484375,-2255.261962890625,-2796.8438232421877,1618.8831927874946,65
135,1.2805188179016114,0.1625918908621181,0.019272041320800782,0.0003883152726114701,"XGBRegressor(base_score=None, booster=None, callbacks=None,
             colsample_bylevel=None, colsample_bynode=None,
             colsample_bytree=None, device=None, early_stopping_rounds=None,
             enable_categorical=False, eval_metric=None, feature_types=None,
             feature_weights=None, gamma=None, grow_policy=None,
             importance_type=None, interaction_constraints=None,
             learning_rate=None, max_bin=None, max_cat_threshold=None,
             max_cat_to_onehot=None, max_delta_step=None, max_depth=None,
             max_leaves=None, min_child_weight=None, missing=nan,
             monotone_constraints=None, multi_strategy=None, n_estimators=None,
             n_jobs=None, num_parallel_tree=None, ...)",,,500.0,1.0,"{'regressor': XGBRegressor(base_score=None, booster=None, callbacks=None,
             colsample_bylevel=None, colsample_bynode=None,
             colsample_bytree=None, device=None, early_stopping_rounds=None,
             enable_categorical=False, eval_metric=None, feature_types=None,
             feature_weights=None, gamma=None, grow_policy=None,
             importance_type=None, interaction_constraints=None,
             learning_rate=None, max_bin=None, max_cat_threshold=None,
             max_cat_to_onehot=None, max_delta_step=None, max_depth=None,
             max_leaves=None, min_child_weight=None, missing=nan,
             monotone_constraints=None, multi_strategy=None, n_estimators=None,
             n_jobs=None, num_parallel_tree=None, ...), 'regressor__learning_rate': 1, 'regressor__n_estimators': 500}",-5922.70947265625,-1638.3211669921875,-2667.488525390625,-1500.43896484375,-2255.261962890625,-2796.8440185546874,1618.883569911954,66
134,0.6825491905212402,0.025066310212309185,0.015923547744750976,0.0006586930435917545,"XGBRegressor(base_score=None, booster=None, callbacks=None,
             colsample_bylevel=None, colsample_bynode=None,
             colsample_bytree=None, device=None, early_stopping_rounds=None,
             enable_categorical=False, eval_metric=None, feature_types=None,
             feature_weights=None, gamma=None, grow_policy=None,
             importance_type=None, interaction_constraints=None,
             learning_rate=None, max_bin=None, max_cat_threshold=None,
             max_cat_to_onehot=None, max_delta_step=None, max_depth=None,
             max_leaves=None, min_child_weight=None, missing=nan,
             monotone_constraints=None, multi_strategy=None, n_estimators=None,
             n_jobs=None, num_parallel_tree=None, ...)",,,250.0,1.0,"{'regressor': XGBRegressor(base_score=None, booster=None, callbacks=None,
             colsample_bylevel=None, colsample_bynode=None,
             colsample_bytree=None, device=None, early_stopping_rounds=None,
             enable_categorical=False, eval_metric=None, feature_types=None,
             feature_weights=None, gamma=None, grow_policy=None,
             importance_type=None, interaction_constraints=None,
             learning_rate=None, max_bin=None, max_cat_threshold=None,
             max_cat_to_onehot=None, max_delta_step=None, max_depth=None,
             max_leaves=None, min_child_weight=None, missing=nan,
             monotone_constraints=None, multi_strategy=None, n_estimators=None,
             n_jobs=None, num_parallel_tree=None, ...), 'regressor__learning_rate': 1, 'regressor__n_estimators': 250}",-5922.7099609375,-1638.3211669921875,-2667.488525390625,-1500.43896484375,-2255.261962890625,-2796.8441162109375,1618.8837584741862,67
133,0.2989176273345947,0.009402506827435176,0.01369333267211914,0.0005428634506434734,"XGBRegressor(base_score=None, booster=None, callbacks=None,
             colsample_bylevel=None, colsample_bynode=None,
             colsample_bytree=None, device=None, early_stopping_rounds=None,
             enable_categorical=False, eval_metric=None, feature_types=None,
             feature_weights=None, gamma=None, grow_policy=None,
             importance_type=None, interaction_constraints=None,
             learning_rate=None, max_bin=None, max_cat_threshold=None,
             max_cat_to_onehot=None, max_delta_step=None, max_depth=None,
             max_leaves=None, min_child_weight=None, missing=nan,
             monotone_constraints=None, multi_strategy=None, n_estimators=None,
             n_jobs=None, num_parallel_tree=None, ...)",,,100.0,1.0,"{'regressor': XGBRegressor(base_score=None, booster=None, callbacks=None,
             colsample_bylevel=None, colsample_bynode=None,
             colsample_bytree=None, device=None, early_stopping_rounds=None,
             enable_categorical=False, eval_metric=None, feature_types=None,
             feature_weights=None, gamma=None, grow_policy=None,
             importance_type=None, interaction_constraints=None,
             learning_rate=None, max_bin=None, max_cat_threshold=None,
             max_cat_to_onehot=None, max_delta_step=None, max_depth=None,
             max_leaves=None, min_child_weight=None, missing=nan,
             monotone_constraints=None, multi_strategy=None, n_estimators=None,
             n_jobs=None, num_parallel_tree=None, ...), 'regressor__learning_rate': 1, 'regressor__n_estimators': 100}",-5922.69482421875,-1638.3388671875,-2667.55810546875,-1500.4586181640625,-2255.3017578125,-2796.8704345703127,1618.8684576187243,68
131,0.05423450469970703,0.00223991616077723,0.01297445297241211,0.0008928402827970016,"XGBRegressor(base_score=None, booster=None, callbacks=None,
             colsample_bylevel=None, colsample_bynode=None,
             colsample_bytree=None, device=None, early_stopping_rounds=None,
             enable_categorical=False, eval_metric=None, feature_types=None,
             feature_weights=None, gamma=None, grow_policy=None,
             importance_type=None, interaction_constraints=None,
             learning_rate=None, max_bin=None, max_cat_threshold=None,
             max_cat_to_onehot=None, max_delta_step=None, max_depth=None,
             max_leaves=None, min_child_weight=None, missing=nan,
             monotone_constraints=None, multi_strategy=None, n_estimators=None,
             n_jobs=None, num_parallel_tree=None, ...)",,,10.0,1.0,"{'regressor': XGBRegressor(base_score=None, booster=None, callbacks=None,
             colsample_bylevel=None, colsample_bynode=None,
             colsample_bytree=None, device=None, early_stopping_rounds=None,
             enable_categorical=False, eval_metric=None, feature_types=None,
             feature_weights=None, gamma=None, grow_policy=None,
             importance_type=None, interaction_constraints=None,
             learning_rate=None, max_bin=None, max_cat_threshold=None,
             max_cat_to_onehot=None, max_delta_step=None, max_depth=None,
             max_leaves=None, min_child_weight=None, missing=nan,
             monotone_constraints=None, multi_strategy=None, n_estimators=None,
             n_jobs=None, num_parallel_tree=None, ...), 'regressor__learning_rate': 1, 'regressor__n_estimators': 10}",-5888.78466796875,-1657.2562255859375,-2684.520263671875,-1490.746826171875,-2275.022705078125,-2799.2661376953124,1603.0927589591581,69
25,0.026794052124023436,0.0038984626575423644,0.01377696990966797,0.0021593861163598147,RandomForestRegressor(random_state=42),,5.0,1.0,,"{'regressor': RandomForestRegressor(random_state=42), 'regressor__max_depth': 5, 'regressor__n_estimators': 1}",-5819.788325000094,-1893.8564064996115,-2363.993153839556,-2041.6398296117982,-2043.5725885255633,-2832.5700606953246,1501.4864796154577,70
9,0.033377647399902344,0.009584341707135846,0.014394855499267578,0.0019835364709957066,DecisionTreeRegressor(random_state=42),,5.0,,,"{'regressor': DecisionTreeRegressor(random_state=42), 'regressor__max_depth': 5}",-6610.016706911174,-2221.155332501781,-2195.6179325273442,-1783.4589924886586,-1728.490001590112,-2907.7477932038137,1862.2570983330409,71
80,4.835927248001099,0.4995790058956961,0.019589328765869142,0.00790935419716588,GradientBoostingRegressor(random_state=42),,,1000.0,0.8,"{'regressor': GradientBoostingRegressor(random_state=42), 'regressor__learning_rate': 0.8, 'regressor__n_estimators': 1000}",-6243.3462710853255,-1717.1277380687727,-3335.4376569163624,-1594.9043354825822,-1754.1954641725401,-2929.0022931451167,1776.4399281886133,72
79,3.106763982772827,0.24307252364220702,0.015866756439208984,0.002277890138768785,GradientBoostingRegressor(random_state=42),,,500.0,0.8,"{'regressor': GradientBoostingRegressor(random_state=42), 'regressor__learning_rate': 0.8, 'regressor__n_estimators': 500}",-6243.442991075958,-1717.1360085065621,-3335.4233993092103,-1594.8971618376554,-1754.2093684947065,-2929.0217858448186,1776.4734764566185,73
78,1.1786008834838868,0.1055257272061867,0.012169122695922852,0.0016766075720297847,GradientBoostingRegressor(random_state=42),,,250.0,0.8,"{'regressor': GradientBoostingRegressor(random_state=42), 'regressor__learning_rate': 0.8, 'regressor__n_estimators': 250}",-6244.240562722954,-1716.3632438445584,-3336.3460404263137,-1594.5589859586557,-1754.5207213143146,-2929.2059108533595,1776.9284100252964,74
77,0.5839630603790283,0.07770262061626734,0.011205196380615234,0.0005702529845400705,GradientBoostingRegressor(random_state=42),,,100.0,0.8,"{'regressor': GradientBoostingRegressor(random_state=42), 'regressor__learning_rate': 0.8, 'regressor__n_estimators': 100}",-6264.564491052123,-1740.0726273256223,-3330.4514316170007,-1600.4541638426626,-1745.909478521254,-2936.290438471733,1781.3014058113718,75
76,0.27744426727294924,0.01610428603137878,0.011238765716552735,0.0019488188255587134,GradientBoostingRegressor(random_state=42),,,50.0,0.8,"{'regressor': GradientBoostingRegressor(random_state=42), 'regressor__learning_rate': 0.8, 'regressor__n_estimators': 50}",-6318.968268521459,-1736.1410710788746,-3303.522892412047,-1567.40459218451,-1759.653870938174,-2937.138139027013,1804.2198292021908,76
84,0.571832799911499,0.01112581654129585,0.012579774856567383,0.000536083877683001,GradientBoostingRegressor(random_state=42),,,100.0,1.0,"{'regressor': GradientBoostingRegressor(random_state=42), 'regressor__learning_rate': 1, 'regressor__n_estimators': 100}",-5633.824105103138,-1634.471642600019,-3834.6257481319653,-1905.6096543120727,-2253.1537836102016,-3052.3369867514793,1499.3379171948034,77
83,0.2832897663116455,0.007537531394771637,0.011083698272705078,0.0008720894405796163,GradientBoostingRegressor(random_state=42),,,50.0,1.0,"{'regressor': GradientBoostingRegressor(random_state=42), 'regressor__learning_rate': 1, 'regressor__n_estimators': 50}",-5722.06396963801,-1568.6722175515679,-3856.559584071328,-1864.2310754927325,-2255.0943872752714,-3053.324246805782,1550.655593091697,78
85,1.4952579021453858,0.276287462533053,0.016755056381225587,0.0051955626317818126,GradientBoostingRegressor(random_state=42),,,250.0,1.0,"{'regressor': GradientBoostingRegressor(random_state=42), 'regressor__learning_rate': 1, 'regressor__n_estimators': 250}",-5603.770757532179,-1657.1781670773653,-3824.4906705217763,-1923.1140693439884,-2277.0416428330973,-3057.119061461681,1478.4192001230142,79
86,2.8586668968200684,0.4482320899520892,0.014586353302001953,0.0026119869435627286,GradientBoostingRegressor(random_state=42),,,500.0,1.0,"{'regressor': GradientBoostingRegressor(random_state=42), 'regressor__learning_rate': 1, 'regressor__n_estimators': 500}",-5603.226413864809,-1657.6578977538684,-3824.320753893925,-1924.0900442442596,-2277.164862129308,-3057.291994377234,1477.9604726069304,80
87,5.192615652084351,0.5577169461967243,0.017603731155395506,0.0027509200529778396,GradientBoostingRegressor(random_state=42),,,1000.0,1.0,"{'regressor': GradientBoostingRegressor(random_state=42), 'regressor__learning_rate': 1, 'regressor__n_estimators': 1000}",-5603.220441452343,-1657.6623316669366,-3824.322421196991,-1924.0992835757609,-2277.166179163441,-3057.2941314110944,1477.956192408006,81
82,0.07539281845092774,0.005120968165033363,0.012172794342041016,0.0006627650318284598,GradientBoostingRegressor(random_state=42),,,10.0,1.0,"{'regressor': GradientBoostingRegressor(random_state=42), 'regressor__learning_rate': 1, 'regressor__n_estimators': 10}",-5971.437825845942,-1467.5569029975693,-3668.149337679743,-1840.2697160136938,-2349.420738834688,-3059.366904274327,1635.5337780613468,82
75,0.08011555671691895,0.008557146843689986,0.013386344909667969,0.0018497468036679906,GradientBoostingRegressor(random_state=42),,,10.0,0.8,"{'regressor': GradientBoostingRegressor(random_state=42), 'regressor__learning_rate': 0.8, 'regressor__n_estimators': 10}",-6532.79952153986,-2716.8577474600274,-3508.8657455753446,-1705.557877927743,-1842.2874299111272,-3261.2736644828205,1760.3605031447921,83
61,0.07007012367248536,0.0034899882322556586,0.011416196823120117,0.0013634239143435487,GradientBoostingRegressor(random_state=42),,,10.0,0.25,"{'regressor': GradientBoostingRegressor(random_state=42), 'regressor__learning_rate': 0.25, 'regressor__n_estimators': 10}",-8148.7672095498465,-2190.107732194817,-2063.5404349173496,-2152.013526413399,-2197.211797773626,-3350.3281401698077,2399.6910929812043,84
110,0.05616416931152344,0.0030989029365029565,0.01348576545715332,0.0010387322151846178,"XGBRegressor(base_score=None, booster=None, callbacks=None,
             colsample_bylevel=None, colsample_bynode=None,
             colsample_bytree=None, device=None, early_stopping_rounds=None,
             enable_categorical=False, eval_metric=None, feature_types=None,
             feature_weights=None, gamma=None, grow_policy=None,
             importance_type=None, interaction_constraints=None,
             learning_rate=None, max_bin=None, max_cat_threshold=None,
             max_cat_to_onehot=None, max_delta_step=None, max_depth=None,
             max_leaves=None, min_child_weight=None, missing=nan,
             monotone_constraints=None, multi_strategy=None, n_estimators=None,
             n_jobs=None, num_parallel_tree=None, ...)",,,10.0,0.25,"{'regressor': XGBRegressor(base_score=None, booster=None, callbacks=None,
             colsample_bylevel=None, colsample_bynode=None,
             colsample_bytree=None, device=None, early_stopping_rounds=None,
             enable_categorical=False, eval_metric=None, feature_types=None,
             feature_weights=None, gamma=None, grow_policy=None,
             importance_type=None, interaction_constraints=None,
             learning_rate=None, max_bin=None, max_cat_threshold=None,
             max_cat_to_onehot=None, max_delta_step=None, max_depth=None,
             max_leaves=None, min_child_weight=None, missing=nan,
             monotone_constraints=None, multi_strategy=None, n_estimators=None,
             n_jobs=None, num_parallel_tree=None, ...), 'regressor__learning_rate': 0.25, 'regressor__n_estimators': 10}",-8493.1416015625,-2168.5185546875,-2229.243896484375,-2519.060791015625,-2323.70263671875,-3546.73349609375,2476.0502453458976,85
50,1.5928082466125488,0.09348851335647908,0.01459951400756836,0.002977208027500519,GradientBoostingRegressor(random_state=42),,,250.0,0.01,"{'regressor': GradientBoostingRegressor(random_state=42), 'regressor__learning_rate': 0.01, 'regressor__n_estimators': 250}",-9007.57759191093,-2752.359471724787,-1898.367333884127,-2833.9536384887438,-2664.676140981324,-3831.3868353979824,2609.593915511042,86
99,0.6009426116943359,0.09817382595118025,0.01740579605102539,0.004013878611436133,"XGBRegressor(base_score=None, booster=None, callbacks=None,
             colsample_bylevel=None, colsample_bynode=None,
             colsample_bytree=None, device=None, early_stopping_rounds=None,
             enable_categorical=False, eval_metric=None, feature_types=None,
             feature_weights=None, gamma=None, grow_policy=None,
             importance_type=None, interaction_constraints=None,
             learning_rate=None, max_bin=None, max_cat_threshold=None,
             max_cat_to_onehot=None, max_delta_step=None, max_depth=None,
             max_leaves=None, min_child_weight=None, missing=nan,
             monotone_constraints=None, multi_strategy=None, n_estimators=None,
             n_jobs=None, num_parallel_tree=None, ...)",,,250.0,0.01,"{'regressor': XGBRegressor(base_score=None, booster=None, callbacks=None,
             colsample_bylevel=None, colsample_bynode=None,
             colsample_bytree=None, device=None, early_stopping_rounds=None,
             enable_categorical=False, eval_metric=None, feature_types=None,
             feature_weights=None, gamma=None, grow_policy=None,
             importance_type=None, interaction_constraints=None,
             learning_rate=None, max_bin=None, max_cat_threshold=None,
             max_cat_to_onehot=None, max_delta_step=None, max_depth=None,
             max_leaves=None, min_child_weight=None, missing=nan,
             monotone_constraints=None, multi_strategy=None, n_estimators=None,
             n_jobs=None, num_parallel_tree=None, ...), 'regressor__learning_rate': 0.01, 'regressor__n_estimators': 250}",-9202.978515625,-2421.324951171875,-2467.194580078125,-2963.895751953125,-2820.36376953125,-3975.151513671875,2622.0091232442724,87
130,0.03151378631591797,0.001276914315441536,0.013073396682739259,0.0018534005452611807,"XGBRegressor(base_score=None, booster=None, callbacks=None,
             colsample_bylevel=None, colsample_bynode=None,
             colsample_bytree=None, device=None, early_stopping_rounds=None,
             enable_categorical=False, eval_metric=None, feature_types=None,
             feature_weights=None, gamma=None, grow_policy=None,
             importance_type=None, interaction_constraints=None,
             learning_rate=None, max_bin=None, max_cat_threshold=None,
             max_cat_to_onehot=None, max_delta_step=None, max_depth=None,
             max_leaves=None, min_child_weight=None, missing=nan,
             monotone_constraints=None, multi_strategy=None, n_estimators=None,
             n_jobs=None, num_parallel_tree=None, ...)",,,1.0,1.0,"{'regressor': XGBRegressor(base_score=None, booster=None, callbacks=None,
             colsample_bylevel=None, colsample_bynode=None,
             colsample_bytree=None, device=None, early_stopping_rounds=None,
             enable_categorical=False, eval_metric=None, feature_types=None,
             feature_weights=None, gamma=None, grow_policy=None,
             importance_type=None, interaction_constraints=None,
             learning_rate=None, max_bin=None, max_cat_threshold=None,
             max_cat_to_onehot=None, max_delta_step=None, max_depth=None,
             max_leaves=None, min_child_weight=None, missing=nan,
             monotone_constraints=None, multi_strategy=None, n_estimators=None,
             n_jobs=None, num_parallel_tree=None, ...), 'regressor__learning_rate': 1, 'regressor__n_estimators': 1}",-9387.634765625,-4943.9951171875,-3292.042236328125,-3542.5634765625,-3324.563232421875,-4898.159765625,2325.981406684992,88
81,0.03573455810546875,0.0054954662246540775,0.01711697578430176,0.002777599528630171,GradientBoostingRegressor(random_state=42),,,1.0,1.0,"{'regressor': GradientBoostingRegressor(random_state=42), 'regressor__learning_rate': 1, 'regressor__n_estimators': 1}",-8587.887353318261,-5145.76857638242,-4957.869746392039,-3780.4563557307865,-4027.4740900055867,-5299.891224365819,1725.0726773014808,89
8,0.028821563720703124,0.006035431177365397,0.017476844787597656,0.006880488346371187,DecisionTreeRegressor(random_state=42),,3.0,,,"{'regressor': DecisionTreeRegressor(random_state=42), 'regressor__max_depth': 3}",-8587.887353318278,-5145.768576382446,-4957.869746392037,-3780.4563557307865,-4027.4740900055863,-5299.891224365826,1725.0726773014867,90
24,5.8648148536682125,0.5588948845609144,0.3081749439239502,0.02540123507477061,RandomForestRegressor(random_state=42),,2.0,1000.0,,"{'regressor': RandomForestRegressor(random_state=42), 'regressor__max_depth': 2, 'regressor__n_estimators': 1000}",-10455.09457961207,-5645.556037488348,-5717.770803806455,-5590.560392980578,-5138.870186869315,-6509.570400151354,1983.1301993737336,91
20,0.33685593605041503,0.027499209145851144,0.03854899406433106,0.016179395851289392,RandomForestRegressor(random_state=42),,2.0,50.0,,"{'regressor': RandomForestRegressor(random_state=42), 'regressor__max_depth': 2, 'regressor__n_estimators': 50}",-10517.206249219236,-5607.236856152412,-5684.354512535218,-5583.644094516478,-5159.58375639055,-6510.405093762779,2011.7719633579702,92
21,0.5680652141571045,0.028723356284250205,0.044445466995239255,0.004621264223698863,RandomForestRegressor(random_state=42),,2.0,100.0,,"{'regressor': RandomForestRegressor(random_state=42), 'regressor__max_depth': 2, 'regressor__n_estimators': 100}",-10418.608779496282,-5632.933777796472,-5736.28547249868,-5590.143814752784,-5183.813451936223,-6512.357059296088,1962.1406831576896,93
23,2.791081428527832,0.12165672753709782,0.19762201309204103,0.03142886942712297,RandomForestRegressor(random_state=42),,2.0,500.0,,"{'regressor': RandomForestRegressor(random_state=42), 'regressor__max_depth': 2, 'regressor__n_estimators': 500}",-10439.985049280154,-5642.175904875828,-5750.502592181318,-5598.1079850856595,-5148.3820698577465,-6515.830720256141,1972.8212239421396,94
22,1.3810291290283203,0.06426430567658918,0.0976557731628418,0.008830401354088378,RandomForestRegressor(random_state=42),,2.0,250.0,,"{'regressor': RandomForestRegressor(random_state=42), 'regressor__max_depth': 2, 'regressor__n_estimators': 250}",-10499.259014420779,-5639.832723822629,-5727.572055683019,-5598.574588138232,-5151.683330358362,-6523.3843424846045,1997.9187578082601,95
19,0.09165840148925782,0.011468587454639564,0.019112157821655273,0.003567843822877118,RandomForestRegressor(random_state=42),,2.0,10.0,,"{'regressor': RandomForestRegressor(random_state=42), 'regressor__max_depth': 2, 'regressor__n_estimators': 10}",-10543.430309956058,-5725.514834955314,-5731.64908587687,-5599.3905735565795,-5185.793745005596,-6557.155709870084,2003.0686764757163,96
18,0.030129671096801758,0.0048958470828449055,0.016605710983276366,0.0033376627475429277,RandomForestRegressor(random_state=42),,2.0,1.0,,"{'regressor': RandomForestRegressor(random_state=42), 'regressor__max_depth': 2, 'regressor__n_estimators': 1}",-9415.789719901226,-5803.01759885378,-7211.986534062555,-6042.266652857942,-5525.291435808409,-6799.670388296782,1428.6429838808724,97
123,0.03084402084350586,0.0017483751284674606,0.012706851959228516,0.0008672558397378376,"XGBRegressor(base_score=None, booster=None, callbacks=None,
             colsample_bylevel=None, colsample_bynode=None,
             colsample_bytree=None, device=None, early_stopping_rounds=None,
             enable_categorical=False, eval_metric=None, feature_types=None,
             feature_weights=None, gamma=None, grow_policy=None,
             importance_type=None, interaction_constraints=None,
             learning_rate=None, max_bin=None, max_cat_threshold=None,
             max_cat_to_onehot=None, max_delta_step=None, max_depth=None,
             max_leaves=None, min_child_weight=None, missing=nan,
             monotone_constraints=None, multi_strategy=None, n_estimators=None,
             n_jobs=None, num_parallel_tree=None, ...)",,,1.0,0.8,"{'regressor': XGBRegressor(base_score=None, booster=None, callbacks=None,
             colsample_bylevel=None, colsample_bynode=None,
             colsample_bytree=None, device=None, early_stopping_rounds=None,
             enable_categorical=False, eval_metric=None, feature_types=None,
             feature_weights=None, gamma=None, grow_policy=None,
             importance_type=None, interaction_constraints=None,
             learning_rate=None, max_bin=None, max_cat_threshold=None,
             max_cat_to_onehot=None, max_delta_step=None, max_depth=None,
             max_leaves=None, min_child_weight=None, missing=nan,
             monotone_constraints=None, multi_strategy=None, n_estimators=None,
             n_jobs=None, num_parallel_tree=None, ...), 'regressor__learning_rate': 0.8, 'regressor__n_estimators': 1}",-13340.453125,-6530.61083984375,-4754.982421875,-8004.48095703125,-5410.54248046875,-7608.21396484375,3070.749485202685,98
74,0.03568434715270996,0.00759963108202398,0.015137338638305664,0.002197945626366424,GradientBoostingRegressor(random_state=42),,,1.0,0.8,"{'regressor': GradientBoostingRegressor(random_state=42), 'regressor__learning_rate': 0.8, 'regressor__n_estimators': 1}",-12829.15828868339,-8690.558539340644,-4493.622713774574,-7479.483146721337,-6272.3833505119865,-7953.041207806385,2804.8848100443356,99
54,0.10321669578552246,0.015503802918178928,0.02350311279296875,0.022686209414030017,GradientBoostingRegressor(random_state=42),,,10.0,0.1,"{'regressor': GradientBoostingRegressor(random_state=42), 'regressor__learning_rate': 0.1, 'regressor__n_estimators': 10}",-16348.946940277558,-10018.317399448511,-4904.81828553785,-11039.810785766387,-8315.587363372797,-10125.49615488062,3744.5973203309372,100
103,0.06067128181457519,0.006907531079143581,0.015278816223144531,0.0033053434233193254,"XGBRegressor(base_score=None, booster=None, callbacks=None,
             colsample_bylevel=None, colsample_bynode=None,
             colsample_bytree=None, device=None, early_stopping_rounds=None,
             enable_categorical=False, eval_metric=None, feature_types=None,
             feature_weights=None, gamma=None, grow_policy=None,
             importance_type=None, interaction_constraints=None,
             learning_rate=None, max_bin=None, max_cat_threshold=None,
             max_cat_to_onehot=None, max_delta_step=None, max_depth=None,
             max_leaves=None, min_child_weight=None, missing=nan,
             monotone_constraints=None, multi_strategy=None, n_estimators=None,
             n_jobs=None, num_parallel_tree=None, ...)",,,10.0,0.1,"{'regressor': XGBRegressor(base_score=None, booster=None, callbacks=None,
             colsample_bylevel=None, colsample_bynode=None,
             colsample_bytree=None, device=None, early_stopping_rounds=None,
             enable_categorical=False, eval_metric=None, feature_types=None,
             feature_weights=None, gamma=None, grow_policy=None,
             importance_type=None, interaction_constraints=None,
             learning_rate=None, max_bin=None, max_cat_threshold=None,
             max_cat_to_onehot=None, max_delta_step=None, max_depth=None,
             max_leaves=None, min_child_weight=None, missing=nan,
             monotone_constraints=None, multi_strategy=None, n_estimators=None,
             n_jobs=None, num_parallel_tree=None, ...), 'regressor__learning_rate': 0.1, 'regressor__n_estimators': 10}",-16434.935546875,-9619.953125,-5689.2958984375,-11137.69140625,-8531.9423828125,-10282.763671875,3554.8490658095925,101
49,0.6266767024993897,0.05822442265908123,0.014622974395751952,0.0031814533043222834,GradientBoostingRegressor(random_state=42),,,100.0,0.01,"{'regressor': GradientBoostingRegressor(random_state=42), 'regressor__learning_rate': 0.01, 'regressor__n_estimators': 100}",-16811.54838802215,-10433.907983401234,-5236.068942285204,-11445.605958487904,-8761.476602587609,-10537.72157495682,3780.436510123389,102
45,5.2129905223846436,0.5306874738224578,0.0158388614654541,0.00145987959264804,GradientBoostingRegressor(random_state=42),,,1000.0,0.001,"{'regressor': GradientBoostingRegressor(random_state=42), 'regressor__learning_rate': 0.001, 'regressor__n_estimators': 1000}",-16855.628240099828,-10474.484245129335,-5261.785143928011,-11485.127208106078,-8789.972443914485,-10573.399456235547,3786.8532772294902,103
98,0.21218061447143555,0.012344441923638498,0.015443229675292968,0.002612669736090971,"XGBRegressor(base_score=None, booster=None, callbacks=None,
             colsample_bylevel=None, colsample_bynode=None,
             colsample_bytree=None, device=None, early_stopping_rounds=None,
             enable_categorical=False, eval_metric=None, feature_types=None,
             feature_weights=None, gamma=None, grow_policy=None,
             importance_type=None, interaction_constraints=None,
             learning_rate=None, max_bin=None, max_cat_threshold=None,
             max_cat_to_onehot=None, max_delta_step=None, max_depth=None,
             max_leaves=None, min_child_weight=None, missing=nan,
             monotone_constraints=None, multi_strategy=None, n_estimators=None,
             n_jobs=None, num_parallel_tree=None, ...)",,,100.0,0.01,"{'regressor': XGBRegressor(base_score=None, booster=None, callbacks=None,
             colsample_bylevel=None, colsample_bynode=None,
             colsample_bytree=None, device=None, early_stopping_rounds=None,
             enable_categorical=False, eval_metric=None, feature_types=None,
             feature_weights=None, gamma=None, grow_policy=None,
             importance_type=None, interaction_constraints=None,
             learning_rate=None, max_bin=None, max_cat_threshold=None,
             max_cat_to_onehot=None, max_delta_step=None, max_depth=None,
             max_leaves=None, min_child_weight=None, missing=nan,
             monotone_constraints=None, multi_strategy=None, n_estimators=None,
             n_jobs=None, num_parallel_tree=None, ...), 'regressor__learning_rate': 0.01, 'regressor__n_estimators': 100}",-16951.783203125,-9982.0244140625,-5884.97607421875,-11627.3486328125,-8928.939453125,-10675.01435546875,3654.5381952317107,104
94,2.700651693344116,0.20530072363319068,0.027024269104003906,0.004854340347563355,"XGBRegressor(base_score=None, booster=None, callbacks=None,
             colsample_bylevel=None, colsample_bynode=None,
             colsample_bytree=None, device=None, early_stopping_rounds=None,
             enable_categorical=False, eval_metric=None, feature_types=None,
             feature_weights=None, gamma=None, grow_policy=None,
             importance_type=None, interaction_constraints=None,
             learning_rate=None, max_bin=None, max_cat_threshold=None,
             max_cat_to_onehot=None, max_delta_step=None, max_depth=None,
             max_leaves=None, min_child_weight=None, missing=nan,
             monotone_constraints=None, multi_strategy=None, n_estimators=None,
             n_jobs=None, num_parallel_tree=None, ...)",,,1000.0,0.001,"{'regressor': XGBRegressor(base_score=None, booster=None, callbacks=None,
             colsample_bylevel=None, colsample_bynode=None,
             colsample_bytree=None, device=None, early_stopping_rounds=None,
             enable_categorical=False, eval_metric=None, feature_types=None,
             feature_weights=None, gamma=None, grow_policy=None,
             importance_type=None, interaction_constraints=None,
             learning_rate=None, max_bin=None, max_cat_threshold=None,
             max_cat_to_onehot=None, max_delta_step=None, max_depth=None,
             max_leaves=None, min_child_weight=None, missing=nan,
             monotone_constraints=None, multi_strategy=None, n_estimators=None,
             n_jobs=None, num_parallel_tree=None, ...), 'regressor__learning_rate': 0.001, 'regressor__n_estimators': 1000}",-16989.984375,-10015.123046875,-5922.61376953125,-11668.236328125,-8972.8564453125,-10713.76279296875,3654.4750224070867,105
12,0.10674738883972168,0.015809131200628143,0.01840810775756836,0.001502826350078067,RandomForestRegressor(random_state=42),,1.0,10.0,,"{'regressor': RandomForestRegressor(random_state=42), 'regressor__max_depth': 1, 'regressor__n_estimators': 10}",-12703.504644194216,-5162.0136968721245,-10709.850341983109,-13838.25849704179,-11944.79919734693,-10871.685275487634,3030.9811101044875,106
16,2.336085844039917,0.07452698840782994,0.17129926681518554,0.011718152480605136,RandomForestRegressor(random_state=42),,1.0,500.0,,"{'regressor': RandomForestRegressor(random_state=42), 'regressor__max_depth': 1, 'regressor__n_estimators': 500}",-12891.891715325246,-5122.365746877808,-10718.933880737057,-13750.114709801666,-11907.82581959262,-10878.226374466878,3050.1793847509434,107
17,4.722708463668823,0.508752494932873,0.3652360916137695,0.06960007730261353,RandomForestRegressor(random_state=42),,1.0,1000.0,,"{'regressor': RandomForestRegressor(random_state=42), 'regressor__max_depth': 1, 'regressor__n_estimators': 1000}",-12929.679960414076,-5105.169015001104,-10703.32073854623,-13783.414676831051,-11908.792517539669,-10886.075381666426,3068.1956484333205,108
15,1.279740858078003,0.05184938626447864,0.08631973266601563,0.013367183757456306,RandomForestRegressor(random_state=42),,1.0,250.0,,"{'regressor': RandomForestRegressor(random_state=42), 'regressor__max_depth': 1, 'regressor__n_estimators': 250}",-12963.587304258437,-5130.559539298493,-10759.077778811838,-13727.370467210445,-11904.407246803497,-10897.00046727654,3051.8029934647884,109
13,0.29042539596557615,0.038868053959929906,0.03167505264282226,0.009031100622735289,RandomForestRegressor(random_state=42),,1.0,50.0,,"{'regressor': RandomForestRegressor(random_state=42), 'regressor__max_depth': 1, 'regressor__n_estimators': 50}",-12829.216429509548,-5185.6318100757535,-10829.906182260975,-13747.702358852332,-11919.816149178245,-10902.45458597537,3017.621466087794,110
14,0.5914557933807373,0.04369897184855233,0.045763158798217775,0.004646332120460194,RandomForestRegressor(random_state=42),,1.0,100.0,,"{'regressor': RandomForestRegressor(random_state=42), 'regressor__max_depth': 1, 'regressor__n_estimators': 100}",-12855.059595644441,-5127.729687517789,-10889.848311709362,-13750.59752028478,-11911.787148040275,-10907.00445263933,3042.7237726573,111
7,0.031327438354492185,0.0033807926096837246,0.01647047996520996,0.0018162490463114057,DecisionTreeRegressor(random_state=42),,1.0,,,"{'regressor': DecisionTreeRegressor(random_state=42), 'regressor__max_depth': 1}",-12396.648971790803,-4972.11027404748,-11882.949272788703,-14013.57356966145,-11998.80729380818,-11052.817876419324,3134.6762303799605,112
11,0.039078807830810545,0.011370324880231044,0.01709895133972168,0.005962230501617279,RandomForestRegressor(random_state=42),,1.0,1.0,,"{'regressor': RandomForestRegressor(random_state=42), 'regressor__max_depth': 1, 'regressor__n_estimators': 1}",-12213.777837932774,-5662.512075903828,-11448.835128208344,-13885.461624150601,-12109.803109895973,-11064.077955218303,2817.8186157912587,113
116,0.027111339569091796,0.0053610775155394485,0.010383987426757812,0.0012481629884771239,"XGBRegressor(base_score=None, booster=None, callbacks=None,
             colsample_bylevel=None, colsample_bynode=None,
             colsample_bytree=None, device=None, early_stopping_rounds=None,
             enable_categorical=False, eval_metric=None, feature_types=None,
             feature_weights=None, gamma=None, grow_policy=None,
             importance_type=None, interaction_constraints=None,
             learning_rate=None, max_bin=None, max_cat_threshold=None,
             max_cat_to_onehot=None, max_delta_step=None, max_depth=None,
             max_leaves=None, min_child_weight=None, missing=nan,
             monotone_constraints=None, multi_strategy=None, n_estimators=None,
             n_jobs=None, num_parallel_tree=None, ...)",,,1.0,0.5,"{'regressor': XGBRegressor(base_score=None, booster=None, callbacks=None,
             colsample_bylevel=None, colsample_bynode=None,
             colsample_bytree=None, device=None, early_stopping_rounds=None,
             enable_categorical=False, eval_metric=None, feature_types=None,
             feature_weights=None, gamma=None, grow_policy=None,
             importance_type=None, interaction_constraints=None,
             learning_rate=None, max_bin=None, max_cat_threshold=None,
             max_cat_to_onehot=None, max_delta_step=None, max_depth=None,
             max_leaves=None, min_child_weight=None, missing=nan,
             monotone_constraints=None, multi_strategy=None, n_estimators=None,
             n_jobs=None, num_parallel_tree=None, ...), 'regressor__learning_rate': 0.5, 'regressor__n_estimators': 1}",-20569.314453125,-13457.55859375,-7954.95751953125,-16073.7890625,-11636.8837890625,-13938.50068359375,4239.30848432787,114
67,0.03854503631591797,0.009121921693809203,0.018770647048950196,0.003668039223521804,GradientBoostingRegressor(random_state=42),,,1.0,0.5,"{'regressor': GradientBoostingRegressor(random_state=42), 'regressor__learning_rate': 0.5, 'regressor__n_estimators': 1}",-20321.70251805297,-15197.013183238543,-7014.079301794192,-15631.969477517398,-12135.63835390857,-14060.080566902334,4389.099489407664,115
48,0.2798332691192627,0.015879494563258448,0.010166120529174805,0.001536015661358109,GradientBoostingRegressor(random_state=42),,,50.0,0.01,"{'regressor': GradientBoostingRegressor(random_state=42), 'regressor__learning_rate': 0.01, 'regressor__n_estimators': 50}",-23069.24223714554,-16865.12451331852,-8508.28538727055,-18475.097500304328,-13995.98467491041,-16182.746862589871,4833.707004977557,116
44,2.8079599857330324,0.30824825517578214,0.01470632553100586,0.0016812629289595024,GradientBoostingRegressor(random_state=42),,,500.0,0.001,"{'regressor': GradientBoostingRegressor(random_state=42), 'regressor__learning_rate': 0.001, 'regressor__n_estimators': 500}",-23107.773049510743,-16881.62105182134,-8526.34253707222,-18506.322865635324,-14033.583375508522,-16211.12857590963,4838.983809553338,117
97,0.1543795108795166,0.017670407385679668,0.014993238449096679,0.0033372219272610245,"XGBRegressor(base_score=None, booster=None, callbacks=None,
             colsample_bylevel=None, colsample_bynode=None,
             colsample_bytree=None, device=None, early_stopping_rounds=None,
             enable_categorical=False, eval_metric=None, feature_types=None,
             feature_weights=None, gamma=None, grow_policy=None,
             importance_type=None, interaction_constraints=None,
             learning_rate=None, max_bin=None, max_cat_threshold=None,
             max_cat_to_onehot=None, max_delta_step=None, max_depth=None,
             max_leaves=None, min_child_weight=None, missing=nan,
             monotone_constraints=None, multi_strategy=None, n_estimators=None,
             n_jobs=None, num_parallel_tree=None, ...)",,,50.0,0.01,"{'regressor': XGBRegressor(base_score=None, booster=None, callbacks=None,
             colsample_bylevel=None, colsample_bynode=None,
             colsample_bytree=None, device=None, early_stopping_rounds=None,
             enable_categorical=False, eval_metric=None, feature_types=None,
             feature_weights=None, gamma=None, grow_policy=None,
             importance_type=None, interaction_constraints=None,
             learning_rate=None, max_bin=None, max_cat_threshold=None,
             max_cat_to_onehot=None, max_delta_step=None, max_depth=None,
             max_leaves=None, min_child_weight=None, missing=nan,
             monotone_constraints=None, multi_strategy=None, n_estimators=None,
             n_jobs=None, num_parallel_tree=None, ...), 'regressor__learning_rate': 0.01, 'regressor__n_estimators': 50}",-23219.171875,-16212.9521484375,-8989.818359375,-18708.828125,-14147.6357421875,-16255.68125,4727.506244507254,118
93,1.08907208442688,0.24476186805985023,0.022135353088378905,0.006074060158937772,"XGBRegressor(base_score=None, booster=None, callbacks=None,
             colsample_bylevel=None, colsample_bynode=None,
             colsample_bytree=None, device=None, early_stopping_rounds=None,
             enable_categorical=False, eval_metric=None, feature_types=None,
             feature_weights=None, gamma=None, grow_policy=None,
             importance_type=None, interaction_constraints=None,
             learning_rate=None, max_bin=None, max_cat_threshold=None,
             max_cat_to_onehot=None, max_delta_step=None, max_depth=None,
             max_leaves=None, min_child_weight=None, missing=nan,
             monotone_constraints=None, multi_strategy=None, n_estimators=None,
             n_jobs=None, num_parallel_tree=None, ...)",,,500.0,0.001,"{'regressor': XGBRegressor(base_score=None, booster=None, callbacks=None,
             colsample_bylevel=None, colsample_bynode=None,
             colsample_bytree=None, device=None, early_stopping_rounds=None,
             enable_categorical=False, eval_metric=None, feature_types=None,
             feature_weights=None, gamma=None, grow_policy=None,
             importance_type=None, interaction_constraints=None,
             learning_rate=None, max_bin=None, max_cat_threshold=None,
             max_cat_to_onehot=None, max_delta_step=None, max_depth=None,
             max_leaves=None, min_child_weight=None, missing=nan,
             monotone_constraints=None, multi_strategy=None, n_estimators=None,
             n_jobs=None, num_parallel_tree=None, ...), 'regressor__learning_rate': 0.001, 'regressor__n_estimators': 500}",-23248.419921875,-16251.3701171875,-9008.6689453125,-18738.69921875,-14179.962890625,-16285.42421875,4730.479083199201,119
109,0.02948904037475586,0.004305510949326485,0.01249227523803711,0.0005307237971135797,"XGBRegressor(base_score=None, booster=None, callbacks=None,
             colsample_bylevel=None, colsample_bynode=None,
             colsample_bytree=None, device=None, early_stopping_rounds=None,
             enable_categorical=False, eval_metric=None, feature_types=None,
             feature_weights=None, gamma=None, grow_policy=None,
             importance_type=None, interaction_constraints=None,
             learning_rate=None, max_bin=None, max_cat_threshold=None,
             max_cat_to_onehot=None, max_delta_step=None, max_depth=None,
             max_leaves=None, min_child_weight=None, missing=nan,
             monotone_constraints=None, multi_strategy=None, n_estimators=None,
             n_jobs=None, num_parallel_tree=None, ...)",,,1.0,0.25,"{'regressor': XGBRegressor(base_score=None, booster=None, callbacks=None,
             colsample_bylevel=None, colsample_bynode=None,
             colsample_bytree=None, device=None, early_stopping_rounds=None,
             enable_categorical=False, eval_metric=None, feature_types=None,
             feature_weights=None, gamma=None, grow_policy=None,
             importance_type=None, interaction_constraints=None,
             learning_rate=None, max_bin=None, max_cat_threshold=None,
             max_cat_to_onehot=None, max_delta_step=None, max_depth=None,
             max_leaves=None, min_child_weight=None, missing=nan,
             monotone_constraints=None, multi_strategy=None, n_estimators=None,
             n_jobs=None, num_parallel_tree=None, ...), 'regressor__learning_rate': 0.25, 'regressor__n_estimators': 1}",-26991.517578125,-19959.27734375,-10875.185546875,-22968.2421875,-17207.939453125,-19600.432421875,5439.724399591383,120
60,0.026039695739746092,0.0017105419049558953,0.011702013015747071,0.001427645724689453,GradientBoostingRegressor(random_state=42),,,1.0,0.25,"{'regressor': GradientBoostingRegressor(random_state=42), 'regressor__learning_rate': 0.25, 'regressor__n_estimators': 1}",-26883.92268701935,-20868.653815979113,-10295.082899382025,-22733.59294000292,-17445.909270724027,-19645.432322621484,5580.245255695152,121
43,1.4444900035858155,0.09758205306539296,0.017114734649658202,0.005832496110479077,GradientBoostingRegressor(random_state=42),,,250.0,0.001,"{'regressor': GradientBoostingRegressor(random_state=42), 'regressor__learning_rate': 0.001, 'regressor__n_estimators': 250}",-27662.61875599538,-21316.67427715454,-10838.161252455753,-23527.60949135871,-17892.242068535976,-20247.461169100075,5673.960409766135,122
92,0.43872737884521484,0.07580884725862594,0.012800979614257812,0.002244692379960486,"XGBRegressor(base_score=None, booster=None, callbacks=None,
             colsample_bylevel=None, colsample_bynode=None,
             colsample_bytree=None, device=None, early_stopping_rounds=None,
             enable_categorical=False, eval_metric=None, feature_types=None,
             feature_weights=None, gamma=None, grow_policy=None,
             importance_type=None, interaction_constraints=None,
             learning_rate=None, max_bin=None, max_cat_threshold=None,
             max_cat_to_onehot=None, max_delta_step=None, max_depth=None,
             max_leaves=None, min_child_weight=None, missing=nan,
             monotone_constraints=None, multi_strategy=None, n_estimators=None,
             n_jobs=None, num_parallel_tree=None, ...)",,,250.0,0.001,"{'regressor': XGBRegressor(base_score=None, booster=None, callbacks=None,
             colsample_bylevel=None, colsample_bynode=None,
             colsample_bytree=None, device=None, early_stopping_rounds=None,
             enable_categorical=False, eval_metric=None, feature_types=None,
             feature_weights=None, gamma=None, grow_policy=None,
             importance_type=None, interaction_constraints=None,
             learning_rate=None, max_bin=None, max_cat_threshold=None,
             max_cat_to_onehot=None, max_delta_step=None, max_depth=None,
             max_leaves=None, min_child_weight=None, missing=nan,
             monotone_constraints=None, multi_strategy=None, n_estimators=None,
             n_jobs=None, num_parallel_tree=None, ...), 'regressor__learning_rate': 0.001, 'regressor__n_estimators': 250}",-27753.06640625,-20701.6484375,-11163.4755859375,-23706.720703125,-17975.2578125,-20260.0337890625,5589.056886263333,123
102,0.03266706466674805,0.000508811806090182,0.013390064239501953,0.0009693035338469901,"XGBRegressor(base_score=None, booster=None, callbacks=None,
             colsample_bylevel=None, colsample_bynode=None,
             colsample_bytree=None, device=None, early_stopping_rounds=None,
             enable_categorical=False, eval_metric=None, feature_types=None,
             feature_weights=None, gamma=None, grow_policy=None,
             importance_type=None, interaction_constraints=None,
             learning_rate=None, max_bin=None, max_cat_threshold=None,
             max_cat_to_onehot=None, max_delta_step=None, max_depth=None,
             max_leaves=None, min_child_weight=None, missing=nan,
             monotone_constraints=None, multi_strategy=None, n_estimators=None,
             n_jobs=None, num_parallel_tree=None, ...)",,,1.0,0.1,"{'regressor': XGBRegressor(base_score=None, booster=None, callbacks=None,
             colsample_bylevel=None, colsample_bynode=None,
             colsample_bytree=None, device=None, early_stopping_rounds=None,
             enable_categorical=False, eval_metric=None, feature_types=None,
             feature_weights=None, gamma=None, grow_policy=None,
             importance_type=None, interaction_constraints=None,
             learning_rate=None, max_bin=None, max_cat_threshold=None,
             max_cat_to_onehot=None, max_delta_step=None, max_depth=None,
             max_leaves=None, min_child_weight=None, missing=nan,
             monotone_constraints=None, multi_strategy=None, n_estimators=None,
             n_jobs=None, num_parallel_tree=None, ...), 'regressor__learning_rate': 0.1, 'regressor__n_estimators': 1}",-30918.548828125,-23941.427734375,-12667.58984375,-27126.5390625,-20592.60546875,-23049.3421875,6215.466212047536,124
53,0.02549467086791992,0.004621633381483982,0.014291477203369141,0.0018196966292877263,GradientBoostingRegressor(random_state=42),,,1.0,0.1,"{'regressor': GradientBoostingRegressor(random_state=42), 'regressor__learning_rate': 0.1, 'regressor__n_estimators': 1}",-30878.179074227195,-24309.93315965485,-12421.680551255069,-27030.848022251477,-20685.995079569748,-23065.327177391668,6281.138258592691,125
96,0.06422843933105468,0.010205888831379795,0.017786502838134766,0.0029673288167087063,"XGBRegressor(base_score=None, booster=None, callbacks=None,
             colsample_bylevel=None, colsample_bynode=None,
             colsample_bytree=None, device=None, early_stopping_rounds=None,
             enable_categorical=False, eval_metric=None, feature_types=None,
             feature_weights=None, gamma=None, grow_policy=None,
             importance_type=None, interaction_constraints=None,
             learning_rate=None, max_bin=None, max_cat_threshold=None,
             max_cat_to_onehot=None, max_delta_step=None, max_depth=None,
             max_leaves=None, min_child_weight=None, missing=nan,
             monotone_constraints=None, multi_strategy=None, n_estimators=None,
             n_jobs=None, num_parallel_tree=None, ...)",,,10.0,0.01,"{'regressor': XGBRegressor(base_score=None, booster=None, callbacks=None,
             colsample_bylevel=None, colsample_bynode=None,
             colsample_bytree=None, device=None, early_stopping_rounds=None,
             enable_categorical=False, eval_metric=None, feature_types=None,
             feature_weights=None, gamma=None, grow_policy=None,
             importance_type=None, interaction_constraints=None,
             learning_rate=None, max_bin=None, max_cat_threshold=None,
             max_cat_to_onehot=None, max_delta_step=None, max_depth=None,
             max_leaves=None, min_child_weight=None, missing=nan,
             monotone_constraints=None, multi_strategy=None, n_estimators=None,
             n_jobs=None, num_parallel_tree=None, ...), 'regressor__learning_rate': 0.01, 'regressor__n_estimators': 10}",-31040.953125,-24045.55859375,-12709.9541015625,-27238.705078125,-20738.669921875,-23154.7681640625,6238.519584995806,126
47,0.08160810470581055,0.012251045696714447,0.013166093826293945,0.0014826232176160755,GradientBoostingRegressor(random_state=42),,,10.0,0.01,"{'regressor': GradientBoostingRegressor(random_state=42), 'regressor__learning_rate': 0.01, 'regressor__n_estimators': 10}",-30996.99152727418,-24387.10347032425,-12544.262137919957,-27170.925698062078,-20717.318722446635,-23163.320311205418,6287.6429787099205,127
42,0.6055437564849854,0.04548007165859352,0.014014625549316406,0.0022610797871227667,GradientBoostingRegressor(random_state=42),,,100.0,0.001,"{'regressor': GradientBoostingRegressor(random_state=42), 'regressor__learning_rate': 0.001, 'regressor__n_estimators': 100}",-31005.693247082403,-24366.134620764406,-12552.95366467112,-27182.027008987116,-20719.76368582816,-23165.31444546664,6287.295261460313,128
91,0.22467398643493652,0.047027623254519334,0.011858034133911132,0.0018267434023767977,"XGBRegressor(base_score=None, booster=None, callbacks=None,
             colsample_bylevel=None, colsample_bynode=None,
             colsample_bytree=None, device=None, early_stopping_rounds=None,
             enable_categorical=False, eval_metric=None, feature_types=None,
             feature_weights=None, gamma=None, grow_policy=None,
             importance_type=None, interaction_constraints=None,
             learning_rate=None, max_bin=None, max_cat_threshold=None,
             max_cat_to_onehot=None, max_delta_step=None, max_depth=None,
             max_leaves=None, min_child_weight=None, missing=nan,
             monotone_constraints=None, multi_strategy=None, n_estimators=None,
             n_jobs=None, num_parallel_tree=None, ...)",,,100.0,0.001,"{'regressor': XGBRegressor(base_score=None, booster=None, callbacks=None,
             colsample_bylevel=None, colsample_bynode=None,
             colsample_bytree=None, device=None, early_stopping_rounds=None,
             enable_categorical=False, eval_metric=None, feature_types=None,
             feature_weights=None, gamma=None, grow_policy=None,
             importance_type=None, interaction_constraints=None,
             learning_rate=None, max_bin=None, max_cat_threshold=None,
             max_cat_to_onehot=None, max_delta_step=None, max_depth=None,
             max_leaves=None, min_child_weight=None, missing=nan,
             monotone_constraints=None, multi_strategy=None, n_estimators=None,
             n_jobs=None, num_parallel_tree=None, ...), 'regressor__learning_rate': 0.001, 'regressor__n_estimators': 100}",-31051.177734375,-24056.748046875,-12715.6982421875,-27251.57421875,-20754.25,-23165.8896484375,6239.97951140164,129
41,0.2897318363189697,0.04618301796746327,0.011507225036621094,0.0013575269363149609,GradientBoostingRegressor(random_state=42),,,50.0,0.001,"{'regressor': GradientBoostingRegressor(random_state=42), 'regressor__learning_rate': 0.001, 'regressor__n_estimators': 50}",-32248.16059390202,-25477.817577485952,-13176.453277871757,-28507.38470881359,-21767.53313559644,-24235.469858733955,6517.4911823993,130
90,0.13092622756958008,0.013122921465448892,0.012670087814331054,0.0016273215738978903,"XGBRegressor(base_score=None, booster=None, callbacks=None,
             colsample_bylevel=None, colsample_bynode=None,
             colsample_bytree=None, device=None, early_stopping_rounds=None,
             enable_categorical=False, eval_metric=None, feature_types=None,
             feature_weights=None, gamma=None, grow_policy=None,
             importance_type=None, interaction_constraints=None,
             learning_rate=None, max_bin=None, max_cat_threshold=None,
             max_cat_to_onehot=None, max_delta_step=None, max_depth=None,
             max_leaves=None, min_child_weight=None, missing=nan,
             monotone_constraints=None, multi_strategy=None, n_estimators=None,
             n_jobs=None, num_parallel_tree=None, ...)",,,50.0,0.001,"{'regressor': XGBRegressor(base_score=None, booster=None, callbacks=None,
             colsample_bylevel=None, colsample_bynode=None,
             colsample_bytree=None, device=None, early_stopping_rounds=None,
             enable_categorical=False, eval_metric=None, feature_types=None,
             feature_weights=None, gamma=None, grow_policy=None,
             importance_type=None, interaction_constraints=None,
             learning_rate=None, max_bin=None, max_cat_threshold=None,
             max_cat_to_onehot=None, max_delta_step=None, max_depth=None,
             max_leaves=None, min_child_weight=None, missing=nan,
             monotone_constraints=None, multi_strategy=None, n_estimators=None,
             n_jobs=None, num_parallel_tree=None, ...), 'regressor__learning_rate': 0.001, 'regressor__n_estimators': 50}",-32269.083984375,-25307.546875,-13282.2060546875,-28547.35546875,-21774.130859375,-24236.0646484375,6485.56610365347,131
95,0.039402437210083005,0.0079222199004744,0.016985607147216798,0.003954179715772325,"XGBRegressor(base_score=None, booster=None, callbacks=None,
             colsample_bylevel=None, colsample_bynode=None,
             colsample_bytree=None, device=None, early_stopping_rounds=None,
             enable_categorical=False, eval_metric=None, feature_types=None,
             feature_weights=None, gamma=None, grow_policy=None,
             importance_type=None, interaction_constraints=None,
             learning_rate=None, max_bin=None, max_cat_threshold=None,
             max_cat_to_onehot=None, max_delta_step=None, max_depth=None,
             max_leaves=None, min_child_weight=None, missing=nan,
             monotone_constraints=None, multi_strategy=None, n_estimators=None,
             n_jobs=None, num_parallel_tree=None, ...)",,,1.0,0.01,"{'regressor': XGBRegressor(base_score=None, booster=None, callbacks=None,
             colsample_bylevel=None, colsample_bynode=None,
             colsample_bytree=None, device=None, early_stopping_rounds=None,
             enable_categorical=False, eval_metric=None, feature_types=None,
             feature_weights=None, gamma=None, grow_policy=None,
             importance_type=None, interaction_constraints=None,
             learning_rate=None, max_bin=None, max_cat_threshold=None,
             max_cat_to_onehot=None, max_delta_step=None, max_depth=None,
             max_leaves=None, min_child_weight=None, missing=nan,
             monotone_constraints=None, multi_strategy=None, n_estimators=None,
             n_jobs=None, num_parallel_tree=None, ...), 'regressor__learning_rate': 0.01, 'regressor__n_estimators': 1}",-33291.1171875,-26345.5703125,-13751.384765625,-29625.732421875,-22631.162109375,-25128.993359375,6693.431486626043,132
89,0.05265235900878906,0.011883055715752783,0.015021800994873047,0.0042889321464193875,"XGBRegressor(base_score=None, booster=None, callbacks=None,
             colsample_bylevel=None, colsample_bynode=None,
             colsample_bytree=None, device=None, early_stopping_rounds=None,
             enable_categorical=False, eval_metric=None, feature_types=None,
             feature_weights=None, gamma=None, grow_policy=None,
             importance_type=None, interaction_constraints=None,
             learning_rate=None, max_bin=None, max_cat_threshold=None,
             max_cat_to_onehot=None, max_delta_step=None, max_depth=None,
             max_leaves=None, min_child_weight=None, missing=nan,
             monotone_constraints=None, multi_strategy=None, n_estimators=None,
             n_jobs=None, num_parallel_tree=None, ...)",,,10.0,0.001,"{'regressor': XGBRegressor(base_score=None, booster=None, callbacks=None,
             colsample_bylevel=None, colsample_bynode=None,
             colsample_bytree=None, device=None, early_stopping_rounds=None,
             enable_categorical=False, eval_metric=None, feature_types=None,
             feature_weights=None, gamma=None, grow_policy=None,
             importance_type=None, interaction_constraints=None,
             learning_rate=None, max_bin=None, max_cat_threshold=None,
             max_cat_to_onehot=None, max_delta_step=None, max_depth=None,
             max_leaves=None, min_child_weight=None, missing=nan,
             monotone_constraints=None, multi_strategy=None, n_estimators=None,
             n_jobs=None, num_parallel_tree=None, ...), 'regressor__learning_rate': 0.001, 'regressor__n_estimators': 10}",-33292.2890625,-26346.75,-13751.908203125,-29626.900390625,-22633.517578125,-25130.273046875,6693.563377956206,133
46,0.029326105117797853,0.0041845851326088,0.014644575119018555,0.003963555600924198,GradientBoostingRegressor(random_state=42),,,1.0,0.01,"{'regressor': GradientBoostingRegressor(random_state=42), 'regressor__learning_rate': 0.01, 'regressor__n_estimators': 1}",-33287.21677502769,-26382.62644845732,-13726.188088151308,-29616.08248357902,-22640.41576425097,-25130.505911893262,6700.435046944645,134
40,0.08837308883666992,0.010645104955091895,0.015597295761108399,0.004056429883645491,GradientBoostingRegressor(random_state=42),,,10.0,0.001,"{'regressor': GradientBoostingRegressor(random_state=42), 'regressor__learning_rate': 0.001, 'regressor__n_estimators': 10}",-33289.14141532949,-26384.90043985462,-13727.842174468406,-29618.255171895104,-22639.40964316837,-25131.9097689432,6700.791347372672,135
88,0.03686079978942871,0.006903122349509999,0.014220046997070312,0.0022047041908186253,"XGBRegressor(base_score=None, booster=None, callbacks=None,
             colsample_bylevel=None, colsample_bynode=None,
             colsample_bytree=None, device=None, early_stopping_rounds=None,
             enable_categorical=False, eval_metric=None, feature_types=None,
             feature_weights=None, gamma=None, grow_policy=None,
             importance_type=None, interaction_constraints=None,
             learning_rate=None, max_bin=None, max_cat_threshold=None,
             max_cat_to_onehot=None, max_delta_step=None, max_depth=None,
             max_leaves=None, min_child_weight=None, missing=nan,
             monotone_constraints=None, multi_strategy=None, n_estimators=None,
             n_jobs=None, num_parallel_tree=None, ...)",,,1.0,0.001,"{'regressor': XGBRegressor(base_score=None, booster=None, callbacks=None,
             colsample_bylevel=None, colsample_bynode=None,
             colsample_bytree=None, device=None, early_stopping_rounds=None,
             enable_categorical=False, eval_metric=None, feature_types=None,
             feature_weights=None, gamma=None, grow_policy=None,
             importance_type=None, interaction_constraints=None,
             learning_rate=None, max_bin=None, max_cat_threshold=None,
             max_cat_to_onehot=None, max_delta_step=None, max_depth=None,
             max_leaves=None, min_child_weight=None, missing=nan,
             monotone_constraints=None, multi_strategy=None, n_estimators=None,
             n_jobs=None, num_parallel_tree=None, ...), 'regressor__learning_rate': 0.001, 'regressor__n_estimators': 1}",-33528.921875,-26586.443359375,-13860.0341796875,-29875.78515625,-22835.2578125,-25337.2884765625,6741.642550687928,136
39,0.02982053756713867,0.004999151721514627,0.013483619689941407,0.0020180776075043472,GradientBoostingRegressor(random_state=42),,,1.0,0.001,"{'regressor': GradientBoostingRegressor(random_state=42), 'regressor__learning_rate': 0.001, 'regressor__n_estimators': 1}",-33528.533293891334,-26590.152284125208,-13857.511747948765,-29874.82188123542,-22836.184440999226,-25337.440729639988,6742.346235486087,137
