,mean_fit_time,std_fit_time,mean_score_time,std_score_time,param_poly__degree,param_regressor,param_regressor__alpha,param_regressor__max_depth,param_regressor__n_estimators,param_regressor__learning_rate,params,split0_test_score,split1_test_score,split2_test_score,split3_test_score,split4_test_score,mean_test_score,std_test_score,rank_test_score
0,0.021194314956665038,0.0050662940892699055,0.011682605743408203,0.0016747224058173932,2,LinearRegression(),,,,,"{'poly__degree': 2, 'regressor': LinearRegression()}",-612.4402004180009,-591.1325595146715,-1128.7330828234747,-758.5013540362359,-985.6824056528599,-815.2979204890487,210.665463418269,1
8,0.023311090469360352,0.001002653004405947,0.012526607513427735,0.0022257623402466118,2,Ridge(random_state=42),0.1,,,,"{'poly__degree': 2, 'regressor': Ridge(random_state=42), 'regressor__alpha': 0.1}",-617.9186764066084,-594.956867338296,-1149.1237356616386,-786.8819346830645,-932.106164462291,-816.1974757103796,206.58945214373352,2
3,0.0481968879699707,0.007134664408197158,0.012962245941162109,0.0017823803197761197,2,"Lasso(max_iter=2000, random_state=42)",0.1,,,,"{'poly__degree': 2, 'regressor': Lasso(max_iter=2000, random_state=42), 'regressor__alpha': 0.1}",-594.3445796851494,-599.8033227659826,-1140.610375255114,-812.9132635884729,-942.0402447783861,-817.942357214621,208.38465961436447,3
2,0.06095976829528808,0.005549483228945294,0.011150360107421875,0.0019383585496402262,2,"Lasso(max_iter=2000, random_state=42)",0.01,,,,"{'poly__degree': 2, 'regressor': Lasso(max_iter=2000, random_state=42), 'regressor__alpha': 0.01}",-593.7810614977215,-599.92611559841,-1141.1088270745772,-813.4367175754201,-942.4987046176101,-818.1502852727479,208.68651304970766,4
4,0.056988525390625,0.00176884109555042,0.011498451232910156,0.0015564771896012023,2,"Lasso(max_iter=2000, random_state=42)",1.0,,,,"{'poly__degree': 2, 'regressor': Lasso(max_iter=2000, random_state=42), 'regressor__alpha': 1.0}",-603.2847942325077,-601.6852223213921,-1142.8371142253332,-817.7483709162169,-943.7113984832109,-821.8533800357321,206.95073314461382,5
6,0.10262837409973144,0.008403377098341124,0.010016965866088866,0.001952181624127736,3,"Lasso(max_iter=2000, random_state=42)",0.1,,,,"{'poly__degree': 3, 'regressor': Lasso(max_iter=2000, random_state=42), 'regressor__alpha': 0.1}",-592.8871585634397,-606.6079645005104,-1125.0003008470565,-790.7386100366322,-1007.6401166774299,-824.5748301250136,212.65088010762742,6
5,0.10893707275390625,0.0036908554679299203,0.011674213409423827,0.002007364993268404,3,"Lasso(max_iter=2000, random_state=42)",0.01,,,,"{'poly__degree': 3, 'regressor': Lasso(max_iter=2000, random_state=42), 'regressor__alpha': 0.01}",-592.2304250124917,-607.826273810649,-1125.193047585739,-795.8748492738833,-1010.4657721904019,-826.318073574633,212.93149540399443,7
7,0.09336533546447753,0.008376463948008188,0.01573214530944824,0.004031245273085745,3,"Lasso(max_iter=2000, random_state=42)",1.0,,,,"{'poly__degree': 3, 'regressor': Lasso(max_iter=2000, random_state=42), 'regressor__alpha': 1.0}",-591.9675172079642,-597.8827528714501,-1134.0451603724007,-796.0793593930217,-1011.8720708564978,-826.3693721402667,217.78130844867994,8
11,0.027072334289550783,0.006380390774124672,0.012717628479003906,0.0029621394026302307,3,Ridge(random_state=42),0.1,,,,"{'poly__degree': 3, 'regressor': Ridge(random_state=42), 'regressor__alpha': 0.1}",-659.2189037598324,-587.4251588463793,-1169.4194740310736,-851.8995596969618,-982.445361109365,-850.0816914887224,212.09296212683375,9
1,0.029044723510742186,0.004141177701676182,0.013272285461425781,0.0013140126306087306,3,LinearRegression(),,,,,"{'poly__degree': 3, 'regressor': LinearRegression()}",-630.3721717239494,-637.3086935727891,-1145.0421591113873,-964.0630611436706,-904.3576615553815,-856.2287494214355,198.13884077915478,10
9,0.022765159606933594,0.0020750266759999953,0.012068653106689453,0.0027377552871068957,2,Ridge(random_state=42),1.0,,,,"{'poly__degree': 2, 'regressor': Ridge(random_state=42), 'regressor__alpha': 1.0}",-732.9212392878799,-654.983379241224,-1181.1898854313683,-834.5361252698284,-962.9147688060252,-873.3090796072651,185.30945430258026,11
12,0.02347598075866699,0.001489161182357834,0.009601497650146484,0.001615003301390293,3,Ridge(random_state=42),1.0,,,,"{'poly__degree': 3, 'regressor': Ridge(random_state=42), 'regressor__alpha': 1.0}",-898.5420993261178,-668.7814242067,-1190.833953474731,-797.7880777667815,-1071.9951231191897,-925.5881355787039,186.97827669086217,12
13,0.021636486053466797,0.002440221068554638,0.010281515121459962,0.0017374811517544843,3,Ridge(random_state=42),10.0,,,,"{'poly__degree': 3, 'regressor': Ridge(random_state=42), 'regressor__alpha': 10.0}",-1600.1701452898085,-856.5629713299668,-1445.2211786484595,-983.2747605313274,-1178.1741754715238,-1212.6806462542172,277.43855766374134,13
10,0.023199796676635742,0.0030667133998397104,0.012492799758911132,0.002598974073180454,2,Ridge(random_state=42),10.0,,,,"{'poly__degree': 2, 'regressor': Ridge(random_state=42), 'regressor__alpha': 10.0}",-1806.900652214111,-886.2139957367726,-1698.4228114338596,-1274.3208262139713,-1388.670139256083,-1410.9056849709596,326.78106554013107,14
49,18.803844451904297,0.885266676938993,0.3289805889129639,0.008798353366498736,2,RandomForestRegressor(random_state=42),,10.0,1000.0,,"{'poly__degree': 2, 'regressor': RandomForestRegressor(random_state=42), 'regressor__max_depth': 10, 'regressor__n_estimators': 1000}",-6085.428119476757,-1073.420380569223,-1432.9225642941851,-1152.4608420045547,-1172.533719410496,-2183.3531251510435,1954.777775399421,15
48,10.057538032531738,0.52935562201031,0.16873779296875,0.016588529412345534,2,RandomForestRegressor(random_state=42),,10.0,500.0,,"{'poly__degree': 2, 'regressor': RandomForestRegressor(random_state=42), 'regressor__max_depth': 10, 'regressor__n_estimators': 500}",-6086.574028749957,-1069.7592148542603,-1442.1760545405737,-1156.721974691716,-1180.729280881452,-2187.192110743592,1953.6489281587822,16
47,5.234766578674316,0.4833759030162148,0.11036295890808105,0.016303635787142674,2,RandomForestRegressor(random_state=42),,10.0,250.0,,"{'poly__degree': 2, 'regressor': RandomForestRegressor(random_state=42), 'regressor__max_depth': 10, 'regressor__n_estimators': 250}",-6090.606668015671,-1067.6813684645463,-1452.0857731600915,-1143.6254030903913,-1181.9837022043982,-2187.1965829870196,1956.0064546609874,17
77,29.580081844329833,0.6287123631494914,0.24117560386657716,0.009849199009801553,3,RandomForestRegressor(random_state=42),,10.0,1000.0,,"{'poly__degree': 3, 'regressor': RandomForestRegressor(random_state=42), 'regressor__max_depth': 10, 'regressor__n_estimators': 1000}",-6087.414791385946,-1035.8175586668067,-1442.400026921561,-1177.9287601052567,-1218.3803218162552,-2192.3882917791652,1951.880598689917,18
97,4.325906229019165,0.11208196752088104,0.009415817260742188,0.00037766145329839725,2,GradientBoostingRegressor(random_state=42),,,500.0,0.1,"{'poly__degree': 2, 'regressor': GradientBoostingRegressor(random_state=42), 'regressor__learning_rate': 0.1, 'regressor__n_estimators': 500}",-6024.913247077813,-969.0647766696277,-1547.8342253082226,-1226.1659839467675,-1208.8059595485643,-2195.3568385101994,1923.6004570228074,19
76,15.00073175430298,0.49356286099048835,0.12833046913146973,0.014160938540156391,3,RandomForestRegressor(random_state=42),,10.0,500.0,,"{'poly__degree': 3, 'regressor': RandomForestRegressor(random_state=42), 'regressor__max_depth': 10, 'regressor__n_estimators': 500}",-6089.3090795935595,-1034.923037051563,-1451.6347773239972,-1182.125919743098,-1227.0770399311245,-2197.013970728668,1950.7322779072956,20
96,2.345615863800049,0.1907342972882337,0.009107065200805665,0.001962893280518572,2,GradientBoostingRegressor(random_state=42),,,250.0,0.1,"{'poly__degree': 2, 'regressor': GradientBoostingRegressor(random_state=42), 'regressor__learning_rate': 0.1, 'regressor__n_estimators': 250}",-6044.372272309557,-957.5785547381918,-1534.6645749112727,-1247.9879762241467,-1205.562359056256,-2198.033147447885,1931.8744377532269,21
74,2.796073293685913,0.19003794309675304,0.030710411071777344,0.0014337410345175519,3,RandomForestRegressor(random_state=42),,10.0,100.0,,"{'poly__degree': 3, 'regressor': RandomForestRegressor(random_state=42), 'regressor__max_depth': 10, 'regressor__n_estimators': 100}",-6117.20949326748,-1017.7933812189415,-1462.009202846151,-1179.138638944088,-1225.7193731322263,-2200.3740178817775,1963.5759765926193,22
46,2.251543569564819,0.16814338283192365,0.06803779602050782,0.05694992163160658,2,RandomForestRegressor(random_state=42),,10.0,100.0,,"{'poly__degree': 2, 'regressor': RandomForestRegressor(random_state=42), 'regressor__max_depth': 10, 'regressor__n_estimators': 100}",-6118.13384989755,-1084.9614199789253,-1448.5029744380136,-1168.5266001476364,-1184.8599607186595,-2200.996961036157,1962.359466783571,23
98,8.585299825668335,0.09274685824979988,0.012313938140869141,0.0016470511004096158,2,GradientBoostingRegressor(random_state=42),,,1000.0,0.1,"{'poly__degree': 2, 'regressor': GradientBoostingRegressor(random_state=42), 'regressor__learning_rate': 0.1, 'regressor__n_estimators': 1000}",-6045.123677371202,-968.472264729623,-1559.4047393532742,-1222.6576950791111,-1214.8961240772037,-2202.110900122083,1930.6788595120333,24
45,1.0870423316955566,0.07273057383100057,0.029492855072021484,0.0050877941779824765,2,RandomForestRegressor(random_state=42),,10.0,50.0,,"{'poly__degree': 2, 'regressor': RandomForestRegressor(random_state=42), 'regressor__max_depth': 10, 'regressor__n_estimators': 50}",-6101.454238415241,-1105.2578462733156,-1416.024951251422,-1181.8131844092272,-1209.4067352124891,-2202.791391112339,1952.043180004903,25
75,7.42603702545166,0.25359784837416505,0.06231775283813477,0.001970456446233525,3,RandomForestRegressor(random_state=42),,10.0,250.0,,"{'poly__degree': 3, 'regressor': RandomForestRegressor(random_state=42), 'regressor__max_depth': 10, 'regressor__n_estimators': 250}",-6109.376002306221,-1047.6253322358762,-1465.4436206047444,-1171.2121472602896,-1225.3834430569318,-2203.8081090928126,1957.4968989687084,26
140,17.920465660095214,0.29194249131673095,0.011800527572631836,0.00039708824423420673,3,GradientBoostingRegressor(random_state=42),,,1000.0,0.01,"{'poly__degree': 3, 'regressor': GradientBoostingRegressor(random_state=42), 'regressor__learning_rate': 0.01, 'regressor__n_estimators': 1000}",-6061.931236342181,-944.2788459403397,-1492.7974971821802,-1252.8006437067029,-1304.516400908446,-2211.26492481597,1933.3870215313339,27
73,1.0261961936950683,0.01418311589919041,0.01350398063659668,0.00044696140703498217,3,RandomForestRegressor(random_state=42),,10.0,50.0,,"{'poly__degree': 3, 'regressor': RandomForestRegressor(random_state=42), 'regressor__max_depth': 10, 'regressor__n_estimators': 50}",-6122.929537668246,-1065.9938269417999,-1471.0022381386768,-1182.027590648966,-1216.067367274183,-2211.604112134374,1960.1276422566716,28
91,8.678752231597901,0.4890325326583244,0.011900663375854492,0.0011153807732697297,2,GradientBoostingRegressor(random_state=42),,,1000.0,0.01,"{'poly__degree': 2, 'regressor': GradientBoostingRegressor(random_state=42), 'regressor__learning_rate': 0.01, 'regressor__n_estimators': 1000}",-6142.403597492574,-982.5645920500525,-1502.8168032064607,-1226.7235344861833,-1275.9822982846101,-2226.0981651039765,1965.1172854688032,29
146,9.104175233840943,0.14006790752822737,0.01059880256652832,0.0022447142502227766,3,GradientBoostingRegressor(random_state=42),,,500.0,0.1,"{'poly__degree': 3, 'regressor': GradientBoostingRegressor(random_state=42), 'regressor__learning_rate': 0.1, 'regressor__n_estimators': 500}",-5969.690617645423,-1010.301957188391,-1537.4666257699853,-1323.7610955650496,-1291.1561918757925,-2226.475297608928,1879.1054380260828,30
147,18.127764225006104,0.2904321020398999,0.01150527000427246,0.0004462630692595495,3,GradientBoostingRegressor(random_state=42),,,1000.0,0.1,"{'poly__degree': 3, 'regressor': GradientBoostingRegressor(random_state=42), 'regressor__learning_rate': 0.1, 'regressor__n_estimators': 1000}",-5975.453143693216,-1005.4833863613864,-1543.2732376026695,-1322.417283087754,-1296.9382500423073,-2228.7130601574668,1881.1568871878933,31
145,4.637220764160157,0.06146389004809714,0.009213924407958984,0.0009770717191938455,3,GradientBoostingRegressor(random_state=42),,,250.0,0.1,"{'poly__degree': 3, 'regressor': GradientBoostingRegressor(random_state=42), 'regressor__learning_rate': 0.1, 'regressor__n_estimators': 250}",-5974.706103092002,-1019.7776676748582,-1548.3182481650338,-1316.754018832097,-1303.5298478163043,-2232.617177116059,1878.5357499874258,32
95,1.1136344909667968,0.04474897002418355,0.010401630401611328,0.002059463465422837,2,GradientBoostingRegressor(random_state=42),,,100.0,0.1,"{'poly__degree': 2, 'regressor': GradientBoostingRegressor(random_state=42), 'regressor__learning_rate': 0.1, 'regressor__n_estimators': 100}",-6151.62514446915,-955.4928631352777,-1546.682836259396,-1269.580377194965,-1246.1404161493026,-2233.9043274416185,1967.7776233941818,33
44,0.2195788860321045,0.019068306689657744,0.015570974349975586,0.0011913568761320456,2,RandomForestRegressor(random_state=42),,10.0,10.0,,"{'poly__degree': 2, 'regressor': RandomForestRegressor(random_state=42), 'regressor__max_depth': 10, 'regressor__n_estimators': 10}",-5978.844211515356,-1278.0439876508913,-1476.3773240751577,-1197.867865667312,-1287.9959885551925,-2243.825875492782,1869.7439843712546,34
144,1.8572440147399902,0.00726801163230073,0.007980775833129884,0.0005908096557645734,3,GradientBoostingRegressor(random_state=42),,,100.0,0.1,"{'poly__degree': 3, 'regressor': GradientBoostingRegressor(random_state=42), 'regressor__learning_rate': 0.1, 'regressor__n_estimators': 100}",-6067.900310386963,-1035.8579299170485,-1564.0248707184023,-1315.7942568154137,-1320.9098152331992,-2260.8974366142056,1910.8333677113949,35
249,1.4357470512390136,0.03433239010705591,0.012308454513549805,0.0008767471101358983,3,"XGBRegressor(base_score=None, booster=None, callbacks=None,
             colsample_bylevel=None, colsample_bynode=None,
             colsample_bytree=None, device=None, early_stopping_rounds=None,
             enable_categorical=False, eval_metric=None, feature_types=None,
             feature_weights=None, gamma=None, grow_policy=None,
             importance_type=None, interaction_constraints=None,
             learning_rate=None, max_bin=None, max_cat_threshold=None,
             max_cat_to_onehot=None, max_delta_step=None, max_depth=None,
             max_leaves=None, min_child_weight=None, missing=nan,
             monotone_constraints=None, multi_strategy=None, n_estimators=None,
             n_jobs=None, num_parallel_tree=None, ...)",,,100.0,0.25,"{'poly__degree': 3, 'regressor': XGBRegressor(base_score=None, booster=None, callbacks=None,
             colsample_bylevel=None, colsample_bynode=None,
             colsample_bytree=None, device=None, early_stopping_rounds=None,
             enable_categorical=False, eval_metric=None, feature_types=None,
             feature_weights=None, gamma=None, grow_policy=None,
             importance_type=None, interaction_constraints=None,
             learning_rate=None, max_bin=None, max_cat_threshold=None,
             max_cat_to_onehot=None, max_delta_step=None, max_depth=None,
             max_leaves=None, min_child_weight=None, missing=nan,
             monotone_constraints=None, multi_strategy=None, n_estimators=None,
             n_jobs=None, num_parallel_tree=None, ...), 'regressor__learning_rate': 0.25, 'regressor__n_estimators': 100}",-5852.30078125,-1153.166015625,-1790.4434814453125,-1240.246337890625,-1320.138916015625,-2271.2591064453127,1804.039481122186,36
250,3.3931731224060058,0.13710022603916525,0.013800096511840821,0.00039937181276828045,3,"XGBRegressor(base_score=None, booster=None, callbacks=None,
             colsample_bylevel=None, colsample_bynode=None,
             colsample_bytree=None, device=None, early_stopping_rounds=None,
             enable_categorical=False, eval_metric=None, feature_types=None,
             feature_weights=None, gamma=None, grow_policy=None,
             importance_type=None, interaction_constraints=None,
             learning_rate=None, max_bin=None, max_cat_threshold=None,
             max_cat_to_onehot=None, max_delta_step=None, max_depth=None,
             max_leaves=None, min_child_weight=None, missing=nan,
             monotone_constraints=None, multi_strategy=None, n_estimators=None,
             n_jobs=None, num_parallel_tree=None, ...)",,,250.0,0.25,"{'poly__degree': 3, 'regressor': XGBRegressor(base_score=None, booster=None, callbacks=None,
             colsample_bylevel=None, colsample_bynode=None,
             colsample_bytree=None, device=None, early_stopping_rounds=None,
             enable_categorical=False, eval_metric=None, feature_types=None,
             feature_weights=None, gamma=None, grow_policy=None,
             importance_type=None, interaction_constraints=None,
             learning_rate=None, max_bin=None, max_cat_threshold=None,
             max_cat_to_onehot=None, max_delta_step=None, max_depth=None,
             max_leaves=None, min_child_weight=None, missing=nan,
             monotone_constraints=None, multi_strategy=None, n_estimators=None,
             n_jobs=None, num_parallel_tree=None, ...), 'regressor__learning_rate': 0.25, 'regressor__n_estimators': 250}",-5841.38134765625,-1154.3690185546875,-1799.0029296875,-1244.85400390625,-1324.2064208984375,-2272.762744140625,1798.1461064769692,37
251,6.76037564277649,0.2060844771470941,0.018709802627563478,0.0023293849245424013,3,"XGBRegressor(base_score=None, booster=None, callbacks=None,
             colsample_bylevel=None, colsample_bynode=None,
             colsample_bytree=None, device=None, early_stopping_rounds=None,
             enable_categorical=False, eval_metric=None, feature_types=None,
             feature_weights=None, gamma=None, grow_policy=None,
             importance_type=None, interaction_constraints=None,
             learning_rate=None, max_bin=None, max_cat_threshold=None,
             max_cat_to_onehot=None, max_delta_step=None, max_depth=None,
             max_leaves=None, min_child_weight=None, missing=nan,
             monotone_constraints=None, multi_strategy=None, n_estimators=None,
             n_jobs=None, num_parallel_tree=None, ...)",,,500.0,0.25,"{'poly__degree': 3, 'regressor': XGBRegressor(base_score=None, booster=None, callbacks=None,
             colsample_bylevel=None, colsample_bynode=None,
             colsample_bytree=None, device=None, early_stopping_rounds=None,
             enable_categorical=False, eval_metric=None, feature_types=None,
             feature_weights=None, gamma=None, grow_policy=None,
             importance_type=None, interaction_constraints=None,
             learning_rate=None, max_bin=None, max_cat_threshold=None,
             max_cat_to_onehot=None, max_delta_step=None, max_depth=None,
             max_leaves=None, min_child_weight=None, missing=nan,
             monotone_constraints=None, multi_strategy=None, n_estimators=None,
             n_jobs=None, num_parallel_tree=None, ...), 'regressor__learning_rate': 0.25, 'regressor__n_estimators': 500}",-5841.52783203125,-1154.516357421875,-1799.2181396484375,-1244.9716796875,-1323.931396484375,-2272.8330810546877,1798.1901512425563,38
252,13.16908826828003,1.6640237420029644,0.022320938110351563,0.002101861150531129,3,"XGBRegressor(base_score=None, booster=None, callbacks=None,
             colsample_bylevel=None, colsample_bynode=None,
             colsample_bytree=None, device=None, early_stopping_rounds=None,
             enable_categorical=False, eval_metric=None, feature_types=None,
             feature_weights=None, gamma=None, grow_policy=None,
             importance_type=None, interaction_constraints=None,
             learning_rate=None, max_bin=None, max_cat_threshold=None,
             max_cat_to_onehot=None, max_delta_step=None, max_depth=None,
             max_leaves=None, min_child_weight=None, missing=nan,
             monotone_constraints=None, multi_strategy=None, n_estimators=None,
             n_jobs=None, num_parallel_tree=None, ...)",,,1000.0,0.25,"{'poly__degree': 3, 'regressor': XGBRegressor(base_score=None, booster=None, callbacks=None,
             colsample_bylevel=None, colsample_bynode=None,
             colsample_bytree=None, device=None, early_stopping_rounds=None,
             enable_categorical=False, eval_metric=None, feature_types=None,
             feature_weights=None, gamma=None, grow_policy=None,
             importance_type=None, interaction_constraints=None,
             learning_rate=None, max_bin=None, max_cat_threshold=None,
             max_cat_to_onehot=None, max_delta_step=None, max_depth=None,
             max_leaves=None, min_child_weight=None, missing=nan,
             monotone_constraints=None, multi_strategy=None, n_estimators=None,
             n_jobs=None, num_parallel_tree=None, ...), 'regressor__learning_rate': 0.25, 'regressor__n_estimators': 1000}",-5841.52734375,-1154.52001953125,-1799.228759765625,-1244.973388671875,-1323.9293212890625,-2272.8357666015627,1798.1889661433588,39
248,0.7655153274536133,0.030050206656070846,0.011400604248046875,0.0004872639916925357,3,"XGBRegressor(base_score=None, booster=None, callbacks=None,
             colsample_bylevel=None, colsample_bynode=None,
             colsample_bytree=None, device=None, early_stopping_rounds=None,
             enable_categorical=False, eval_metric=None, feature_types=None,
             feature_weights=None, gamma=None, grow_policy=None,
             importance_type=None, interaction_constraints=None,
             learning_rate=None, max_bin=None, max_cat_threshold=None,
             max_cat_to_onehot=None, max_delta_step=None, max_depth=None,
             max_leaves=None, min_child_weight=None, missing=nan,
             monotone_constraints=None, multi_strategy=None, n_estimators=None,
             n_jobs=None, num_parallel_tree=None, ...)",,,50.0,0.25,"{'poly__degree': 3, 'regressor': XGBRegressor(base_score=None, booster=None, callbacks=None,
             colsample_bylevel=None, colsample_bynode=None,
             colsample_bytree=None, device=None, early_stopping_rounds=None,
             enable_categorical=False, eval_metric=None, feature_types=None,
             feature_weights=None, gamma=None, grow_policy=None,
             importance_type=None, interaction_constraints=None,
             learning_rate=None, max_bin=None, max_cat_threshold=None,
             max_cat_to_onehot=None, max_delta_step=None, max_depth=None,
             max_leaves=None, min_child_weight=None, missing=nan,
             monotone_constraints=None, multi_strategy=None, n_estimators=None,
             n_jobs=None, num_parallel_tree=None, ...), 'regressor__learning_rate': 0.25, 'regressor__n_estimators': 50}",-5860.7099609375,-1151.936279296875,-1793.3995361328125,-1241.43017578125,-1329.100830078125,-2275.3153564453123,1806.2955669252515,40
72,0.2113579273223877,0.006091116766274783,0.006599903106689453,0.0008004915492346786,3,RandomForestRegressor(random_state=42),,10.0,10.0,,"{'poly__degree': 3, 'regressor': RandomForestRegressor(random_state=42), 'regressor__max_depth': 10, 'regressor__n_estimators': 10}",-6298.405453415182,-1109.4721440491494,-1508.871605413235,-1255.920701858275,-1244.284431879943,-2283.390867323157,2011.6532756692645,41
245,13.545381784439087,0.3487777866923635,0.023511266708374022,0.002001246870510974,3,"XGBRegressor(base_score=None, booster=None, callbacks=None,
             colsample_bylevel=None, colsample_bynode=None,
             colsample_bytree=None, device=None, early_stopping_rounds=None,
             enable_categorical=False, eval_metric=None, feature_types=None,
             feature_weights=None, gamma=None, grow_policy=None,
             importance_type=None, interaction_constraints=None,
             learning_rate=None, max_bin=None, max_cat_threshold=None,
             max_cat_to_onehot=None, max_delta_step=None, max_depth=None,
             max_leaves=None, min_child_weight=None, missing=nan,
             monotone_constraints=None, multi_strategy=None, n_estimators=None,
             n_jobs=None, num_parallel_tree=None, ...)",,,1000.0,0.1,"{'poly__degree': 3, 'regressor': XGBRegressor(base_score=None, booster=None, callbacks=None,
             colsample_bylevel=None, colsample_bynode=None,
             colsample_bytree=None, device=None, early_stopping_rounds=None,
             enable_categorical=False, eval_metric=None, feature_types=None,
             feature_weights=None, gamma=None, grow_policy=None,
             importance_type=None, interaction_constraints=None,
             learning_rate=None, max_bin=None, max_cat_threshold=None,
             max_cat_to_onehot=None, max_delta_step=None, max_depth=None,
             max_leaves=None, min_child_weight=None, missing=nan,
             monotone_constraints=None, multi_strategy=None, n_estimators=None,
             n_jobs=None, num_parallel_tree=None, ...), 'regressor__learning_rate': 0.1, 'regressor__n_estimators': 1000}",-5882.00048828125,-1324.8404541015625,-1813.5699462890625,-1149.836669921875,-1293.0635986328125,-2292.6622314453125,1808.579841929854,42
244,6.848176002502441,0.3464257243677342,0.017406749725341796,0.000491526055617362,3,"XGBRegressor(base_score=None, booster=None, callbacks=None,
             colsample_bylevel=None, colsample_bynode=None,
             colsample_bytree=None, device=None, early_stopping_rounds=None,
             enable_categorical=False, eval_metric=None, feature_types=None,
             feature_weights=None, gamma=None, grow_policy=None,
             importance_type=None, interaction_constraints=None,
             learning_rate=None, max_bin=None, max_cat_threshold=None,
             max_cat_to_onehot=None, max_delta_step=None, max_depth=None,
             max_leaves=None, min_child_weight=None, missing=nan,
             monotone_constraints=None, multi_strategy=None, n_estimators=None,
             n_jobs=None, num_parallel_tree=None, ...)",,,500.0,0.1,"{'poly__degree': 3, 'regressor': XGBRegressor(base_score=None, booster=None, callbacks=None,
             colsample_bylevel=None, colsample_bynode=None,
             colsample_bytree=None, device=None, early_stopping_rounds=None,
             enable_categorical=False, eval_metric=None, feature_types=None,
             feature_weights=None, gamma=None, grow_policy=None,
             importance_type=None, interaction_constraints=None,
             learning_rate=None, max_bin=None, max_cat_threshold=None,
             max_cat_to_onehot=None, max_delta_step=None, max_depth=None,
             max_leaves=None, min_child_weight=None, missing=nan,
             monotone_constraints=None, multi_strategy=None, n_estimators=None,
             n_jobs=None, num_parallel_tree=None, ...), 'regressor__learning_rate': 0.1, 'regressor__n_estimators': 500}",-5881.40478515625,-1325.82421875,-1813.35595703125,-1149.7955322265625,-1292.9364013671875,-2292.66337890625,1808.268751696107,43
243,3.6958402156829835,0.34668090848629407,0.014830064773559571,0.0017395931379988296,3,"XGBRegressor(base_score=None, booster=None, callbacks=None,
             colsample_bylevel=None, colsample_bynode=None,
             colsample_bytree=None, device=None, early_stopping_rounds=None,
             enable_categorical=False, eval_metric=None, feature_types=None,
             feature_weights=None, gamma=None, grow_policy=None,
             importance_type=None, interaction_constraints=None,
             learning_rate=None, max_bin=None, max_cat_threshold=None,
             max_cat_to_onehot=None, max_delta_step=None, max_depth=None,
             max_leaves=None, min_child_weight=None, missing=nan,
             monotone_constraints=None, multi_strategy=None, n_estimators=None,
             n_jobs=None, num_parallel_tree=None, ...)",,,250.0,0.1,"{'poly__degree': 3, 'regressor': XGBRegressor(base_score=None, booster=None, callbacks=None,
             colsample_bylevel=None, colsample_bynode=None,
             colsample_bytree=None, device=None, early_stopping_rounds=None,
             enable_categorical=False, eval_metric=None, feature_types=None,
             feature_weights=None, gamma=None, grow_policy=None,
             importance_type=None, interaction_constraints=None,
             learning_rate=None, max_bin=None, max_cat_threshold=None,
             max_cat_to_onehot=None, max_delta_step=None, max_depth=None,
             max_leaves=None, min_child_weight=None, missing=nan,
             monotone_constraints=None, multi_strategy=None, n_estimators=None,
             n_jobs=None, num_parallel_tree=None, ...), 'regressor__learning_rate': 0.1, 'regressor__n_estimators': 250}",-5888.95703125,-1324.6883544921875,-1811.418212890625,-1151.425048828125,-1291.371826171875,-2293.5720947265627,1811.4583165165725,44
238,14.885718727111817,0.8164134254252161,0.024600505828857422,0.004922714708162625,3,"XGBRegressor(base_score=None, booster=None, callbacks=None,
             colsample_bylevel=None, colsample_bynode=None,
             colsample_bytree=None, device=None, early_stopping_rounds=None,
             enable_categorical=False, eval_metric=None, feature_types=None,
             feature_weights=None, gamma=None, grow_policy=None,
             importance_type=None, interaction_constraints=None,
             learning_rate=None, max_bin=None, max_cat_threshold=None,
             max_cat_to_onehot=None, max_delta_step=None, max_depth=None,
             max_leaves=None, min_child_weight=None, missing=nan,
             monotone_constraints=None, multi_strategy=None, n_estimators=None,
             n_jobs=None, num_parallel_tree=None, ...)",,,1000.0,0.01,"{'poly__degree': 3, 'regressor': XGBRegressor(base_score=None, booster=None, callbacks=None,
             colsample_bylevel=None, colsample_bynode=None,
             colsample_bytree=None, device=None, early_stopping_rounds=None,
             enable_categorical=False, eval_metric=None, feature_types=None,
             feature_weights=None, gamma=None, grow_policy=None,
             importance_type=None, interaction_constraints=None,
             learning_rate=None, max_bin=None, max_cat_threshold=None,
             max_cat_to_onehot=None, max_delta_step=None, max_depth=None,
             max_leaves=None, min_child_weight=None, missing=nan,
             monotone_constraints=None, multi_strategy=None, n_estimators=None,
             n_jobs=None, num_parallel_tree=None, ...), 'regressor__learning_rate': 0.01, 'regressor__n_estimators': 1000}",-5968.7861328125,-1225.71337890625,-1831.989501953125,-1135.6702880859375,-1311.1597900390625,-2294.663818359375,1852.9135718413513,45
242,1.5265211105346679,0.06464128483129908,0.011707782745361328,0.0006084461010332648,3,"XGBRegressor(base_score=None, booster=None, callbacks=None,
             colsample_bylevel=None, colsample_bynode=None,
             colsample_bytree=None, device=None, early_stopping_rounds=None,
             enable_categorical=False, eval_metric=None, feature_types=None,
             feature_weights=None, gamma=None, grow_policy=None,
             importance_type=None, interaction_constraints=None,
             learning_rate=None, max_bin=None, max_cat_threshold=None,
             max_cat_to_onehot=None, max_delta_step=None, max_depth=None,
             max_leaves=None, min_child_weight=None, missing=nan,
             monotone_constraints=None, multi_strategy=None, n_estimators=None,
             n_jobs=None, num_parallel_tree=None, ...)",,,100.0,0.1,"{'poly__degree': 3, 'regressor': XGBRegressor(base_score=None, booster=None, callbacks=None,
             colsample_bylevel=None, colsample_bynode=None,
             colsample_bytree=None, device=None, early_stopping_rounds=None,
             enable_categorical=False, eval_metric=None, feature_types=None,
             feature_weights=None, gamma=None, grow_policy=None,
             importance_type=None, interaction_constraints=None,
             learning_rate=None, max_bin=None, max_cat_threshold=None,
             max_cat_to_onehot=None, max_delta_step=None, max_depth=None,
             max_leaves=None, min_child_weight=None, missing=nan,
             monotone_constraints=None, multi_strategy=None, n_estimators=None,
             n_jobs=None, num_parallel_tree=None, ...), 'regressor__learning_rate': 0.1, 'regressor__n_estimators': 100}",-5932.02392578125,-1324.83056640625,-1814.134765625,-1136.28515625,-1293.8204345703125,-2300.2189697265626,1830.0408500003996,46
189,6.386216115951538,0.59950866865787,0.024023962020874024,0.0035830754841432435,2,"XGBRegressor(base_score=None, booster=None, callbacks=None,
             colsample_bylevel=None, colsample_bynode=None,
             colsample_bytree=None, device=None, early_stopping_rounds=None,
             enable_categorical=False, eval_metric=None, feature_types=None,
             feature_weights=None, gamma=None, grow_policy=None,
             importance_type=None, interaction_constraints=None,
             learning_rate=None, max_bin=None, max_cat_threshold=None,
             max_cat_to_onehot=None, max_delta_step=None, max_depth=None,
             max_leaves=None, min_child_weight=None, missing=nan,
             monotone_constraints=None, multi_strategy=None, n_estimators=None,
             n_jobs=None, num_parallel_tree=None, ...)",,,1000.0,0.01,"{'poly__degree': 2, 'regressor': XGBRegressor(base_score=None, booster=None, callbacks=None,
             colsample_bylevel=None, colsample_bynode=None,
             colsample_bytree=None, device=None, early_stopping_rounds=None,
             enable_categorical=False, eval_metric=None, feature_types=None,
             feature_weights=None, gamma=None, grow_policy=None,
             importance_type=None, interaction_constraints=None,
             learning_rate=None, max_bin=None, max_cat_threshold=None,
             max_cat_to_onehot=None, max_delta_step=None, max_depth=None,
             max_leaves=None, min_child_weight=None, missing=nan,
             monotone_constraints=None, multi_strategy=None, n_estimators=None,
             n_jobs=None, num_parallel_tree=None, ...), 'regressor__learning_rate': 0.01, 'regressor__n_estimators': 1000}",-6114.76318359375,-1217.6278076171875,-1857.9827880859375,-1124.6513671875,-1245.7462158203125,-2312.1542724609376,1918.9311474771735,47
139,9.110185289382935,0.13001222259738993,0.009205102920532227,0.0006767432979413989,3,GradientBoostingRegressor(random_state=42),,,500.0,0.01,"{'poly__degree': 3, 'regressor': GradientBoostingRegressor(random_state=42), 'regressor__learning_rate': 0.01, 'regressor__n_estimators': 500}",-6478.646219915302,-1016.4720693220601,-1487.866642481748,-1251.7723110302616,-1336.1655111103287,-2314.18455077194,2087.814214576084,48
194,1.6829590797424316,0.17183719750045573,0.014513683319091798,0.0006273391761008926,2,"XGBRegressor(base_score=None, booster=None, callbacks=None,
             colsample_bylevel=None, colsample_bynode=None,
             colsample_bytree=None, device=None, early_stopping_rounds=None,
             enable_categorical=False, eval_metric=None, feature_types=None,
             feature_weights=None, gamma=None, grow_policy=None,
             importance_type=None, interaction_constraints=None,
             learning_rate=None, max_bin=None, max_cat_threshold=None,
             max_cat_to_onehot=None, max_delta_step=None, max_depth=None,
             max_leaves=None, min_child_weight=None, missing=nan,
             monotone_constraints=None, multi_strategy=None, n_estimators=None,
             n_jobs=None, num_parallel_tree=None, ...)",,,250.0,0.1,"{'poly__degree': 2, 'regressor': XGBRegressor(base_score=None, booster=None, callbacks=None,
             colsample_bylevel=None, colsample_bynode=None,
             colsample_bytree=None, device=None, early_stopping_rounds=None,
             enable_categorical=False, eval_metric=None, feature_types=None,
             feature_weights=None, gamma=None, grow_policy=None,
             importance_type=None, interaction_constraints=None,
             learning_rate=None, max_bin=None, max_cat_threshold=None,
             max_cat_to_onehot=None, max_delta_step=None, max_depth=None,
             max_leaves=None, min_child_weight=None, missing=nan,
             monotone_constraints=None, multi_strategy=None, n_estimators=None,
             n_jobs=None, num_parallel_tree=None, ...), 'regressor__learning_rate': 0.1, 'regressor__n_estimators': 250}",-6077.0634765625,-1308.0384521484375,-1802.8089599609375,-1123.5289306640625,-1271.9591064453125,-2316.67978515625,1894.0409883808989,49
195,3.099158763885498,0.22109925328837599,0.01860189437866211,0.0033790657733663897,2,"XGBRegressor(base_score=None, booster=None, callbacks=None,
             colsample_bylevel=None, colsample_bynode=None,
             colsample_bytree=None, device=None, early_stopping_rounds=None,
             enable_categorical=False, eval_metric=None, feature_types=None,
             feature_weights=None, gamma=None, grow_policy=None,
             importance_type=None, interaction_constraints=None,
             learning_rate=None, max_bin=None, max_cat_threshold=None,
             max_cat_to_onehot=None, max_delta_step=None, max_depth=None,
             max_leaves=None, min_child_weight=None, missing=nan,
             monotone_constraints=None, multi_strategy=None, n_estimators=None,
             n_jobs=None, num_parallel_tree=None, ...)",,,500.0,0.1,"{'poly__degree': 2, 'regressor': XGBRegressor(base_score=None, booster=None, callbacks=None,
             colsample_bylevel=None, colsample_bynode=None,
             colsample_bytree=None, device=None, early_stopping_rounds=None,
             enable_categorical=False, eval_metric=None, feature_types=None,
             feature_weights=None, gamma=None, grow_policy=None,
             importance_type=None, interaction_constraints=None,
             learning_rate=None, max_bin=None, max_cat_threshold=None,
             max_cat_to_onehot=None, max_delta_step=None, max_depth=None,
             max_leaves=None, min_child_weight=None, missing=nan,
             monotone_constraints=None, multi_strategy=None, n_estimators=None,
             n_jobs=None, num_parallel_tree=None, ...), 'regressor__learning_rate': 0.1, 'regressor__n_estimators': 500}",-6079.75732421875,-1316.26318359375,-1800.6461181640625,-1122.79736328125,-1269.506591796875,-2317.7941162109373,1894.7188399671354,50
196,6.017344427108765,0.36270653015223175,0.024521064758300782,0.002438752808349329,2,"XGBRegressor(base_score=None, booster=None, callbacks=None,
             colsample_bylevel=None, colsample_bynode=None,
             colsample_bytree=None, device=None, early_stopping_rounds=None,
             enable_categorical=False, eval_metric=None, feature_types=None,
             feature_weights=None, gamma=None, grow_policy=None,
             importance_type=None, interaction_constraints=None,
             learning_rate=None, max_bin=None, max_cat_threshold=None,
             max_cat_to_onehot=None, max_delta_step=None, max_depth=None,
             max_leaves=None, min_child_weight=None, missing=nan,
             monotone_constraints=None, multi_strategy=None, n_estimators=None,
             n_jobs=None, num_parallel_tree=None, ...)",,,1000.0,0.1,"{'poly__degree': 2, 'regressor': XGBRegressor(base_score=None, booster=None, callbacks=None,
             colsample_bylevel=None, colsample_bynode=None,
             colsample_bytree=None, device=None, early_stopping_rounds=None,
             enable_categorical=False, eval_metric=None, feature_types=None,
             feature_weights=None, gamma=None, grow_policy=None,
             importance_type=None, interaction_constraints=None,
             learning_rate=None, max_bin=None, max_cat_threshold=None,
             max_cat_to_onehot=None, max_delta_step=None, max_depth=None,
             max_leaves=None, min_child_weight=None, missing=nan,
             monotone_constraints=None, multi_strategy=None, n_estimators=None,
             n_jobs=None, num_parallel_tree=None, ...), 'regressor__learning_rate': 0.1, 'regressor__n_estimators': 1000}",-6081.92431640625,-1316.1185302734375,-1800.079833984375,-1123.5653076171875,-1268.6361083984375,-2318.0648193359375,1895.625112079835,51
193,0.6918872356414795,0.04900154223721569,0.013396739959716797,0.002864922679065854,2,"XGBRegressor(base_score=None, booster=None, callbacks=None,
             colsample_bylevel=None, colsample_bynode=None,
             colsample_bytree=None, device=None, early_stopping_rounds=None,
             enable_categorical=False, eval_metric=None, feature_types=None,
             feature_weights=None, gamma=None, grow_policy=None,
             importance_type=None, interaction_constraints=None,
             learning_rate=None, max_bin=None, max_cat_threshold=None,
             max_cat_to_onehot=None, max_delta_step=None, max_depth=None,
             max_leaves=None, min_child_weight=None, missing=nan,
             monotone_constraints=None, multi_strategy=None, n_estimators=None,
             n_jobs=None, num_parallel_tree=None, ...)",,,100.0,0.1,"{'poly__degree': 2, 'regressor': XGBRegressor(base_score=None, booster=None, callbacks=None,
             colsample_bylevel=None, colsample_bynode=None,
             colsample_bytree=None, device=None, early_stopping_rounds=None,
             enable_categorical=False, eval_metric=None, feature_types=None,
             feature_weights=None, gamma=None, grow_policy=None,
             importance_type=None, interaction_constraints=None,
             learning_rate=None, max_bin=None, max_cat_threshold=None,
             max_cat_to_onehot=None, max_delta_step=None, max_depth=None,
             max_leaves=None, min_child_weight=None, missing=nan,
             monotone_constraints=None, multi_strategy=None, n_estimators=None,
             n_jobs=None, num_parallel_tree=None, ...), 'regressor__learning_rate': 0.1, 'regressor__n_estimators': 100}",-6100.7138671875,-1317.8218994140625,-1799.95947265625,-1123.5504150390625,-1275.885498046875,-2323.58623046875,1902.114761953916,52
200,0.6469738483428955,0.04050409180831398,0.013112115859985351,0.0018547557407175973,2,"XGBRegressor(base_score=None, booster=None, callbacks=None,
             colsample_bylevel=None, colsample_bynode=None,
             colsample_bytree=None, device=None, early_stopping_rounds=None,
             enable_categorical=False, eval_metric=None, feature_types=None,
             feature_weights=None, gamma=None, grow_policy=None,
             importance_type=None, interaction_constraints=None,
             learning_rate=None, max_bin=None, max_cat_threshold=None,
             max_cat_to_onehot=None, max_delta_step=None, max_depth=None,
             max_leaves=None, min_child_weight=None, missing=nan,
             monotone_constraints=None, multi_strategy=None, n_estimators=None,
             n_jobs=None, num_parallel_tree=None, ...)",,,100.0,0.25,"{'poly__degree': 2, 'regressor': XGBRegressor(base_score=None, booster=None, callbacks=None,
             colsample_bylevel=None, colsample_bynode=None,
             colsample_bytree=None, device=None, early_stopping_rounds=None,
             enable_categorical=False, eval_metric=None, feature_types=None,
             feature_weights=None, gamma=None, grow_policy=None,
             importance_type=None, interaction_constraints=None,
             learning_rate=None, max_bin=None, max_cat_threshold=None,
             max_cat_to_onehot=None, max_delta_step=None, max_depth=None,
             max_leaves=None, min_child_weight=None, missing=nan,
             monotone_constraints=None, multi_strategy=None, n_estimators=None,
             n_jobs=None, num_parallel_tree=None, ...), 'regressor__learning_rate': 0.25, 'regressor__n_estimators': 100}",-6061.17822265625,-1228.8197021484375,-1876.0645751953125,-1196.0889892578125,-1264.9185791015625,-2325.414013671875,1884.6959332776053,53
201,1.4640526294708252,0.058079177662253983,0.015510892868041993,0.003947750860541788,2,"XGBRegressor(base_score=None, booster=None, callbacks=None,
             colsample_bylevel=None, colsample_bynode=None,
             colsample_bytree=None, device=None, early_stopping_rounds=None,
             enable_categorical=False, eval_metric=None, feature_types=None,
             feature_weights=None, gamma=None, grow_policy=None,
             importance_type=None, interaction_constraints=None,
             learning_rate=None, max_bin=None, max_cat_threshold=None,
             max_cat_to_onehot=None, max_delta_step=None, max_depth=None,
             max_leaves=None, min_child_weight=None, missing=nan,
             monotone_constraints=None, multi_strategy=None, n_estimators=None,
             n_jobs=None, num_parallel_tree=None, ...)",,,250.0,0.25,"{'poly__degree': 2, 'regressor': XGBRegressor(base_score=None, booster=None, callbacks=None,
             colsample_bylevel=None, colsample_bynode=None,
             colsample_bytree=None, device=None, early_stopping_rounds=None,
             enable_categorical=False, eval_metric=None, feature_types=None,
             feature_weights=None, gamma=None, grow_policy=None,
             importance_type=None, interaction_constraints=None,
             learning_rate=None, max_bin=None, max_cat_threshold=None,
             max_cat_to_onehot=None, max_delta_step=None, max_depth=None,
             max_leaves=None, min_child_weight=None, missing=nan,
             monotone_constraints=None, multi_strategy=None, n_estimators=None,
             n_jobs=None, num_parallel_tree=None, ...), 'regressor__learning_rate': 0.25, 'regressor__n_estimators': 250}",-6061.34375,-1240.671142578125,-1884.0487060546875,-1196.4765625,-1260.3424072265625,-2328.576513671875,1883.4791591318794,54
202,2.9717440605163574,0.19960351970780985,0.01640605926513672,0.0007977599806119965,2,"XGBRegressor(base_score=None, booster=None, callbacks=None,
             colsample_bylevel=None, colsample_bynode=None,
             colsample_bytree=None, device=None, early_stopping_rounds=None,
             enable_categorical=False, eval_metric=None, feature_types=None,
             feature_weights=None, gamma=None, grow_policy=None,
             importance_type=None, interaction_constraints=None,
             learning_rate=None, max_bin=None, max_cat_threshold=None,
             max_cat_to_onehot=None, max_delta_step=None, max_depth=None,
             max_leaves=None, min_child_weight=None, missing=nan,
             monotone_constraints=None, multi_strategy=None, n_estimators=None,
             n_jobs=None, num_parallel_tree=None, ...)",,,500.0,0.25,"{'poly__degree': 2, 'regressor': XGBRegressor(base_score=None, booster=None, callbacks=None,
             colsample_bylevel=None, colsample_bynode=None,
             colsample_bytree=None, device=None, early_stopping_rounds=None,
             enable_categorical=False, eval_metric=None, feature_types=None,
             feature_weights=None, gamma=None, grow_policy=None,
             importance_type=None, interaction_constraints=None,
             learning_rate=None, max_bin=None, max_cat_threshold=None,
             max_cat_to_onehot=None, max_delta_step=None, max_depth=None,
             max_leaves=None, min_child_weight=None, missing=nan,
             monotone_constraints=None, multi_strategy=None, n_estimators=None,
             n_jobs=None, num_parallel_tree=None, ...), 'regressor__learning_rate': 0.25, 'regressor__n_estimators': 500}",-6061.92919921875,-1241.4327392578125,-1885.2099609375,-1196.838134765625,-1260.368408203125,-2329.1556884765623,1883.5220412127962,55
203,5.663234233856201,0.14107137102451353,0.021911191940307616,0.002615852200993469,2,"XGBRegressor(base_score=None, booster=None, callbacks=None,
             colsample_bylevel=None, colsample_bynode=None,
             colsample_bytree=None, device=None, early_stopping_rounds=None,
             enable_categorical=False, eval_metric=None, feature_types=None,
             feature_weights=None, gamma=None, grow_policy=None,
             importance_type=None, interaction_constraints=None,
             learning_rate=None, max_bin=None, max_cat_threshold=None,
             max_cat_to_onehot=None, max_delta_step=None, max_depth=None,
             max_leaves=None, min_child_weight=None, missing=nan,
             monotone_constraints=None, multi_strategy=None, n_estimators=None,
             n_jobs=None, num_parallel_tree=None, ...)",,,1000.0,0.25,"{'poly__degree': 2, 'regressor': XGBRegressor(base_score=None, booster=None, callbacks=None,
             colsample_bylevel=None, colsample_bynode=None,
             colsample_bytree=None, device=None, early_stopping_rounds=None,
             enable_categorical=False, eval_metric=None, feature_types=None,
             feature_weights=None, gamma=None, grow_policy=None,
             importance_type=None, interaction_constraints=None,
             learning_rate=None, max_bin=None, max_cat_threshold=None,
             max_cat_to_onehot=None, max_delta_step=None, max_depth=None,
             max_leaves=None, min_child_weight=None, missing=nan,
             monotone_constraints=None, multi_strategy=None, n_estimators=None,
             n_jobs=None, num_parallel_tree=None, ...), 'regressor__learning_rate': 0.25, 'regressor__n_estimators': 1000}",-6061.95361328125,-1241.4432373046875,-1885.2286376953125,-1196.844482421875,-1260.353515625,-2329.164697265625,1883.5305520176357,56
199,0.34422526359558103,0.01643738838748188,0.012005853652954101,0.0015550644181599005,2,"XGBRegressor(base_score=None, booster=None, callbacks=None,
             colsample_bylevel=None, colsample_bynode=None,
             colsample_bytree=None, device=None, early_stopping_rounds=None,
             enable_categorical=False, eval_metric=None, feature_types=None,
             feature_weights=None, gamma=None, grow_policy=None,
             importance_type=None, interaction_constraints=None,
             learning_rate=None, max_bin=None, max_cat_threshold=None,
             max_cat_to_onehot=None, max_delta_step=None, max_depth=None,
             max_leaves=None, min_child_weight=None, missing=nan,
             monotone_constraints=None, multi_strategy=None, n_estimators=None,
             n_jobs=None, num_parallel_tree=None, ...)",,,50.0,0.25,"{'poly__degree': 2, 'regressor': XGBRegressor(base_score=None, booster=None, callbacks=None,
             colsample_bylevel=None, colsample_bynode=None,
             colsample_bytree=None, device=None, early_stopping_rounds=None,
             enable_categorical=False, eval_metric=None, feature_types=None,
             feature_weights=None, gamma=None, grow_policy=None,
             importance_type=None, interaction_constraints=None,
             learning_rate=None, max_bin=None, max_cat_threshold=None,
             max_cat_to_onehot=None, max_delta_step=None, max_depth=None,
             max_leaves=None, min_child_weight=None, missing=nan,
             monotone_constraints=None, multi_strategy=None, n_estimators=None,
             n_jobs=None, num_parallel_tree=None, ...), 'regressor__learning_rate': 0.25, 'regressor__n_estimators': 50}",-6071.7578125,-1232.4476318359375,-1873.0235595703125,-1210.955810546875,-1278.409912109375,-2333.3189453125,1885.324732203118,57
154,18.734433937072755,0.6812646213817936,0.012003278732299805,0.0010952902255290514,3,GradientBoostingRegressor(random_state=42),,,1000.0,0.25,"{'poly__degree': 3, 'regressor': GradientBoostingRegressor(random_state=42), 'regressor__learning_rate': 0.25, 'regressor__n_estimators': 1000}",-5920.982992902634,-1100.3245154501412,-1690.7884087430239,-1602.9356343643078,-1401.8763494871105,-2343.3815801894434,1800.277360852651,58
153,9.465008640289307,0.4396276287957814,0.010399866104125976,0.0008018381616379559,3,GradientBoostingRegressor(random_state=42),,,500.0,0.25,"{'poly__degree': 3, 'regressor': GradientBoostingRegressor(random_state=42), 'regressor__learning_rate': 0.25, 'regressor__n_estimators': 500}",-5923.114175174964,-1101.5433512315599,-1689.5212276497336,-1602.1505548419814,-1402.0303346298633,-2343.67192870562,1801.0966758100074,59
143,0.9605186462402344,0.03636380589748219,0.00840301513671875,0.0013555839723360824,3,GradientBoostingRegressor(random_state=42),,,50.0,0.1,"{'poly__degree': 3, 'regressor': GradientBoostingRegressor(random_state=42), 'regressor__learning_rate': 0.1, 'regressor__n_estimators': 50}",-6430.408602254222,-1087.4026738036619,-1544.7631423638481,-1307.5500825687413,-1352.5501172124364,-2344.5349236405823,2048.1089585318177,60
90,4.195087862014771,0.11768670493973973,0.010802268981933594,0.0011667137249113044,2,GradientBoostingRegressor(random_state=42),,,500.0,0.01,"{'poly__degree': 2, 'regressor': GradientBoostingRegressor(random_state=42), 'regressor__learning_rate': 0.01, 'regressor__n_estimators': 500}",-6548.171220306103,-1074.1161148022966,-1507.9902908802067,-1274.6715918621428,-1323.4509215895614,-2345.6800278880623,2105.7797851961636,61
94,0.5371779441833496,0.05047390660835388,0.01300048828125,0.0022832451957465814,2,GradientBoostingRegressor(random_state=42),,,50.0,0.1,"{'poly__degree': 2, 'regressor': GradientBoostingRegressor(random_state=42), 'regressor__learning_rate': 0.1, 'regressor__n_estimators': 50}",-6539.628302751686,-1007.4984064039229,-1585.4830212623651,-1320.956227234583,-1289.2961372121133,-2348.572418972934,2103.511142621621,62
152,4.655752229690552,0.08840668739962161,0.008604717254638673,0.0004920073501541083,3,GradientBoostingRegressor(random_state=42),,,250.0,0.25,"{'poly__degree': 3, 'regressor': GradientBoostingRegressor(random_state=42), 'regressor__learning_rate': 0.25, 'regressor__n_estimators': 250}",-5942.073996430568,-1105.3434113190256,-1693.2777317378302,-1599.6412359009876,-1404.2215803843337,-2348.911591154549,1807.8151967451138,63
151,1.863755750656128,0.006502531072517725,0.008403253555297852,0.0004908960011999516,3,GradientBoostingRegressor(random_state=42),,,100.0,0.25,"{'poly__degree': 3, 'regressor': GradientBoostingRegressor(random_state=42), 'regressor__learning_rate': 0.25, 'regressor__n_estimators': 100}",-5982.975129387963,-1130.935310389461,-1672.5035874516502,-1584.8563576973324,-1395.4138147845351,-2353.336839942188,1824.2945103836175,64
42,12.356377649307252,0.7292145037327221,0.3714179992675781,0.06165039804058437,2,RandomForestRegressor(random_state=42),,5.0,1000.0,,"{'poly__degree': 2, 'regressor': RandomForestRegressor(random_state=42), 'regressor__max_depth': 5, 'regressor__n_estimators': 1000}",-6343.399563561115,-1362.1234686858654,-1529.1298612699286,-1211.4682228661939,-1322.2960098182252,-2353.6834252402655,1997.4649013638052,65
70,19.296980714797975,2.0123863575773497,0.2352586269378662,0.02862773084811182,3,RandomForestRegressor(random_state=42),,5.0,1000.0,,"{'poly__degree': 3, 'regressor': RandomForestRegressor(random_state=42), 'regressor__max_depth': 5, 'regressor__n_estimators': 1000}",-6349.514039431922,-1314.3455234175015,-1553.7466994463311,-1211.3531839714217,-1350.4733564865276,-2355.886560550741,1999.905442259247,66
67,2.6282558917999266,0.1125411133600868,0.04328727722167969,0.008853549248236123,3,RandomForestRegressor(random_state=42),,5.0,100.0,,"{'poly__degree': 3, 'regressor': RandomForestRegressor(random_state=42), 'regressor__max_depth': 5, 'regressor__n_estimators': 100}",-6309.651868118671,-1295.0028683591443,-1577.0882991616816,-1217.0815682937357,-1384.9317627448327,-2356.751273335613,1980.095317845038,67
41,6.473547077178955,0.5603687018078282,0.16172432899475098,0.02519591565473125,2,RandomForestRegressor(random_state=42),,5.0,500.0,,"{'poly__degree': 2, 'regressor': RandomForestRegressor(random_state=42), 'regressor__max_depth': 5, 'regressor__n_estimators': 500}",-6354.451693890025,-1354.48467477789,-1529.4432820240045,-1218.7225876247305,-1333.5087619210674,-2358.1222000475436,2000.635430509016,68
39,1.166335105895996,0.060425545566246644,0.03681492805480957,0.004129900988443826,2,RandomForestRegressor(random_state=42),,5.0,100.0,,"{'poly__degree': 2, 'regressor': RandomForestRegressor(random_state=42), 'regressor__max_depth': 5, 'regressor__n_estimators': 100}",-6304.462022558656,-1353.9521611977473,-1533.5852612878905,-1231.5577933580023,-1368.0972734793684,-2358.330902376333,1975.4044206137914,69
40,3.264419412612915,0.2032511617979038,0.09713082313537598,0.017490240065359205,2,RandomForestRegressor(random_state=42),,5.0,250.0,,"{'poly__degree': 2, 'regressor': RandomForestRegressor(random_state=42), 'regressor__max_depth': 5, 'regressor__n_estimators': 250}",-6360.22416880146,-1355.5976854948976,-1523.6089191075982,-1211.4525172041601,-1345.8961552117057,-2359.355889163964,2002.884584997354,70
69,13.030706024169922,0.40700457107213034,0.11148619651794434,0.045392307672436204,3,RandomForestRegressor(random_state=42),,5.0,500.0,,"{'poly__degree': 3, 'regressor': RandomForestRegressor(random_state=42), 'regressor__max_depth': 5, 'regressor__n_estimators': 500}",-6364.36403850082,-1303.4499760769581,-1560.597793469435,-1221.0711198906704,-1357.304759216069,-2361.35753743079,2004.6356636054727,71
150,0.9352264404296875,0.009255493554041294,0.00856175422668457,0.0024311269234107793,3,GradientBoostingRegressor(random_state=42),,,50.0,0.25,"{'poly__degree': 3, 'regressor': GradientBoostingRegressor(random_state=42), 'regressor__learning_rate': 0.25, 'regressor__n_estimators': 50}",-6020.224686733284,-1126.9877542329245,-1675.2888060526654,-1582.7840485536756,-1428.0423190562599,-2366.665522925762,1836.2342433890835,72
68,6.3187192440032955,0.6239927005365556,0.09456219673156738,0.005605699198713859,3,RandomForestRegressor(random_state=42),,5.0,250.0,,"{'poly__degree': 3, 'regressor': RandomForestRegressor(random_state=42), 'regressor__max_depth': 5, 'regressor__n_estimators': 250}",-6363.5395342776055,-1311.5602545614222,-1569.20924181757,-1220.7199929719245,-1371.9210598911634,-2367.390016703937,2001.3440778702632,73
104,4.334533309936523,0.09124041305799042,0.010206842422485351,0.0010301961425952107,2,GradientBoostingRegressor(random_state=42),,,500.0,0.25,"{'poly__degree': 2, 'regressor': GradientBoostingRegressor(random_state=42), 'regressor__learning_rate': 0.25, 'regressor__n_estimators': 500}",-6111.748086485552,-1134.3560134513014,-1631.2426433285532,-1598.1197643062424,-1386.4864783701223,-2372.390597188354,1878.101520523175,74
105,8.692530536651612,0.156516894293622,0.011602067947387695,0.0004933345255605825,2,GradientBoostingRegressor(random_state=42),,,1000.0,0.25,"{'poly__degree': 2, 'regressor': GradientBoostingRegressor(random_state=42), 'regressor__learning_rate': 0.25, 'regressor__n_estimators': 1000}",-6113.288726636569,-1131.1648820841817,-1633.7390882002344,-1600.7049246611487,-1386.580544381866,-2373.0956331928,1878.716790497956,75
103,2.1465354442596434,0.019095198101973136,0.008704137802124024,0.0003986150562751146,2,GradientBoostingRegressor(random_state=42),,,250.0,0.25,"{'poly__degree': 2, 'regressor': GradientBoostingRegressor(random_state=42), 'regressor__learning_rate': 0.25, 'regressor__n_estimators': 250}",-6121.177033372343,-1143.5919145106275,-1630.7985359748445,-1591.3055996599421,-1389.271149598531,-2375.2288466232576,1880.950933714991,76
66,1.3508049964904785,0.04489885660169237,0.02714982032775879,0.005326468784210483,3,RandomForestRegressor(random_state=42),,5.0,50.0,,"{'poly__degree': 3, 'regressor': RandomForestRegressor(random_state=42), 'regressor__max_depth': 5, 'regressor__n_estimators': 50}",-6386.06242571385,-1330.5408307870498,-1570.9033323768592,-1223.5952831642705,-1369.1184020358198,-2376.04405481557,2008.1640047979831,77
38,0.6625480651855469,0.056007477505029435,0.02559208869934082,0.004691991812514214,2,RandomForestRegressor(random_state=42),,5.0,50.0,,"{'poly__degree': 2, 'regressor': RandomForestRegressor(random_state=42), 'regressor__max_depth': 5, 'regressor__n_estimators': 50}",-6379.741075434585,-1347.0495190654317,-1557.8354513875008,-1237.2537223862105,-1367.275534000134,-2377.8310604547723,2003.613050921654,78
102,0.8922255992889404,0.014306298125593126,0.0078106880187988285,0.0008122131322148707,2,GradientBoostingRegressor(random_state=42),,,100.0,0.25,"{'poly__degree': 2, 'regressor': GradientBoostingRegressor(random_state=42), 'regressor__learning_rate': 0.25, 'regressor__n_estimators': 100}",-6116.610950823427,-1154.2579507975738,-1613.9701764482572,-1612.4122160241172,-1397.300984096442,-2378.9104556379634,1876.5068124576298,79
101,0.49255948066711425,0.013924588918045655,0.008002185821533203,0.0006317342245811545,2,GradientBoostingRegressor(random_state=42),,,50.0,0.25,"{'poly__degree': 2, 'regressor': GradientBoostingRegressor(random_state=42), 'regressor__learning_rate': 0.25, 'regressor__n_estimators': 50}",-6145.019303092672,-1114.7409785562977,-1628.9971721339928,-1624.158911412087,-1397.4640957134754,-2382.076092181705,1890.867895707366,80
241,0.8080154418945312,0.03404112097230103,0.012305831909179688,0.0005938971793869016,3,"XGBRegressor(base_score=None, booster=None, callbacks=None,
             colsample_bylevel=None, colsample_bynode=None,
             colsample_bytree=None, device=None, early_stopping_rounds=None,
             enable_categorical=False, eval_metric=None, feature_types=None,
             feature_weights=None, gamma=None, grow_policy=None,
             importance_type=None, interaction_constraints=None,
             learning_rate=None, max_bin=None, max_cat_threshold=None,
             max_cat_to_onehot=None, max_delta_step=None, max_depth=None,
             max_leaves=None, min_child_weight=None, missing=nan,
             monotone_constraints=None, multi_strategy=None, n_estimators=None,
             n_jobs=None, num_parallel_tree=None, ...)",,,50.0,0.1,"{'poly__degree': 3, 'regressor': XGBRegressor(base_score=None, booster=None, callbacks=None,
             colsample_bylevel=None, colsample_bynode=None,
             colsample_bytree=None, device=None, early_stopping_rounds=None,
             enable_categorical=False, eval_metric=None, feature_types=None,
             feature_weights=None, gamma=None, grow_policy=None,
             importance_type=None, interaction_constraints=None,
             learning_rate=None, max_bin=None, max_cat_threshold=None,
             max_cat_to_onehot=None, max_delta_step=None, max_depth=None,
             max_leaves=None, min_child_weight=None, missing=nan,
             monotone_constraints=None, multi_strategy=None, n_estimators=None,
             n_jobs=None, num_parallel_tree=None, ...), 'regressor__learning_rate': 0.1, 'regressor__n_estimators': 50}",-6260.82568359375,-1310.3955078125,-1848.8699951171875,-1176.873291015625,-1382.42236328125,-2395.8773681640623,1945.6811354016488,81
237,7.683336496353149,0.3210216428239749,0.017409896850585936,0.0004885783353424006,3,"XGBRegressor(base_score=None, booster=None, callbacks=None,
             colsample_bylevel=None, colsample_bynode=None,
             colsample_bytree=None, device=None, early_stopping_rounds=None,
             enable_categorical=False, eval_metric=None, feature_types=None,
             feature_weights=None, gamma=None, grow_policy=None,
             importance_type=None, interaction_constraints=None,
             learning_rate=None, max_bin=None, max_cat_threshold=None,
             max_cat_to_onehot=None, max_delta_step=None, max_depth=None,
             max_leaves=None, min_child_weight=None, missing=nan,
             monotone_constraints=None, multi_strategy=None, n_estimators=None,
             n_jobs=None, num_parallel_tree=None, ...)",,,500.0,0.01,"{'poly__degree': 3, 'regressor': XGBRegressor(base_score=None, booster=None, callbacks=None,
             colsample_bylevel=None, colsample_bynode=None,
             colsample_bytree=None, device=None, early_stopping_rounds=None,
             enable_categorical=False, eval_metric=None, feature_types=None,
             feature_weights=None, gamma=None, grow_policy=None,
             importance_type=None, interaction_constraints=None,
             learning_rate=None, max_bin=None, max_cat_threshold=None,
             max_cat_to_onehot=None, max_delta_step=None, max_depth=None,
             max_leaves=None, min_child_weight=None, missing=nan,
             monotone_constraints=None, multi_strategy=None, n_estimators=None,
             n_jobs=None, num_parallel_tree=None, ...), 'regressor__learning_rate': 0.01, 'regressor__n_estimators': 500}",-6361.013671875,-1187.0565185546875,-1883.1954345703125,-1189.6168212890625,-1414.1337890625,-2407.0032470703127,1993.2216411948436,82
192,0.3819922924041748,0.024755737966150507,0.012408971786499023,0.0023372901638403203,2,"XGBRegressor(base_score=None, booster=None, callbacks=None,
             colsample_bylevel=None, colsample_bynode=None,
             colsample_bytree=None, device=None, early_stopping_rounds=None,
             enable_categorical=False, eval_metric=None, feature_types=None,
             feature_weights=None, gamma=None, grow_policy=None,
             importance_type=None, interaction_constraints=None,
             learning_rate=None, max_bin=None, max_cat_threshold=None,
             max_cat_to_onehot=None, max_delta_step=None, max_depth=None,
             max_leaves=None, min_child_weight=None, missing=nan,
             monotone_constraints=None, multi_strategy=None, n_estimators=None,
             n_jobs=None, num_parallel_tree=None, ...)",,,50.0,0.1,"{'poly__degree': 2, 'regressor': XGBRegressor(base_score=None, booster=None, callbacks=None,
             colsample_bylevel=None, colsample_bynode=None,
             colsample_bytree=None, device=None, early_stopping_rounds=None,
             enable_categorical=False, eval_metric=None, feature_types=None,
             feature_weights=None, gamma=None, grow_policy=None,
             importance_type=None, interaction_constraints=None,
             learning_rate=None, max_bin=None, max_cat_threshold=None,
             max_cat_to_onehot=None, max_delta_step=None, max_depth=None,
             max_leaves=None, min_child_weight=None, missing=nan,
             monotone_constraints=None, multi_strategy=None, n_estimators=None,
             n_jobs=None, num_parallel_tree=None, ...), 'regressor__learning_rate': 0.1, 'regressor__n_estimators': 50}",-6382.40478515625,-1312.8291015625,-1818.466552734375,-1199.8997802734375,-1380.864013671875,-2418.8928466796874,1992.8253101198745,83
188,3.302540826797485,0.2755848806383384,0.01731281280517578,0.0019317955752805433,2,"XGBRegressor(base_score=None, booster=None, callbacks=None,
             colsample_bylevel=None, colsample_bynode=None,
             colsample_bytree=None, device=None, early_stopping_rounds=None,
             enable_categorical=False, eval_metric=None, feature_types=None,
             feature_weights=None, gamma=None, grow_policy=None,
             importance_type=None, interaction_constraints=None,
             learning_rate=None, max_bin=None, max_cat_threshold=None,
             max_cat_to_onehot=None, max_delta_step=None, max_depth=None,
             max_leaves=None, min_child_weight=None, missing=nan,
             monotone_constraints=None, multi_strategy=None, n_estimators=None,
             n_jobs=None, num_parallel_tree=None, ...)",,,500.0,0.01,"{'poly__degree': 2, 'regressor': XGBRegressor(base_score=None, booster=None, callbacks=None,
             colsample_bylevel=None, colsample_bynode=None,
             colsample_bytree=None, device=None, early_stopping_rounds=None,
             enable_categorical=False, eval_metric=None, feature_types=None,
             feature_weights=None, gamma=None, grow_policy=None,
             importance_type=None, interaction_constraints=None,
             learning_rate=None, max_bin=None, max_cat_threshold=None,
             max_cat_to_onehot=None, max_delta_step=None, max_depth=None,
             max_leaves=None, min_child_weight=None, missing=nan,
             monotone_constraints=None, multi_strategy=None, n_estimators=None,
             n_jobs=None, num_parallel_tree=None, ...), 'regressor__learning_rate': 0.01, 'regressor__n_estimators': 500}",-6402.59375,-1198.7796630859375,-1893.366943359375,-1226.2459716796875,-1396.830810546875,-2423.563427734375,2005.075302599344,84
65,0.2930570125579834,0.004776767656893439,0.015811443328857422,0.0024944768680165343,3,RandomForestRegressor(random_state=42),,5.0,10.0,,"{'poly__degree': 3, 'regressor': RandomForestRegressor(random_state=42), 'regressor__max_depth': 5, 'regressor__n_estimators': 10}",-6504.438864350046,-1363.9549422469377,-1562.472011174783,-1289.6609826403107,-1446.9870914804717,-2433.50277837851,2037.48546210411,85
37,0.15577163696289062,0.007857468255339879,0.014151477813720703,0.003515970032261963,2,RandomForestRegressor(random_state=42),,5.0,10.0,,"{'poly__degree': 2, 'regressor': RandomForestRegressor(random_state=42), 'regressor__max_depth': 5, 'regressor__n_estimators': 10}",-6463.8950068877775,-1295.6986083835427,-1759.526054683124,-1271.5888340703523,-1436.0644684973636,-2445.3545945044316,2016.7860242097022,86
21,0.0534024715423584,0.00570993678473729,0.007877540588378907,0.0013738443945177843,3,DecisionTreeRegressor(random_state=42),,10.0,,,"{'poly__degree': 3, 'regressor': DecisionTreeRegressor(random_state=42), 'regressor__max_depth': 10}",-6000.720429105788,-1387.6810135273174,-2118.5319672065643,-1545.8896565933433,-1521.184121853697,-2514.801437657342,1760.972831612844,87
255,0.7609323978424072,0.025061077021274185,0.011807918548583984,0.00040131735355460534,3,"XGBRegressor(base_score=None, booster=None, callbacks=None,
             colsample_bylevel=None, colsample_bynode=None,
             colsample_bytree=None, device=None, early_stopping_rounds=None,
             enable_categorical=False, eval_metric=None, feature_types=None,
             feature_weights=None, gamma=None, grow_policy=None,
             importance_type=None, interaction_constraints=None,
             learning_rate=None, max_bin=None, max_cat_threshold=None,
             max_cat_to_onehot=None, max_delta_step=None, max_depth=None,
             max_leaves=None, min_child_weight=None, missing=nan,
             monotone_constraints=None, multi_strategy=None, n_estimators=None,
             n_jobs=None, num_parallel_tree=None, ...)",,,50.0,0.5,"{'poly__degree': 3, 'regressor': XGBRegressor(base_score=None, booster=None, callbacks=None,
             colsample_bylevel=None, colsample_bynode=None,
             colsample_bytree=None, device=None, early_stopping_rounds=None,
             enable_categorical=False, eval_metric=None, feature_types=None,
             feature_weights=None, gamma=None, grow_policy=None,
             importance_type=None, interaction_constraints=None,
             learning_rate=None, max_bin=None, max_cat_threshold=None,
             max_cat_to_onehot=None, max_delta_step=None, max_depth=None,
             max_leaves=None, min_child_weight=None, missing=nan,
             monotone_constraints=None, multi_strategy=None, n_estimators=None,
             n_jobs=None, num_parallel_tree=None, ...), 'regressor__learning_rate': 0.5, 'regressor__n_estimators': 50}",-5900.5478515625,-1637.0123291015625,-1983.0867919921875,-1666.99169921875,-1566.607421875,-2550.84921875,1680.9443175985243,88
258,6.008049392700196,0.1966643606752963,0.016202592849731447,0.00039871891995399807,3,"XGBRegressor(base_score=None, booster=None, callbacks=None,
             colsample_bylevel=None, colsample_bynode=None,
             colsample_bytree=None, device=None, early_stopping_rounds=None,
             enable_categorical=False, eval_metric=None, feature_types=None,
             feature_weights=None, gamma=None, grow_policy=None,
             importance_type=None, interaction_constraints=None,
             learning_rate=None, max_bin=None, max_cat_threshold=None,
             max_cat_to_onehot=None, max_delta_step=None, max_depth=None,
             max_leaves=None, min_child_weight=None, missing=nan,
             monotone_constraints=None, multi_strategy=None, n_estimators=None,
             n_jobs=None, num_parallel_tree=None, ...)",,,500.0,0.5,"{'poly__degree': 3, 'regressor': XGBRegressor(base_score=None, booster=None, callbacks=None,
             colsample_bylevel=None, colsample_bynode=None,
             colsample_bytree=None, device=None, early_stopping_rounds=None,
             enable_categorical=False, eval_metric=None, feature_types=None,
             feature_weights=None, gamma=None, grow_policy=None,
             importance_type=None, interaction_constraints=None,
             learning_rate=None, max_bin=None, max_cat_threshold=None,
             max_cat_to_onehot=None, max_delta_step=None, max_depth=None,
             max_leaves=None, min_child_weight=None, missing=nan,
             monotone_constraints=None, multi_strategy=None, n_estimators=None,
             n_jobs=None, num_parallel_tree=None, ...), 'regressor__learning_rate': 0.5, 'regressor__n_estimators': 500}",-5895.5927734375,-1639.19189453125,-1993.8702392578125,-1662.49072265625,-1563.1890869140625,-2550.866943359375,1678.8869800585592,89
259,11.140624904632569,1.6197451309467215,0.02151327133178711,0.001107352079595234,3,"XGBRegressor(base_score=None, booster=None, callbacks=None,
             colsample_bylevel=None, colsample_bynode=None,
             colsample_bytree=None, device=None, early_stopping_rounds=None,
             enable_categorical=False, eval_metric=None, feature_types=None,
             feature_weights=None, gamma=None, grow_policy=None,
             importance_type=None, interaction_constraints=None,
             learning_rate=None, max_bin=None, max_cat_threshold=None,
             max_cat_to_onehot=None, max_delta_step=None, max_depth=None,
             max_leaves=None, min_child_weight=None, missing=nan,
             monotone_constraints=None, multi_strategy=None, n_estimators=None,
             n_jobs=None, num_parallel_tree=None, ...)",,,1000.0,0.5,"{'poly__degree': 3, 'regressor': XGBRegressor(base_score=None, booster=None, callbacks=None,
             colsample_bylevel=None, colsample_bynode=None,
             colsample_bytree=None, device=None, early_stopping_rounds=None,
             enable_categorical=False, eval_metric=None, feature_types=None,
             feature_weights=None, gamma=None, grow_policy=None,
             importance_type=None, interaction_constraints=None,
             learning_rate=None, max_bin=None, max_cat_threshold=None,
             max_cat_to_onehot=None, max_delta_step=None, max_depth=None,
             max_leaves=None, min_child_weight=None, missing=nan,
             monotone_constraints=None, multi_strategy=None, n_estimators=None,
             n_jobs=None, num_parallel_tree=None, ...), 'regressor__learning_rate': 0.5, 'regressor__n_estimators': 1000}",-5895.59716796875,-1639.19189453125,-1993.8702392578125,-1662.49072265625,-1563.1890869140625,-2550.867822265625,1678.8887310403009,90
257,4.067088460922241,0.4890792868114434,0.0157135009765625,0.0018911159969260043,3,"XGBRegressor(base_score=None, booster=None, callbacks=None,
             colsample_bylevel=None, colsample_bynode=None,
             colsample_bytree=None, device=None, early_stopping_rounds=None,
             enable_categorical=False, eval_metric=None, feature_types=None,
             feature_weights=None, gamma=None, grow_policy=None,
             importance_type=None, interaction_constraints=None,
             learning_rate=None, max_bin=None, max_cat_threshold=None,
             max_cat_to_onehot=None, max_delta_step=None, max_depth=None,
             max_leaves=None, min_child_weight=None, missing=nan,
             monotone_constraints=None, multi_strategy=None, n_estimators=None,
             n_jobs=None, num_parallel_tree=None, ...)",,,250.0,0.5,"{'poly__degree': 3, 'regressor': XGBRegressor(base_score=None, booster=None, callbacks=None,
             colsample_bylevel=None, colsample_bynode=None,
             colsample_bytree=None, device=None, early_stopping_rounds=None,
             enable_categorical=False, eval_metric=None, feature_types=None,
             feature_weights=None, gamma=None, grow_policy=None,
             importance_type=None, interaction_constraints=None,
             learning_rate=None, max_bin=None, max_cat_threshold=None,
             max_cat_to_onehot=None, max_delta_step=None, max_depth=None,
             max_leaves=None, min_child_weight=None, missing=nan,
             monotone_constraints=None, multi_strategy=None, n_estimators=None,
             n_jobs=None, num_parallel_tree=None, ...), 'regressor__learning_rate': 0.5, 'regressor__n_estimators': 250}",-5895.59130859375,-1639.193115234375,-1993.872314453125,-1662.493408203125,-1563.1898193359375,-2550.8679931640627,1678.8857557434162,91
256,1.413344144821167,0.03692680407852211,0.011613178253173827,0.0009661280657221274,3,"XGBRegressor(base_score=None, booster=None, callbacks=None,
             colsample_bylevel=None, colsample_bynode=None,
             colsample_bytree=None, device=None, early_stopping_rounds=None,
             enable_categorical=False, eval_metric=None, feature_types=None,
             feature_weights=None, gamma=None, grow_policy=None,
             importance_type=None, interaction_constraints=None,
             learning_rate=None, max_bin=None, max_cat_threshold=None,
             max_cat_to_onehot=None, max_delta_step=None, max_depth=None,
             max_leaves=None, min_child_weight=None, missing=nan,
             monotone_constraints=None, multi_strategy=None, n_estimators=None,
             n_jobs=None, num_parallel_tree=None, ...)",,,100.0,0.5,"{'poly__degree': 3, 'regressor': XGBRegressor(base_score=None, booster=None, callbacks=None,
             colsample_bylevel=None, colsample_bynode=None,
             colsample_bytree=None, device=None, early_stopping_rounds=None,
             enable_categorical=False, eval_metric=None, feature_types=None,
             feature_weights=None, gamma=None, grow_policy=None,
             importance_type=None, interaction_constraints=None,
             learning_rate=None, max_bin=None, max_cat_threshold=None,
             max_cat_to_onehot=None, max_delta_step=None, max_depth=None,
             max_leaves=None, min_child_weight=None, missing=nan,
             monotone_constraints=None, multi_strategy=None, n_estimators=None,
             n_jobs=None, num_parallel_tree=None, ...), 'regressor__learning_rate': 0.5, 'regressor__n_estimators': 100}",-5896.54296875,-1638.7381591796875,-1994.3619384765625,-1662.7210693359375,-1563.7540283203125,-2551.2236328125,1679.1914227215004,92
108,0.46423654556274413,0.019546970422050353,0.008703231811523438,0.0017209412546437767,2,GradientBoostingRegressor(random_state=42),,,50.0,0.5,"{'poly__degree': 2, 'regressor': GradientBoostingRegressor(random_state=42), 'regressor__learning_rate': 0.5, 'regressor__n_estimators': 50}",-6113.075907065333,-1505.1348640568358,-2073.009413723144,-1507.5344338143425,-1701.5531738289637,-2580.061558497724,1778.5865780580737,93
110,2.1581610202789308,0.014953850383910235,0.009304618835449219,0.0009800070753253512,2,GradientBoostingRegressor(random_state=42),,,250.0,0.5,"{'poly__degree': 2, 'regressor': GradientBoostingRegressor(random_state=42), 'regressor__learning_rate': 0.5, 'regressor__n_estimators': 250}",-6171.522559763494,-1455.1957784013632,-2044.8635365328703,-1525.2842489027728,-1712.7215310178865,-2581.9175309236775,1806.3869321104312,94
112,8.484080934524536,0.14722198888784724,0.013505840301513672,0.0012663885523421857,2,GradientBoostingRegressor(random_state=42),,,1000.0,0.5,"{'poly__degree': 2, 'regressor': GradientBoostingRegressor(random_state=42), 'regressor__learning_rate': 0.5, 'regressor__n_estimators': 1000}",-6183.906663473776,-1450.9113495465622,-2042.9449316853554,-1523.8140800264428,-1708.866109504458,-2582.0886268473187,1812.5006872785261,95
111,4.301801061630249,0.0869289409733767,0.010801315307617188,0.0014696160204400609,2,GradientBoostingRegressor(random_state=42),,,500.0,0.5,"{'poly__degree': 2, 'regressor': GradientBoostingRegressor(random_state=42), 'regressor__learning_rate': 0.5, 'regressor__n_estimators': 500}",-6184.126049849545,-1451.218871688538,-2043.0518008538506,-1523.6796611370166,-1709.1401583662175,-2582.243308379034,1812.5324354232164,96
109,0.8862084865570068,0.010769583287794052,0.00840296745300293,0.0010214613303756268,2,GradientBoostingRegressor(random_state=42),,,100.0,0.5,"{'poly__degree': 2, 'regressor': GradientBoostingRegressor(random_state=42), 'regressor__learning_rate': 0.5, 'regressor__n_estimators': 100}",-6120.370614665056,-1478.1128842004416,-2084.9020067452507,-1521.4561407647136,-1736.9990198150824,-2588.368133238109,1779.0062930929605,97
159,4.661417150497437,0.0731267578284386,0.008600282669067382,0.0004914823391802632,3,GradientBoostingRegressor(random_state=42),,,250.0,0.5,"{'poly__degree': 3, 'regressor': GradientBoostingRegressor(random_state=42), 'regressor__learning_rate': 0.5, 'regressor__n_estimators': 250}",-6078.49280956516,-1422.0846240037285,-2121.868424140535,-1738.60080400236,-1588.8229250653903,-2589.973917355435,1759.5449242978443,98
161,18.15642032623291,0.24211120954536453,0.012203168869018555,0.0009843571957490252,3,GradientBoostingRegressor(random_state=42),,,1000.0,0.5,"{'poly__degree': 3, 'regressor': GradientBoostingRegressor(random_state=42), 'regressor__learning_rate': 0.5, 'regressor__n_estimators': 1000}",-6076.045747530795,-1423.1162590401796,-2122.3885895523636,-1739.3730929761452,-1589.3826032685758,-2590.061258473612,1758.2715570017215,99
160,9.135025119781494,0.17716227341645494,0.010002231597900391,0.001263621398634484,3,GradientBoostingRegressor(random_state=42),,,500.0,0.5,"{'poly__degree': 3, 'regressor': GradientBoostingRegressor(random_state=42), 'regressor__learning_rate': 0.5, 'regressor__n_estimators': 500}",-6076.171339508048,-1423.1427218404601,-2122.412253079032,-1739.3412210625813,-1589.3190923625725,-2590.077325570539,1758.3268993147433,100
158,1.851355504989624,0.009215493377090317,0.007800483703613281,0.0007479228994571869,3,GradientBoostingRegressor(random_state=42),,,100.0,0.5,"{'poly__degree': 3, 'regressor': GradientBoostingRegressor(random_state=42), 'regressor__learning_rate': 0.5, 'regressor__n_estimators': 100}",-6092.16531289806,-1431.1464134572927,-2118.2848207161833,-1725.826815862808,-1604.3003286422258,-2594.344738315314,1763.4581636555781,101
157,0.9877585887908935,0.06539317843920067,0.007403135299682617,0.0004896906585380886,3,GradientBoostingRegressor(random_state=42),,,50.0,0.5,"{'poly__degree': 3, 'regressor': GradientBoostingRegressor(random_state=42), 'regressor__learning_rate': 0.5, 'regressor__n_estimators': 50}",-6073.01849198958,-1480.1366748481482,-2120.38830403325,-1691.9203104298872,-1608.1298866407099,-2594.718733588315,1752.3843343935946,102
254,0.22274746894836425,0.017204869941659814,0.014332962036132813,0.004555983789732501,3,"XGBRegressor(base_score=None, booster=None, callbacks=None,
             colsample_bylevel=None, colsample_bynode=None,
             colsample_bytree=None, device=None, early_stopping_rounds=None,
             enable_categorical=False, eval_metric=None, feature_types=None,
             feature_weights=None, gamma=None, grow_policy=None,
             importance_type=None, interaction_constraints=None,
             learning_rate=None, max_bin=None, max_cat_threshold=None,
             max_cat_to_onehot=None, max_delta_step=None, max_depth=None,
             max_leaves=None, min_child_weight=None, missing=nan,
             monotone_constraints=None, multi_strategy=None, n_estimators=None,
             n_jobs=None, num_parallel_tree=None, ...)",,,10.0,0.5,"{'poly__degree': 3, 'regressor': XGBRegressor(base_score=None, booster=None, callbacks=None,
             colsample_bylevel=None, colsample_bynode=None,
             colsample_bytree=None, device=None, early_stopping_rounds=None,
             enable_categorical=False, eval_metric=None, feature_types=None,
             feature_weights=None, gamma=None, grow_policy=None,
             importance_type=None, interaction_constraints=None,
             learning_rate=None, max_bin=None, max_cat_threshold=None,
             max_cat_to_onehot=None, max_delta_step=None, max_depth=None,
             max_leaves=None, min_child_weight=None, missing=nan,
             monotone_constraints=None, multi_strategy=None, n_estimators=None,
             n_jobs=None, num_parallel_tree=None, ...), 'regressor__learning_rate': 0.5, 'regressor__n_estimators': 10}",-6043.10107421875,-1630.8790283203125,-1978.99658203125,-1818.081787109375,-1614.96435546875,-2617.2045654296876,1718.1383551654742,103
207,0.7124454498291015,0.06294104097903665,0.011703395843505859,0.0008787805667932555,2,"XGBRegressor(base_score=None, booster=None, callbacks=None,
             colsample_bylevel=None, colsample_bynode=None,
             colsample_bytree=None, device=None, early_stopping_rounds=None,
             enable_categorical=False, eval_metric=None, feature_types=None,
             feature_weights=None, gamma=None, grow_policy=None,
             importance_type=None, interaction_constraints=None,
             learning_rate=None, max_bin=None, max_cat_threshold=None,
             max_cat_to_onehot=None, max_delta_step=None, max_depth=None,
             max_leaves=None, min_child_weight=None, missing=nan,
             monotone_constraints=None, multi_strategy=None, n_estimators=None,
             n_jobs=None, num_parallel_tree=None, ...)",,,100.0,0.5,"{'poly__degree': 2, 'regressor': XGBRegressor(base_score=None, booster=None, callbacks=None,
             colsample_bylevel=None, colsample_bynode=None,
             colsample_bytree=None, device=None, early_stopping_rounds=None,
             enable_categorical=False, eval_metric=None, feature_types=None,
             feature_weights=None, gamma=None, grow_policy=None,
             importance_type=None, interaction_constraints=None,
             learning_rate=None, max_bin=None, max_cat_threshold=None,
             max_cat_to_onehot=None, max_delta_step=None, max_depth=None,
             max_leaves=None, min_child_weight=None, missing=nan,
             monotone_constraints=None, multi_strategy=None, n_estimators=None,
             n_jobs=None, num_parallel_tree=None, ...), 'regressor__learning_rate': 0.5, 'regressor__n_estimators': 100}",-6093.2236328125,-2141.587890625,-1951.845458984375,-1538.0323486328125,-1428.1539306640625,-2630.56865234375,1750.9530896136787,104
208,1.6018372058868409,0.1522389925993799,0.01410813331604004,0.001951670136242708,2,"XGBRegressor(base_score=None, booster=None, callbacks=None,
             colsample_bylevel=None, colsample_bynode=None,
             colsample_bytree=None, device=None, early_stopping_rounds=None,
             enable_categorical=False, eval_metric=None, feature_types=None,
             feature_weights=None, gamma=None, grow_policy=None,
             importance_type=None, interaction_constraints=None,
             learning_rate=None, max_bin=None, max_cat_threshold=None,
             max_cat_to_onehot=None, max_delta_step=None, max_depth=None,
             max_leaves=None, min_child_weight=None, missing=nan,
             monotone_constraints=None, multi_strategy=None, n_estimators=None,
             n_jobs=None, num_parallel_tree=None, ...)",,,250.0,0.5,"{'poly__degree': 2, 'regressor': XGBRegressor(base_score=None, booster=None, callbacks=None,
             colsample_bylevel=None, colsample_bynode=None,
             colsample_bytree=None, device=None, early_stopping_rounds=None,
             enable_categorical=False, eval_metric=None, feature_types=None,
             feature_weights=None, gamma=None, grow_policy=None,
             importance_type=None, interaction_constraints=None,
             learning_rate=None, max_bin=None, max_cat_threshold=None,
             max_cat_to_onehot=None, max_delta_step=None, max_depth=None,
             max_leaves=None, min_child_weight=None, missing=nan,
             monotone_constraints=None, multi_strategy=None, n_estimators=None,
             n_jobs=None, num_parallel_tree=None, ...), 'regressor__learning_rate': 0.5, 'regressor__n_estimators': 250}",-6095.26416015625,-2141.660400390625,-1952.51611328125,-1537.7132568359375,-1427.778076171875,-2630.9864013671877,1751.795575942596,105
209,2.889284133911133,0.29773419168889176,0.0180178165435791,0.0015199854061858334,2,"XGBRegressor(base_score=None, booster=None, callbacks=None,
             colsample_bylevel=None, colsample_bynode=None,
             colsample_bytree=None, device=None, early_stopping_rounds=None,
             enable_categorical=False, eval_metric=None, feature_types=None,
             feature_weights=None, gamma=None, grow_policy=None,
             importance_type=None, interaction_constraints=None,
             learning_rate=None, max_bin=None, max_cat_threshold=None,
             max_cat_to_onehot=None, max_delta_step=None, max_depth=None,
             max_leaves=None, min_child_weight=None, missing=nan,
             monotone_constraints=None, multi_strategy=None, n_estimators=None,
             n_jobs=None, num_parallel_tree=None, ...)",,,500.0,0.5,"{'poly__degree': 2, 'regressor': XGBRegressor(base_score=None, booster=None, callbacks=None,
             colsample_bylevel=None, colsample_bynode=None,
             colsample_bytree=None, device=None, early_stopping_rounds=None,
             enable_categorical=False, eval_metric=None, feature_types=None,
             feature_weights=None, gamma=None, grow_policy=None,
             importance_type=None, interaction_constraints=None,
             learning_rate=None, max_bin=None, max_cat_threshold=None,
             max_cat_to_onehot=None, max_delta_step=None, max_depth=None,
             max_leaves=None, min_child_weight=None, missing=nan,
             monotone_constraints=None, multi_strategy=None, n_estimators=None,
             n_jobs=None, num_parallel_tree=None, ...), 'regressor__learning_rate': 0.5, 'regressor__n_estimators': 500}",-6095.26513671875,-2141.67236328125,-1952.515380859375,-1537.7156982421875,-1427.765869140625,-2630.9868896484377,1751.7967227522554,106
210,6.39176230430603,1.6156027110274354,0.026912164688110352,0.0037490110935745288,2,"XGBRegressor(base_score=None, booster=None, callbacks=None,
             colsample_bylevel=None, colsample_bynode=None,
             colsample_bytree=None, device=None, early_stopping_rounds=None,
             enable_categorical=False, eval_metric=None, feature_types=None,
             feature_weights=None, gamma=None, grow_policy=None,
             importance_type=None, interaction_constraints=None,
             learning_rate=None, max_bin=None, max_cat_threshold=None,
             max_cat_to_onehot=None, max_delta_step=None, max_depth=None,
             max_leaves=None, min_child_weight=None, missing=nan,
             monotone_constraints=None, multi_strategy=None, n_estimators=None,
             n_jobs=None, num_parallel_tree=None, ...)",,,1000.0,0.5,"{'poly__degree': 2, 'regressor': XGBRegressor(base_score=None, booster=None, callbacks=None,
             colsample_bylevel=None, colsample_bynode=None,
             colsample_bytree=None, device=None, early_stopping_rounds=None,
             enable_categorical=False, eval_metric=None, feature_types=None,
             feature_weights=None, gamma=None, grow_policy=None,
             importance_type=None, interaction_constraints=None,
             learning_rate=None, max_bin=None, max_cat_threshold=None,
             max_cat_to_onehot=None, max_delta_step=None, max_depth=None,
             max_leaves=None, min_child_weight=None, missing=nan,
             monotone_constraints=None, multi_strategy=None, n_estimators=None,
             n_jobs=None, num_parallel_tree=None, ...), 'regressor__learning_rate': 0.5, 'regressor__n_estimators': 1000}",-6095.267578125,-2141.67236328125,-1952.515380859375,-1537.7156982421875,-1427.765869140625,-2630.9873779296877,1751.7976883563701,107
206,0.3460849761962891,0.003967771679706301,0.013602590560913086,0.002731093282615719,2,"XGBRegressor(base_score=None, booster=None, callbacks=None,
             colsample_bylevel=None, colsample_bynode=None,
             colsample_bytree=None, device=None, early_stopping_rounds=None,
             enable_categorical=False, eval_metric=None, feature_types=None,
             feature_weights=None, gamma=None, grow_policy=None,
             importance_type=None, interaction_constraints=None,
             learning_rate=None, max_bin=None, max_cat_threshold=None,
             max_cat_to_onehot=None, max_delta_step=None, max_depth=None,
             max_leaves=None, min_child_weight=None, missing=nan,
             monotone_constraints=None, multi_strategy=None, n_estimators=None,
             n_jobs=None, num_parallel_tree=None, ...)",,,50.0,0.5,"{'poly__degree': 2, 'regressor': XGBRegressor(base_score=None, booster=None, callbacks=None,
             colsample_bylevel=None, colsample_bynode=None,
             colsample_bytree=None, device=None, early_stopping_rounds=None,
             enable_categorical=False, eval_metric=None, feature_types=None,
             feature_weights=None, gamma=None, grow_policy=None,
             importance_type=None, interaction_constraints=None,
             learning_rate=None, max_bin=None, max_cat_threshold=None,
             max_cat_to_onehot=None, max_delta_step=None, max_depth=None,
             max_leaves=None, min_child_weight=None, missing=nan,
             monotone_constraints=None, multi_strategy=None, n_estimators=None,
             n_jobs=None, num_parallel_tree=None, ...), 'regressor__learning_rate': 0.5, 'regressor__n_estimators': 50}",-6095.5693359375,-2150.040771484375,-1949.3291015625,-1540.9158935546875,-1427.651611328125,-2632.7013427734373,1751.316870677437,108
43,0.04606485366821289,0.00435057530082156,0.01592392921447754,0.0027321339881089092,2,RandomForestRegressor(random_state=42),,10.0,1.0,,"{'poly__degree': 2, 'regressor': RandomForestRegressor(random_state=42), 'regressor__max_depth': 10, 'regressor__n_estimators': 1}",-5816.127532217993,-1618.0337246556937,-2341.991316092436,-1412.8261023923867,-2137.7664180023985,-2665.3490186721815,1610.9619378902767,109
205,0.09803404808044433,0.005841649346968861,0.010741710662841797,0.0008343761124243095,2,"XGBRegressor(base_score=None, booster=None, callbacks=None,
             colsample_bylevel=None, colsample_bynode=None,
             colsample_bytree=None, device=None, early_stopping_rounds=None,
             enable_categorical=False, eval_metric=None, feature_types=None,
             feature_weights=None, gamma=None, grow_policy=None,
             importance_type=None, interaction_constraints=None,
             learning_rate=None, max_bin=None, max_cat_threshold=None,
             max_cat_to_onehot=None, max_delta_step=None, max_depth=None,
             max_leaves=None, min_child_weight=None, missing=nan,
             monotone_constraints=None, multi_strategy=None, n_estimators=None,
             n_jobs=None, num_parallel_tree=None, ...)",,,10.0,0.5,"{'poly__degree': 2, 'regressor': XGBRegressor(base_score=None, booster=None, callbacks=None,
             colsample_bylevel=None, colsample_bynode=None,
             colsample_bytree=None, device=None, early_stopping_rounds=None,
             enable_categorical=False, eval_metric=None, feature_types=None,
             feature_weights=None, gamma=None, grow_policy=None,
             importance_type=None, interaction_constraints=None,
             learning_rate=None, max_bin=None, max_cat_threshold=None,
             max_cat_to_onehot=None, max_delta_step=None, max_depth=None,
             max_leaves=None, min_child_weight=None, missing=nan,
             monotone_constraints=None, multi_strategy=None, n_estimators=None,
             n_jobs=None, num_parallel_tree=None, ...), 'regressor__learning_rate': 0.5, 'regressor__n_estimators': 10}",-6194.1962890625,-2229.79833984375,-1994.4359130859375,-1537.3309326171875,-1476.201904296875,-2686.39267578125,1776.33743029798,110
17,0.04261631965637207,0.003999562795143727,0.010242605209350586,0.0020472423761384926,2,DecisionTreeRegressor(random_state=42),,10.0,,,"{'poly__degree': 2, 'regressor': DecisionTreeRegressor(random_state=42), 'regressor__max_depth': 10}",-6128.666906166587,-1496.3304791368128,-2532.298439979006,-1642.9359747526653,-1762.1046374781597,-2712.4672875026463,1745.219515152988,111
107,0.10212712287902832,0.0032019460951830665,0.008402633666992187,0.0007990375270534603,2,GradientBoostingRegressor(random_state=42),,,10.0,0.5,"{'poly__degree': 2, 'regressor': GradientBoostingRegressor(random_state=42), 'regressor__learning_rate': 0.5, 'regressor__n_estimators': 10}",-6340.44295445463,-1473.504209847985,-2134.288605688748,-1860.3565990443014,-1809.5541375677558,-2723.629301320684,1820.5630648147946,112
263,1.4739013195037842,0.06633641259602754,0.01330423355102539,0.0031325408623823136,3,"XGBRegressor(base_score=None, booster=None, callbacks=None,
             colsample_bylevel=None, colsample_bynode=None,
             colsample_bytree=None, device=None, early_stopping_rounds=None,
             enable_categorical=False, eval_metric=None, feature_types=None,
             feature_weights=None, gamma=None, grow_policy=None,
             importance_type=None, interaction_constraints=None,
             learning_rate=None, max_bin=None, max_cat_threshold=None,
             max_cat_to_onehot=None, max_delta_step=None, max_depth=None,
             max_leaves=None, min_child_weight=None, missing=nan,
             monotone_constraints=None, multi_strategy=None, n_estimators=None,
             n_jobs=None, num_parallel_tree=None, ...)",,,100.0,0.8,"{'poly__degree': 3, 'regressor': XGBRegressor(base_score=None, booster=None, callbacks=None,
             colsample_bylevel=None, colsample_bynode=None,
             colsample_bytree=None, device=None, early_stopping_rounds=None,
             enable_categorical=False, eval_metric=None, feature_types=None,
             feature_weights=None, gamma=None, grow_policy=None,
             importance_type=None, interaction_constraints=None,
             learning_rate=None, max_bin=None, max_cat_threshold=None,
             max_cat_to_onehot=None, max_delta_step=None, max_depth=None,
             max_leaves=None, min_child_weight=None, missing=nan,
             monotone_constraints=None, multi_strategy=None, n_estimators=None,
             n_jobs=None, num_parallel_tree=None, ...), 'regressor__learning_rate': 0.8, 'regressor__n_estimators': 100}",-6013.19580078125,-1751.336181640625,-2497.947265625,-1749.9105224609375,-1677.2738037109375,-2737.93271484375,1664.9023512312287,113
266,12.189965200424194,1.9882935634060024,0.0216217041015625,0.0005916313492704817,3,"XGBRegressor(base_score=None, booster=None, callbacks=None,
             colsample_bylevel=None, colsample_bynode=None,
             colsample_bytree=None, device=None, early_stopping_rounds=None,
             enable_categorical=False, eval_metric=None, feature_types=None,
             feature_weights=None, gamma=None, grow_policy=None,
             importance_type=None, interaction_constraints=None,
             learning_rate=None, max_bin=None, max_cat_threshold=None,
             max_cat_to_onehot=None, max_delta_step=None, max_depth=None,
             max_leaves=None, min_child_weight=None, missing=nan,
             monotone_constraints=None, multi_strategy=None, n_estimators=None,
             n_jobs=None, num_parallel_tree=None, ...)",,,1000.0,0.8,"{'poly__degree': 3, 'regressor': XGBRegressor(base_score=None, booster=None, callbacks=None,
             colsample_bylevel=None, colsample_bynode=None,
             colsample_bytree=None, device=None, early_stopping_rounds=None,
             enable_categorical=False, eval_metric=None, feature_types=None,
             feature_weights=None, gamma=None, grow_policy=None,
             importance_type=None, interaction_constraints=None,
             learning_rate=None, max_bin=None, max_cat_threshold=None,
             max_cat_to_onehot=None, max_delta_step=None, max_depth=None,
             max_leaves=None, min_child_weight=None, missing=nan,
             monotone_constraints=None, multi_strategy=None, n_estimators=None,
             n_jobs=None, num_parallel_tree=None, ...), 'regressor__learning_rate': 0.8, 'regressor__n_estimators': 1000}",-6013.26318359375,-1751.2760009765625,-2497.996826171875,-1749.88916015625,-1677.272216796875,-2737.9394775390624,1664.9373044689664,114
264,3.3306133270263674,0.13537994669474732,0.013801050186157227,0.0011688365286564948,3,"XGBRegressor(base_score=None, booster=None, callbacks=None,
             colsample_bylevel=None, colsample_bynode=None,
             colsample_bytree=None, device=None, early_stopping_rounds=None,
             enable_categorical=False, eval_metric=None, feature_types=None,
             feature_weights=None, gamma=None, grow_policy=None,
             importance_type=None, interaction_constraints=None,
             learning_rate=None, max_bin=None, max_cat_threshold=None,
             max_cat_to_onehot=None, max_delta_step=None, max_depth=None,
             max_leaves=None, min_child_weight=None, missing=nan,
             monotone_constraints=None, multi_strategy=None, n_estimators=None,
             n_jobs=None, num_parallel_tree=None, ...)",,,250.0,0.8,"{'poly__degree': 3, 'regressor': XGBRegressor(base_score=None, booster=None, callbacks=None,
             colsample_bylevel=None, colsample_bynode=None,
             colsample_bytree=None, device=None, early_stopping_rounds=None,
             enable_categorical=False, eval_metric=None, feature_types=None,
             feature_weights=None, gamma=None, grow_policy=None,
             importance_type=None, interaction_constraints=None,
             learning_rate=None, max_bin=None, max_cat_threshold=None,
             max_cat_to_onehot=None, max_delta_step=None, max_depth=None,
             max_leaves=None, min_child_weight=None, missing=nan,
             monotone_constraints=None, multi_strategy=None, n_estimators=None,
             n_jobs=None, num_parallel_tree=None, ...), 'regressor__learning_rate': 0.8, 'regressor__n_estimators': 250}",-6013.26318359375,-1751.2760009765625,-2497.996826171875,-1749.88916015625,-1677.272216796875,-2737.9394775390624,1664.9373044689664,114
265,6.369675731658935,0.62536161222834,0.016507959365844725,0.00044459854260424137,3,"XGBRegressor(base_score=None, booster=None, callbacks=None,
             colsample_bylevel=None, colsample_bynode=None,
             colsample_bytree=None, device=None, early_stopping_rounds=None,
             enable_categorical=False, eval_metric=None, feature_types=None,
             feature_weights=None, gamma=None, grow_policy=None,
             importance_type=None, interaction_constraints=None,
             learning_rate=None, max_bin=None, max_cat_threshold=None,
             max_cat_to_onehot=None, max_delta_step=None, max_depth=None,
             max_leaves=None, min_child_weight=None, missing=nan,
             monotone_constraints=None, multi_strategy=None, n_estimators=None,
             n_jobs=None, num_parallel_tree=None, ...)",,,500.0,0.8,"{'poly__degree': 3, 'regressor': XGBRegressor(base_score=None, booster=None, callbacks=None,
             colsample_bylevel=None, colsample_bynode=None,
             colsample_bytree=None, device=None, early_stopping_rounds=None,
             enable_categorical=False, eval_metric=None, feature_types=None,
             feature_weights=None, gamma=None, grow_policy=None,
             importance_type=None, interaction_constraints=None,
             learning_rate=None, max_bin=None, max_cat_threshold=None,
             max_cat_to_onehot=None, max_delta_step=None, max_depth=None,
             max_leaves=None, min_child_weight=None, missing=nan,
             monotone_constraints=None, multi_strategy=None, n_estimators=None,
             n_jobs=None, num_parallel_tree=None, ...), 'regressor__learning_rate': 0.8, 'regressor__n_estimators': 500}",-6013.26318359375,-1751.2760009765625,-2497.996826171875,-1749.88916015625,-1677.272216796875,-2737.9394775390624,1664.9373044689664,114
262,0.7421708583831788,0.023305903631316054,0.011307573318481446,0.0005952244545668796,3,"XGBRegressor(base_score=None, booster=None, callbacks=None,
             colsample_bylevel=None, colsample_bynode=None,
             colsample_bytree=None, device=None, early_stopping_rounds=None,
             enable_categorical=False, eval_metric=None, feature_types=None,
             feature_weights=None, gamma=None, grow_policy=None,
             importance_type=None, interaction_constraints=None,
             learning_rate=None, max_bin=None, max_cat_threshold=None,
             max_cat_to_onehot=None, max_delta_step=None, max_depth=None,
             max_leaves=None, min_child_weight=None, missing=nan,
             monotone_constraints=None, multi_strategy=None, n_estimators=None,
             n_jobs=None, num_parallel_tree=None, ...)",,,50.0,0.8,"{'poly__degree': 3, 'regressor': XGBRegressor(base_score=None, booster=None, callbacks=None,
             colsample_bylevel=None, colsample_bynode=None,
             colsample_bytree=None, device=None, early_stopping_rounds=None,
             enable_categorical=False, eval_metric=None, feature_types=None,
             feature_weights=None, gamma=None, grow_policy=None,
             importance_type=None, interaction_constraints=None,
             learning_rate=None, max_bin=None, max_cat_threshold=None,
             max_cat_to_onehot=None, max_delta_step=None, max_depth=None,
             max_leaves=None, min_child_weight=None, missing=nan,
             monotone_constraints=None, multi_strategy=None, n_estimators=None,
             n_jobs=None, num_parallel_tree=None, ...), 'regressor__learning_rate': 0.8, 'regressor__n_estimators': 50}",-6012.26025390625,-1751.84814453125,-2497.931884765625,-1750.5491943359375,-1677.18994140625,-2737.9558837890627,1664.4089315186907,117
64,0.04646801948547363,0.0028908896468555307,0.013476991653442382,0.0018687933760555208,3,RandomForestRegressor(random_state=42),,5.0,1.0,,"{'poly__degree': 3, 'regressor': RandomForestRegressor(random_state=42), 'regressor__max_depth': 5, 'regressor__n_estimators': 1}",-6316.530011294435,-1332.549880028394,-2106.001899566932,-2032.6237389617181,-1944.4759564174663,-2746.436297253789,1805.9606253867944,118
214,0.7204954147338867,0.08363396742679459,0.013214015960693359,0.0021591788332407246,2,"XGBRegressor(base_score=None, booster=None, callbacks=None,
             colsample_bylevel=None, colsample_bynode=None,
             colsample_bytree=None, device=None, early_stopping_rounds=None,
             enable_categorical=False, eval_metric=None, feature_types=None,
             feature_weights=None, gamma=None, grow_policy=None,
             importance_type=None, interaction_constraints=None,
             learning_rate=None, max_bin=None, max_cat_threshold=None,
             max_cat_to_onehot=None, max_delta_step=None, max_depth=None,
             max_leaves=None, min_child_weight=None, missing=nan,
             monotone_constraints=None, multi_strategy=None, n_estimators=None,
             n_jobs=None, num_parallel_tree=None, ...)",,,100.0,0.8,"{'poly__degree': 2, 'regressor': XGBRegressor(base_score=None, booster=None, callbacks=None,
             colsample_bylevel=None, colsample_bynode=None,
             colsample_bytree=None, device=None, early_stopping_rounds=None,
             enable_categorical=False, eval_metric=None, feature_types=None,
             feature_weights=None, gamma=None, grow_policy=None,
             importance_type=None, interaction_constraints=None,
             learning_rate=None, max_bin=None, max_cat_threshold=None,
             max_cat_to_onehot=None, max_delta_step=None, max_depth=None,
             max_leaves=None, min_child_weight=None, missing=nan,
             monotone_constraints=None, multi_strategy=None, n_estimators=None,
             n_jobs=None, num_parallel_tree=None, ...), 'regressor__learning_rate': 0.8, 'regressor__n_estimators': 100}",-6123.1494140625,-1590.4420166015625,-2631.994384765625,-1638.74658203125,-1851.93017578125,-2767.2525146484377,1719.10222694819,119
217,5.279440832138062,1.2062618274611971,0.023706483840942382,0.0032442416894492353,2,"XGBRegressor(base_score=None, booster=None, callbacks=None,
             colsample_bylevel=None, colsample_bynode=None,
             colsample_bytree=None, device=None, early_stopping_rounds=None,
             enable_categorical=False, eval_metric=None, feature_types=None,
             feature_weights=None, gamma=None, grow_policy=None,
             importance_type=None, interaction_constraints=None,
             learning_rate=None, max_bin=None, max_cat_threshold=None,
             max_cat_to_onehot=None, max_delta_step=None, max_depth=None,
             max_leaves=None, min_child_weight=None, missing=nan,
             monotone_constraints=None, multi_strategy=None, n_estimators=None,
             n_jobs=None, num_parallel_tree=None, ...)",,,1000.0,0.8,"{'poly__degree': 2, 'regressor': XGBRegressor(base_score=None, booster=None, callbacks=None,
             colsample_bylevel=None, colsample_bynode=None,
             colsample_bytree=None, device=None, early_stopping_rounds=None,
             enable_categorical=False, eval_metric=None, feature_types=None,
             feature_weights=None, gamma=None, grow_policy=None,
             importance_type=None, interaction_constraints=None,
             learning_rate=None, max_bin=None, max_cat_threshold=None,
             max_cat_to_onehot=None, max_delta_step=None, max_depth=None,
             max_leaves=None, min_child_weight=None, missing=nan,
             monotone_constraints=None, multi_strategy=None, n_estimators=None,
             n_jobs=None, num_parallel_tree=None, ...), 'regressor__learning_rate': 0.8, 'regressor__n_estimators': 1000}",-6123.14599609375,-1590.5634765625,-2632.0302734375,-1638.702880859375,-1851.9937744140625,-2767.2872802734373,1719.0826645123532,120
216,2.874284029006958,0.48094926397499665,0.016302776336669923,0.0007504199746069698,2,"XGBRegressor(base_score=None, booster=None, callbacks=None,
             colsample_bylevel=None, colsample_bynode=None,
             colsample_bytree=None, device=None, early_stopping_rounds=None,
             enable_categorical=False, eval_metric=None, feature_types=None,
             feature_weights=None, gamma=None, grow_policy=None,
             importance_type=None, interaction_constraints=None,
             learning_rate=None, max_bin=None, max_cat_threshold=None,
             max_cat_to_onehot=None, max_delta_step=None, max_depth=None,
             max_leaves=None, min_child_weight=None, missing=nan,
             monotone_constraints=None, multi_strategy=None, n_estimators=None,
             n_jobs=None, num_parallel_tree=None, ...)",,,500.0,0.8,"{'poly__degree': 2, 'regressor': XGBRegressor(base_score=None, booster=None, callbacks=None,
             colsample_bylevel=None, colsample_bynode=None,
             colsample_bytree=None, device=None, early_stopping_rounds=None,
             enable_categorical=False, eval_metric=None, feature_types=None,
             feature_weights=None, gamma=None, grow_policy=None,
             importance_type=None, interaction_constraints=None,
             learning_rate=None, max_bin=None, max_cat_threshold=None,
             max_cat_to_onehot=None, max_delta_step=None, max_depth=None,
             max_leaves=None, min_child_weight=None, missing=nan,
             monotone_constraints=None, multi_strategy=None, n_estimators=None,
             n_jobs=None, num_parallel_tree=None, ...), 'regressor__learning_rate': 0.8, 'regressor__n_estimators': 500}",-6123.14599609375,-1590.5634765625,-2632.0302734375,-1638.702880859375,-1851.9937744140625,-2767.2872802734373,1719.0826645123532,120
215,1.5540578842163086,0.10101336609177529,0.015012741088867188,0.003103853474794159,2,"XGBRegressor(base_score=None, booster=None, callbacks=None,
             colsample_bylevel=None, colsample_bynode=None,
             colsample_bytree=None, device=None, early_stopping_rounds=None,
             enable_categorical=False, eval_metric=None, feature_types=None,
             feature_weights=None, gamma=None, grow_policy=None,
             importance_type=None, interaction_constraints=None,
             learning_rate=None, max_bin=None, max_cat_threshold=None,
             max_cat_to_onehot=None, max_delta_step=None, max_depth=None,
             max_leaves=None, min_child_weight=None, missing=nan,
             monotone_constraints=None, multi_strategy=None, n_estimators=None,
             n_jobs=None, num_parallel_tree=None, ...)",,,250.0,0.8,"{'poly__degree': 2, 'regressor': XGBRegressor(base_score=None, booster=None, callbacks=None,
             colsample_bylevel=None, colsample_bynode=None,
             colsample_bytree=None, device=None, early_stopping_rounds=None,
             enable_categorical=False, eval_metric=None, feature_types=None,
             feature_weights=None, gamma=None, grow_policy=None,
             importance_type=None, interaction_constraints=None,
             learning_rate=None, max_bin=None, max_cat_threshold=None,
             max_cat_to_onehot=None, max_delta_step=None, max_depth=None,
             max_leaves=None, min_child_weight=None, missing=nan,
             monotone_constraints=None, multi_strategy=None, n_estimators=None,
             n_jobs=None, num_parallel_tree=None, ...), 'regressor__learning_rate': 0.8, 'regressor__n_estimators': 250}",-6123.14599609375,-1590.5634765625,-2632.0302734375,-1638.702880859375,-1851.9937744140625,-2767.2872802734373,1719.0826645123532,120
212,0.116947603225708,0.015012518975221772,0.011399555206298827,0.0010235603707275719,2,"XGBRegressor(base_score=None, booster=None, callbacks=None,
             colsample_bylevel=None, colsample_bynode=None,
             colsample_bytree=None, device=None, early_stopping_rounds=None,
             enable_categorical=False, eval_metric=None, feature_types=None,
             feature_weights=None, gamma=None, grow_policy=None,
             importance_type=None, interaction_constraints=None,
             learning_rate=None, max_bin=None, max_cat_threshold=None,
             max_cat_to_onehot=None, max_delta_step=None, max_depth=None,
             max_leaves=None, min_child_weight=None, missing=nan,
             monotone_constraints=None, multi_strategy=None, n_estimators=None,
             n_jobs=None, num_parallel_tree=None, ...)",,,10.0,0.8,"{'poly__degree': 2, 'regressor': XGBRegressor(base_score=None, booster=None, callbacks=None,
             colsample_bylevel=None, colsample_bynode=None,
             colsample_bytree=None, device=None, early_stopping_rounds=None,
             enable_categorical=False, eval_metric=None, feature_types=None,
             feature_weights=None, gamma=None, grow_policy=None,
             importance_type=None, interaction_constraints=None,
             learning_rate=None, max_bin=None, max_cat_threshold=None,
             max_cat_to_onehot=None, max_delta_step=None, max_depth=None,
             max_leaves=None, min_child_weight=None, missing=nan,
             monotone_constraints=None, multi_strategy=None, n_estimators=None,
             n_jobs=None, num_parallel_tree=None, ...), 'regressor__learning_rate': 0.8, 'regressor__n_estimators': 10}",-6166.53466796875,-1584.3687744140625,-2610.201416015625,-1636.20947265625,-1844.02734375,-2768.2683349609374,1738.424347962227,123
213,0.34917526245117186,0.04637904470402827,0.011319398880004883,0.0009797587373585443,2,"XGBRegressor(base_score=None, booster=None, callbacks=None,
             colsample_bylevel=None, colsample_bynode=None,
             colsample_bytree=None, device=None, early_stopping_rounds=None,
             enable_categorical=False, eval_metric=None, feature_types=None,
             feature_weights=None, gamma=None, grow_policy=None,
             importance_type=None, interaction_constraints=None,
             learning_rate=None, max_bin=None, max_cat_threshold=None,
             max_cat_to_onehot=None, max_delta_step=None, max_depth=None,
             max_leaves=None, min_child_weight=None, missing=nan,
             monotone_constraints=None, multi_strategy=None, n_estimators=None,
             n_jobs=None, num_parallel_tree=None, ...)",,,50.0,0.8,"{'poly__degree': 2, 'regressor': XGBRegressor(base_score=None, booster=None, callbacks=None,
             colsample_bylevel=None, colsample_bynode=None,
             colsample_bytree=None, device=None, early_stopping_rounds=None,
             enable_categorical=False, eval_metric=None, feature_types=None,
             feature_weights=None, gamma=None, grow_policy=None,
             importance_type=None, interaction_constraints=None,
             learning_rate=None, max_bin=None, max_cat_threshold=None,
             max_cat_to_onehot=None, max_delta_step=None, max_depth=None,
             max_leaves=None, min_child_weight=None, missing=nan,
             monotone_constraints=None, multi_strategy=None, n_estimators=None,
             n_jobs=None, num_parallel_tree=None, ...), 'regressor__learning_rate': 0.8, 'regressor__n_estimators': 50}",-6125.11572265625,-1593.85595703125,-2634.527099609375,-1642.8922119140625,-1851.6612548828125,-2769.61044921875,1718.847665557633,124
156,0.24026312828063964,0.0309369463705565,0.009113073348999023,0.0017561673469065953,3,GradientBoostingRegressor(random_state=42),,,10.0,0.5,"{'poly__degree': 3, 'regressor': GradientBoostingRegressor(random_state=42), 'regressor__learning_rate': 0.5, 'regressor__n_estimators': 10}",-6325.404182941888,-1668.3014488468998,-2215.2313498450376,-1906.791567445643,-1785.1749221180394,-2780.180694239502,1781.9594751997276,125
261,0.19327831268310547,0.007023511915499747,0.01060028076171875,0.00049240843513599,3,"XGBRegressor(base_score=None, booster=None, callbacks=None,
             colsample_bylevel=None, colsample_bynode=None,
             colsample_bytree=None, device=None, early_stopping_rounds=None,
             enable_categorical=False, eval_metric=None, feature_types=None,
             feature_weights=None, gamma=None, grow_policy=None,
             importance_type=None, interaction_constraints=None,
             learning_rate=None, max_bin=None, max_cat_threshold=None,
             max_cat_to_onehot=None, max_delta_step=None, max_depth=None,
             max_leaves=None, min_child_weight=None, missing=nan,
             monotone_constraints=None, multi_strategy=None, n_estimators=None,
             n_jobs=None, num_parallel_tree=None, ...)",,,10.0,0.8,"{'poly__degree': 3, 'regressor': XGBRegressor(base_score=None, booster=None, callbacks=None,
             colsample_bylevel=None, colsample_bynode=None,
             colsample_bytree=None, device=None, early_stopping_rounds=None,
             enable_categorical=False, eval_metric=None, feature_types=None,
             feature_weights=None, gamma=None, grow_policy=None,
             importance_type=None, interaction_constraints=None,
             learning_rate=None, max_bin=None, max_cat_threshold=None,
             max_cat_to_onehot=None, max_delta_step=None, max_depth=None,
             max_leaves=None, min_child_weight=None, missing=nan,
             monotone_constraints=None, multi_strategy=None, n_estimators=None,
             n_jobs=None, num_parallel_tree=None, ...), 'regressor__learning_rate': 0.8, 'regressor__n_estimators': 10}",-6024.91064453125,-1872.3310546875,-2504.3583984375,-1864.8955078125,-1732.669189453125,-2799.832958984375,1634.7255197629354,126
20,0.039831018447875975,0.002366234627471025,0.00814504623413086,0.0008717548793721632,3,DecisionTreeRegressor(random_state=42),,5.0,,,"{'poly__degree': 3, 'regressor': DecisionTreeRegressor(random_state=42), 'regressor__max_depth': 5}",-6340.037166180415,-2086.907026868171,-2306.9620352472293,-1857.2997951014897,-1652.1538004634842,-2848.6719647721575,1759.4226856721164,127
16,0.029210281372070313,0.002531157185416993,0.011270666122436523,0.0025250867324565335,2,DecisionTreeRegressor(random_state=42),,5.0,,,"{'poly__degree': 2, 'regressor': DecisionTreeRegressor(random_state=42), 'regressor__max_depth': 5}",-6358.83682451162,-2091.1055794431504,-2178.9202803701096,-1862.2458080863194,-1753.1146684535518,-2848.8446321729507,1761.647733942877,128
269,0.7524887084960937,0.013132357253300192,0.011801719665527344,0.0007464890813566869,3,"XGBRegressor(base_score=None, booster=None, callbacks=None,
             colsample_bylevel=None, colsample_bynode=None,
             colsample_bytree=None, device=None, early_stopping_rounds=None,
             enable_categorical=False, eval_metric=None, feature_types=None,
             feature_weights=None, gamma=None, grow_policy=None,
             importance_type=None, interaction_constraints=None,
             learning_rate=None, max_bin=None, max_cat_threshold=None,
             max_cat_to_onehot=None, max_delta_step=None, max_depth=None,
             max_leaves=None, min_child_weight=None, missing=nan,
             monotone_constraints=None, multi_strategy=None, n_estimators=None,
             n_jobs=None, num_parallel_tree=None, ...)",,,50.0,1.0,"{'poly__degree': 3, 'regressor': XGBRegressor(base_score=None, booster=None, callbacks=None,
             colsample_bylevel=None, colsample_bynode=None,
             colsample_bytree=None, device=None, early_stopping_rounds=None,
             enable_categorical=False, eval_metric=None, feature_types=None,
             feature_weights=None, gamma=None, grow_policy=None,
             importance_type=None, interaction_constraints=None,
             learning_rate=None, max_bin=None, max_cat_threshold=None,
             max_cat_to_onehot=None, max_delta_step=None, max_depth=None,
             max_leaves=None, min_child_weight=None, missing=nan,
             monotone_constraints=None, multi_strategy=None, n_estimators=None,
             n_jobs=None, num_parallel_tree=None, ...), 'regressor__learning_rate': 1, 'regressor__n_estimators': 50}",-5708.10400390625,-2086.4248046875,-3003.088134765625,-1838.9678955078125,-1975.83203125,-2922.4833740234376,1451.5734848364223,129
272,5.139670085906983,0.6376500676025751,0.015763473510742188,0.001218608472801055,3,"XGBRegressor(base_score=None, booster=None, callbacks=None,
             colsample_bylevel=None, colsample_bynode=None,
             colsample_bytree=None, device=None, early_stopping_rounds=None,
             enable_categorical=False, eval_metric=None, feature_types=None,
             feature_weights=None, gamma=None, grow_policy=None,
             importance_type=None, interaction_constraints=None,
             learning_rate=None, max_bin=None, max_cat_threshold=None,
             max_cat_to_onehot=None, max_delta_step=None, max_depth=None,
             max_leaves=None, min_child_weight=None, missing=nan,
             monotone_constraints=None, multi_strategy=None, n_estimators=None,
             n_jobs=None, num_parallel_tree=None, ...)",,,500.0,1.0,"{'poly__degree': 3, 'regressor': XGBRegressor(base_score=None, booster=None, callbacks=None,
             colsample_bylevel=None, colsample_bynode=None,
             colsample_bytree=None, device=None, early_stopping_rounds=None,
             enable_categorical=False, eval_metric=None, feature_types=None,
             feature_weights=None, gamma=None, grow_policy=None,
             importance_type=None, interaction_constraints=None,
             learning_rate=None, max_bin=None, max_cat_threshold=None,
             max_cat_to_onehot=None, max_delta_step=None, max_depth=None,
             max_leaves=None, min_child_weight=None, missing=nan,
             monotone_constraints=None, multi_strategy=None, n_estimators=None,
             n_jobs=None, num_parallel_tree=None, ...), 'regressor__learning_rate': 1, 'regressor__n_estimators': 500}",-5707.9833984375,-2086.935791015625,-3003.2509765625,-1838.5709228515625,-1976.34130859375,-2922.6164794921874,1451.463018908611,130
271,2.990104627609253,0.2019583934290407,0.015204048156738282,0.001473463411401464,3,"XGBRegressor(base_score=None, booster=None, callbacks=None,
             colsample_bylevel=None, colsample_bynode=None,
             colsample_bytree=None, device=None, early_stopping_rounds=None,
             enable_categorical=False, eval_metric=None, feature_types=None,
             feature_weights=None, gamma=None, grow_policy=None,
             importance_type=None, interaction_constraints=None,
             learning_rate=None, max_bin=None, max_cat_threshold=None,
             max_cat_to_onehot=None, max_delta_step=None, max_depth=None,
             max_leaves=None, min_child_weight=None, missing=nan,
             monotone_constraints=None, multi_strategy=None, n_estimators=None,
             n_jobs=None, num_parallel_tree=None, ...)",,,250.0,1.0,"{'poly__degree': 3, 'regressor': XGBRegressor(base_score=None, booster=None, callbacks=None,
             colsample_bylevel=None, colsample_bynode=None,
             colsample_bytree=None, device=None, early_stopping_rounds=None,
             enable_categorical=False, eval_metric=None, feature_types=None,
             feature_weights=None, gamma=None, grow_policy=None,
             importance_type=None, interaction_constraints=None,
             learning_rate=None, max_bin=None, max_cat_threshold=None,
             max_cat_to_onehot=None, max_delta_step=None, max_depth=None,
             max_leaves=None, min_child_weight=None, missing=nan,
             monotone_constraints=None, multi_strategy=None, n_estimators=None,
             n_jobs=None, num_parallel_tree=None, ...), 'regressor__learning_rate': 1, 'regressor__n_estimators': 250}",-5707.9833984375,-2086.935791015625,-3003.2509765625,-1838.5709228515625,-1976.34130859375,-2922.6164794921874,1451.463018908611,130
273,8.422974729537964,1.0321785274281834,0.012703752517700196,0.003288278258857292,3,"XGBRegressor(base_score=None, booster=None, callbacks=None,
             colsample_bylevel=None, colsample_bynode=None,
             colsample_bytree=None, device=None, early_stopping_rounds=None,
             enable_categorical=False, eval_metric=None, feature_types=None,
             feature_weights=None, gamma=None, grow_policy=None,
             importance_type=None, interaction_constraints=None,
             learning_rate=None, max_bin=None, max_cat_threshold=None,
             max_cat_to_onehot=None, max_delta_step=None, max_depth=None,
             max_leaves=None, min_child_weight=None, missing=nan,
             monotone_constraints=None, multi_strategy=None, n_estimators=None,
             n_jobs=None, num_parallel_tree=None, ...)",,,1000.0,1.0,"{'poly__degree': 3, 'regressor': XGBRegressor(base_score=None, booster=None, callbacks=None,
             colsample_bylevel=None, colsample_bynode=None,
             colsample_bytree=None, device=None, early_stopping_rounds=None,
             enable_categorical=False, eval_metric=None, feature_types=None,
             feature_weights=None, gamma=None, grow_policy=None,
             importance_type=None, interaction_constraints=None,
             learning_rate=None, max_bin=None, max_cat_threshold=None,
             max_cat_to_onehot=None, max_delta_step=None, max_depth=None,
             max_leaves=None, min_child_weight=None, missing=nan,
             monotone_constraints=None, multi_strategy=None, n_estimators=None,
             n_jobs=None, num_parallel_tree=None, ...), 'regressor__learning_rate': 1, 'regressor__n_estimators': 1000}",-5707.9833984375,-2086.935791015625,-3003.2509765625,-1838.5709228515625,-1976.34130859375,-2922.6164794921874,1451.463018908611,130
270,1.4430980205535888,0.05338855573836602,0.012202692031860352,0.000748307305479756,3,"XGBRegressor(base_score=None, booster=None, callbacks=None,
             colsample_bylevel=None, colsample_bynode=None,
             colsample_bytree=None, device=None, early_stopping_rounds=None,
             enable_categorical=False, eval_metric=None, feature_types=None,
             feature_weights=None, gamma=None, grow_policy=None,
             importance_type=None, interaction_constraints=None,
             learning_rate=None, max_bin=None, max_cat_threshold=None,
             max_cat_to_onehot=None, max_delta_step=None, max_depth=None,
             max_leaves=None, min_child_weight=None, missing=nan,
             monotone_constraints=None, multi_strategy=None, n_estimators=None,
             n_jobs=None, num_parallel_tree=None, ...)",,,100.0,1.0,"{'poly__degree': 3, 'regressor': XGBRegressor(base_score=None, booster=None, callbacks=None,
             colsample_bylevel=None, colsample_bynode=None,
             colsample_bytree=None, device=None, early_stopping_rounds=None,
             enable_categorical=False, eval_metric=None, feature_types=None,
             feature_weights=None, gamma=None, grow_policy=None,
             importance_type=None, interaction_constraints=None,
             learning_rate=None, max_bin=None, max_cat_threshold=None,
             max_cat_to_onehot=None, max_delta_step=None, max_depth=None,
             max_leaves=None, min_child_weight=None, missing=nan,
             monotone_constraints=None, multi_strategy=None, n_estimators=None,
             n_jobs=None, num_parallel_tree=None, ...), 'regressor__learning_rate': 1, 'regressor__n_estimators': 100}",-5707.990234375,-2086.930908203125,-3003.24853515625,-1838.56982421875,-1976.3450927734375,-2922.6169189453126,1451.4658483741534,133
115,0.4552438735961914,0.01101573417047005,0.008204126358032226,0.0007484335326325059,2,GradientBoostingRegressor(random_state=42),,,50.0,0.8,"{'poly__degree': 2, 'regressor': GradientBoostingRegressor(random_state=42), 'regressor__learning_rate': 0.8, 'regressor__n_estimators': 50}",-5599.352738293548,-1759.1930502488324,-3314.7537899551558,-1905.5783595148696,-2045.8665848338574,-2924.9489045692526,1447.4303063973819,134
224,6.16959171295166,0.9095741808281055,0.029508686065673827,0.008020004464506196,2,"XGBRegressor(base_score=None, booster=None, callbacks=None,
             colsample_bylevel=None, colsample_bynode=None,
             colsample_bytree=None, device=None, early_stopping_rounds=None,
             enable_categorical=False, eval_metric=None, feature_types=None,
             feature_weights=None, gamma=None, grow_policy=None,
             importance_type=None, interaction_constraints=None,
             learning_rate=None, max_bin=None, max_cat_threshold=None,
             max_cat_to_onehot=None, max_delta_step=None, max_depth=None,
             max_leaves=None, min_child_weight=None, missing=nan,
             monotone_constraints=None, multi_strategy=None, n_estimators=None,
             n_jobs=None, num_parallel_tree=None, ...)",,,1000.0,1.0,"{'poly__degree': 2, 'regressor': XGBRegressor(base_score=None, booster=None, callbacks=None,
             colsample_bylevel=None, colsample_bynode=None,
             colsample_bytree=None, device=None, early_stopping_rounds=None,
             enable_categorical=False, eval_metric=None, feature_types=None,
             feature_weights=None, gamma=None, grow_policy=None,
             importance_type=None, interaction_constraints=None,
             learning_rate=None, max_bin=None, max_cat_threshold=None,
             max_cat_to_onehot=None, max_delta_step=None, max_depth=None,
             max_leaves=None, min_child_weight=None, missing=nan,
             monotone_constraints=None, multi_strategy=None, n_estimators=None,
             n_jobs=None, num_parallel_tree=None, ...), 'regressor__learning_rate': 1, 'regressor__n_estimators': 1000}",-6124.47021484375,-2095.589111328125,-2923.390380859375,-1830.525390625,-1699.8680419921875,-2934.7686279296877,1650.629002740109,135
223,2.7729323863983155,0.19438459921207737,0.016313743591308594,0.0013973891817323347,2,"XGBRegressor(base_score=None, booster=None, callbacks=None,
             colsample_bylevel=None, colsample_bynode=None,
             colsample_bytree=None, device=None, early_stopping_rounds=None,
             enable_categorical=False, eval_metric=None, feature_types=None,
             feature_weights=None, gamma=None, grow_policy=None,
             importance_type=None, interaction_constraints=None,
             learning_rate=None, max_bin=None, max_cat_threshold=None,
             max_cat_to_onehot=None, max_delta_step=None, max_depth=None,
             max_leaves=None, min_child_weight=None, missing=nan,
             monotone_constraints=None, multi_strategy=None, n_estimators=None,
             n_jobs=None, num_parallel_tree=None, ...)",,,500.0,1.0,"{'poly__degree': 2, 'regressor': XGBRegressor(base_score=None, booster=None, callbacks=None,
             colsample_bylevel=None, colsample_bynode=None,
             colsample_bytree=None, device=None, early_stopping_rounds=None,
             enable_categorical=False, eval_metric=None, feature_types=None,
             feature_weights=None, gamma=None, grow_policy=None,
             importance_type=None, interaction_constraints=None,
             learning_rate=None, max_bin=None, max_cat_threshold=None,
             max_cat_to_onehot=None, max_delta_step=None, max_depth=None,
             max_leaves=None, min_child_weight=None, missing=nan,
             monotone_constraints=None, multi_strategy=None, n_estimators=None,
             n_jobs=None, num_parallel_tree=None, ...), 'regressor__learning_rate': 1, 'regressor__n_estimators': 500}",-6124.474609375,-2095.59716796875,-2923.390380859375,-1830.525390625,-1699.8680419921875,-2934.7711181640625,1650.629881956478,136
222,1.4588224411010742,0.06202134133930057,0.013710975646972656,0.0008771999448314432,2,"XGBRegressor(base_score=None, booster=None, callbacks=None,
             colsample_bylevel=None, colsample_bynode=None,
             colsample_bytree=None, device=None, early_stopping_rounds=None,
             enable_categorical=False, eval_metric=None, feature_types=None,
             feature_weights=None, gamma=None, grow_policy=None,
             importance_type=None, interaction_constraints=None,
             learning_rate=None, max_bin=None, max_cat_threshold=None,
             max_cat_to_onehot=None, max_delta_step=None, max_depth=None,
             max_leaves=None, min_child_weight=None, missing=nan,
             monotone_constraints=None, multi_strategy=None, n_estimators=None,
             n_jobs=None, num_parallel_tree=None, ...)",,,250.0,1.0,"{'poly__degree': 2, 'regressor': XGBRegressor(base_score=None, booster=None, callbacks=None,
             colsample_bylevel=None, colsample_bynode=None,
             colsample_bytree=None, device=None, early_stopping_rounds=None,
             enable_categorical=False, eval_metric=None, feature_types=None,
             feature_weights=None, gamma=None, grow_policy=None,
             importance_type=None, interaction_constraints=None,
             learning_rate=None, max_bin=None, max_cat_threshold=None,
             max_cat_to_onehot=None, max_delta_step=None, max_depth=None,
             max_leaves=None, min_child_weight=None, missing=nan,
             monotone_constraints=None, multi_strategy=None, n_estimators=None,
             n_jobs=None, num_parallel_tree=None, ...), 'regressor__learning_rate': 1, 'regressor__n_estimators': 250}",-6124.4765625,-2095.60107421875,-2923.390380859375,-1830.525390625,-1699.8680419921875,-2934.7722900390627,1650.6302396226274,137
221,0.6572872161865234,0.02659560729444871,0.013003063201904298,0.0016759964960150456,2,"XGBRegressor(base_score=None, booster=None, callbacks=None,
             colsample_bylevel=None, colsample_bynode=None,
             colsample_bytree=None, device=None, early_stopping_rounds=None,
             enable_categorical=False, eval_metric=None, feature_types=None,
             feature_weights=None, gamma=None, grow_policy=None,
             importance_type=None, interaction_constraints=None,
             learning_rate=None, max_bin=None, max_cat_threshold=None,
             max_cat_to_onehot=None, max_delta_step=None, max_depth=None,
             max_leaves=None, min_child_weight=None, missing=nan,
             monotone_constraints=None, multi_strategy=None, n_estimators=None,
             n_jobs=None, num_parallel_tree=None, ...)",,,100.0,1.0,"{'poly__degree': 2, 'regressor': XGBRegressor(base_score=None, booster=None, callbacks=None,
             colsample_bylevel=None, colsample_bynode=None,
             colsample_bytree=None, device=None, early_stopping_rounds=None,
             enable_categorical=False, eval_metric=None, feature_types=None,
             feature_weights=None, gamma=None, grow_policy=None,
             importance_type=None, interaction_constraints=None,
             learning_rate=None, max_bin=None, max_cat_threshold=None,
             max_cat_to_onehot=None, max_delta_step=None, max_depth=None,
             max_leaves=None, min_child_weight=None, missing=nan,
             monotone_constraints=None, multi_strategy=None, n_estimators=None,
             n_jobs=None, num_parallel_tree=None, ...), 'regressor__learning_rate': 1, 'regressor__n_estimators': 100}",-6124.50732421875,-2095.597412109375,-2923.392822265625,-1830.5263671875,-1699.882568359375,-2934.781298828125,1650.6401933036195,138
220,0.34667158126831055,0.0042862727838282565,0.010906982421875,0.0006590297585590721,2,"XGBRegressor(base_score=None, booster=None, callbacks=None,
             colsample_bylevel=None, colsample_bynode=None,
             colsample_bytree=None, device=None, early_stopping_rounds=None,
             enable_categorical=False, eval_metric=None, feature_types=None,
             feature_weights=None, gamma=None, grow_policy=None,
             importance_type=None, interaction_constraints=None,
             learning_rate=None, max_bin=None, max_cat_threshold=None,
             max_cat_to_onehot=None, max_delta_step=None, max_depth=None,
             max_leaves=None, min_child_weight=None, missing=nan,
             monotone_constraints=None, multi_strategy=None, n_estimators=None,
             n_jobs=None, num_parallel_tree=None, ...)",,,50.0,1.0,"{'poly__degree': 2, 'regressor': XGBRegressor(base_score=None, booster=None, callbacks=None,
             colsample_bylevel=None, colsample_bynode=None,
             colsample_bytree=None, device=None, early_stopping_rounds=None,
             enable_categorical=False, eval_metric=None, feature_types=None,
             feature_weights=None, gamma=None, grow_policy=None,
             importance_type=None, interaction_constraints=None,
             learning_rate=None, max_bin=None, max_cat_threshold=None,
             max_cat_to_onehot=None, max_delta_step=None, max_depth=None,
             max_leaves=None, min_child_weight=None, missing=nan,
             monotone_constraints=None, multi_strategy=None, n_estimators=None,
             n_jobs=None, num_parallel_tree=None, ...), 'regressor__learning_rate': 1, 'regressor__n_estimators': 50}",-6124.65771484375,-2095.881591796875,-2923.986572265625,-1830.8260498046875,-1701.3245849609375,-2935.335302734375,1650.4127917742376,139
36,0.038706731796264646,0.008443842261640164,0.011704540252685547,0.0019169324102846857,2,RandomForestRegressor(random_state=42),,5.0,1.0,,"{'poly__degree': 2, 'regressor': RandomForestRegressor(random_state=42), 'regressor__max_depth': 5, 'regressor__n_estimators': 1}",-5811.323163361607,-1403.6977761781864,-3438.0159182442617,-2047.04551958297,-2007.7787117497467,-2941.572217823354,1582.3484421088056,140
268,0.19408574104309081,0.007120067343285205,0.011115026473999024,0.0006679004031826222,3,"XGBRegressor(base_score=None, booster=None, callbacks=None,
             colsample_bylevel=None, colsample_bynode=None,
             colsample_bytree=None, device=None, early_stopping_rounds=None,
             enable_categorical=False, eval_metric=None, feature_types=None,
             feature_weights=None, gamma=None, grow_policy=None,
             importance_type=None, interaction_constraints=None,
             learning_rate=None, max_bin=None, max_cat_threshold=None,
             max_cat_to_onehot=None, max_delta_step=None, max_depth=None,
             max_leaves=None, min_child_weight=None, missing=nan,
             monotone_constraints=None, multi_strategy=None, n_estimators=None,
             n_jobs=None, num_parallel_tree=None, ...)",,,10.0,1.0,"{'poly__degree': 3, 'regressor': XGBRegressor(base_score=None, booster=None, callbacks=None,
             colsample_bylevel=None, colsample_bynode=None,
             colsample_bytree=None, device=None, early_stopping_rounds=None,
             enable_categorical=False, eval_metric=None, feature_types=None,
             feature_weights=None, gamma=None, grow_policy=None,
             importance_type=None, interaction_constraints=None,
             learning_rate=None, max_bin=None, max_cat_threshold=None,
             max_cat_to_onehot=None, max_delta_step=None, max_depth=None,
             max_leaves=None, min_child_weight=None, missing=nan,
             monotone_constraints=None, multi_strategy=None, n_estimators=None,
             n_jobs=None, num_parallel_tree=None, ...), 'regressor__learning_rate': 1, 'regressor__n_estimators': 10}",-5848.41455078125,-2061.93603515625,-3043.18505859375,-1877.445068359375,-1983.8101806640625,-2962.9581787109373,1502.0789090708324,141
116,0.8781537055969239,0.004382490050697556,0.008305168151855469,0.00040275453211254843,2,GradientBoostingRegressor(random_state=42),,,100.0,0.8,"{'poly__degree': 2, 'regressor': GradientBoostingRegressor(random_state=42), 'regressor__learning_rate': 0.8, 'regressor__n_estimators': 100}",-5793.9831776120045,-1774.6734737222591,-3316.0032567356316,-1889.1262945500912,-2054.1866728527143,-2965.5945750945402,1518.5723376909696,142
117,2.1604175090789797,0.016259425962795455,0.008704662322998047,0.0006028925641245818,2,GradientBoostingRegressor(random_state=42),,,250.0,0.8,"{'poly__degree': 2, 'regressor': GradientBoostingRegressor(random_state=42), 'regressor__learning_rate': 0.8, 'regressor__n_estimators': 250}",-5809.286720653159,-1772.8966146101354,-3315.1837664558207,-1890.5290563488302,-2049.6999510849582,-2967.519221830581,1524.8564756679507,143
119,8.564361333847046,0.1055575141997174,0.011802482604980468,0.0003998547666156487,2,GradientBoostingRegressor(random_state=42),,,1000.0,0.8,"{'poly__degree': 2, 'regressor': GradientBoostingRegressor(random_state=42), 'regressor__learning_rate': 0.8, 'regressor__n_estimators': 1000}",-5810.587232907958,-1772.3500577547106,-3315.3385604657105,-1890.509762101138,-2049.8259701900547,-2967.7223166839144,1525.4214770294495,144
118,4.275374698638916,0.07514839442476276,0.010201406478881837,0.0007485396088359173,2,GradientBoostingRegressor(random_state=42),,,500.0,0.8,"{'poly__degree': 2, 'regressor': GradientBoostingRegressor(random_state=42), 'regressor__learning_rate': 0.8, 'regressor__n_estimators': 500}",-5810.590399123146,-1772.353469656451,-3315.3373934702613,-1890.5049043597487,-2049.8281213323367,-2967.7228575883887,1525.422496456486,145
71,0.029605627059936523,0.001070248812374285,0.005401754379272461,0.000488406161632773,3,RandomForestRegressor(random_state=42),,10.0,1.0,,"{'poly__degree': 3, 'regressor': RandomForestRegressor(random_state=42), 'regressor__max_depth': 10, 'regressor__n_estimators': 1}",-7491.384193535568,-1766.7046163357966,-2273.963576801694,-1632.1836673262444,-1886.2418834725675,-3010.095587494374,2250.846392926212,146
219,0.10015335083007812,0.005640580139098655,0.011999702453613282,0.0016711833905356794,2,"XGBRegressor(base_score=None, booster=None, callbacks=None,
             colsample_bylevel=None, colsample_bynode=None,
             colsample_bytree=None, device=None, early_stopping_rounds=None,
             enable_categorical=False, eval_metric=None, feature_types=None,
             feature_weights=None, gamma=None, grow_policy=None,
             importance_type=None, interaction_constraints=None,
             learning_rate=None, max_bin=None, max_cat_threshold=None,
             max_cat_to_onehot=None, max_delta_step=None, max_depth=None,
             max_leaves=None, min_child_weight=None, missing=nan,
             monotone_constraints=None, multi_strategy=None, n_estimators=None,
             n_jobs=None, num_parallel_tree=None, ...)",,,10.0,1.0,"{'poly__degree': 2, 'regressor': XGBRegressor(base_score=None, booster=None, callbacks=None,
             colsample_bylevel=None, colsample_bynode=None,
             colsample_bytree=None, device=None, early_stopping_rounds=None,
             enable_categorical=False, eval_metric=None, feature_types=None,
             feature_weights=None, gamma=None, grow_policy=None,
             importance_type=None, interaction_constraints=None,
             learning_rate=None, max_bin=None, max_cat_threshold=None,
             max_cat_to_onehot=None, max_delta_step=None, max_depth=None,
             max_leaves=None, min_child_weight=None, missing=nan,
             monotone_constraints=None, multi_strategy=None, n_estimators=None,
             n_jobs=None, num_parallel_tree=None, ...), 'regressor__learning_rate': 1, 'regressor__n_estimators': 10}",-6119.7802734375,-2448.71533203125,-2954.070068359375,-1830.6795654296875,-1703.446533203125,-3011.3383544921876,1617.8239507339133,147
164,0.9458478450775146,0.006429980787480179,0.007600545883178711,0.0004891095409752074,3,GradientBoostingRegressor(random_state=42),,,50.0,0.8,"{'poly__degree': 3, 'regressor': GradientBoostingRegressor(random_state=42), 'regressor__learning_rate': 0.8, 'regressor__n_estimators': 50}",-6126.317776167681,-1934.644637969077,-2775.2746900878155,-2434.314961732996,-1884.9982546974795,-3031.1100641310095,1582.2601318367867,148
167,9.108943033218384,0.16774009697070114,0.010001850128173829,3.601304547977296e-06,3,GradientBoostingRegressor(random_state=42),,,500.0,0.8,"{'poly__degree': 3, 'regressor': GradientBoostingRegressor(random_state=42), 'regressor__learning_rate': 0.8, 'regressor__n_estimators': 500}",-6089.28233703936,-1928.1508325329717,-2792.5224787861493,-2476.227694381837,-1905.6799257560133,-3038.3726536992663,1562.055342669938,149
168,18.72650089263916,0.8425693286908409,0.013305425643920898,0.0017812466016966751,3,GradientBoostingRegressor(random_state=42),,,1000.0,0.8,"{'poly__degree': 3, 'regressor': GradientBoostingRegressor(random_state=42), 'regressor__learning_rate': 0.8, 'regressor__n_estimators': 1000}",-6089.285005337745,-1928.150937358295,-2792.523031711527,-2476.228190715559,-1905.6805519924314,-3038.3735434231116,1562.056226131132,150
166,4.644872999191284,0.08611611939754149,0.00920276641845703,0.0011695366461379872,3,GradientBoostingRegressor(random_state=42),,,250.0,0.8,"{'poly__degree': 3, 'regressor': GradientBoostingRegressor(random_state=42), 'regressor__learning_rate': 0.8, 'regressor__n_estimators': 250}",-6089.901672893632,-1928.0814741071813,-2792.582970996224,-2476.3906639855,-1905.5753939864544,-3038.506435193798,1562.3086587148284,151
165,1.863605260848999,0.008287142139804166,0.008802318572998047,0.0017211558438915385,3,GradientBoostingRegressor(random_state=42),,,100.0,0.8,"{'poly__degree': 3, 'regressor': GradientBoostingRegressor(random_state=42), 'regressor__learning_rate': 0.8, 'regressor__n_estimators': 100}",-6110.553007926417,-1923.5375997514334,-2784.722979074661,-2474.183461206345,-1901.3404860691608,-3038.867506805603,1572.0456643876948,152
170,0.20064873695373536,0.003830333461133414,0.0074023246765136715,0.0008003007152116203,3,GradientBoostingRegressor(random_state=42),,,10.0,1.0,"{'poly__degree': 3, 'regressor': GradientBoostingRegressor(random_state=42), 'regressor__learning_rate': 1, 'regressor__n_estimators': 10}",-6200.526703398304,-1603.77729906896,-3183.1991445307276,-2210.33930877042,-2277.668698965374,-3095.102230946757,1632.5731395799621,153
121,0.1063262939453125,0.002397163620147657,0.008202934265136718,0.0004010712911774386,2,GradientBoostingRegressor(random_state=42),,,10.0,1.0,"{'poly__degree': 2, 'regressor': GradientBoostingRegressor(random_state=42), 'regressor__learning_rate': 1, 'regressor__n_estimators': 10}",-6020.354744622272,-1603.505349482152,-4458.20182423148,-2064.574140619896,-1906.405276629507,-3210.6082671170616,1734.8362688720679,154
171,0.9494122505187989,0.007581269226769659,0.008115911483764648,0.0009706454207605707,3,GradientBoostingRegressor(random_state=42),,,50.0,1.0,"{'poly__degree': 3, 'regressor': GradientBoostingRegressor(random_state=42), 'regressor__learning_rate': 1, 'regressor__n_estimators': 50}",-6908.4929876832175,-1717.8610603838758,-3253.0426433043617,-2290.3347170347665,-2056.9818423659967,-3245.342650154443,1901.3769354932665,155
174,11.02528624534607,0.5976619727142796,0.011407089233398438,0.002346368832365869,3,GradientBoostingRegressor(random_state=42),,,500.0,1.0,"{'poly__degree': 3, 'regressor': GradientBoostingRegressor(random_state=42), 'regressor__learning_rate': 1, 'regressor__n_estimators': 500}",-6877.639931326302,-1705.5878611492828,-3289.607517113345,-2334.567972322368,-2085.453554134905,-3258.5713672092406,1883.6329770733073,156
175,19.682126331329346,0.8451338228246298,0.013411617279052735,0.0010204164178568747,3,GradientBoostingRegressor(random_state=42),,,1000.0,1.0,"{'poly__degree': 3, 'regressor': GradientBoostingRegressor(random_state=42), 'regressor__learning_rate': 1, 'regressor__n_estimators': 1000}",-6877.640106561244,-1705.5877764690517,-3289.6074473357316,-2334.56803526044,-2085.4535668331623,-3258.5713864919258,1883.6330503866457,157
173,4.828364372253418,0.256338370001093,0.010403203964233398,0.0028717924216512107,3,GradientBoostingRegressor(random_state=42),,,250.0,1.0,"{'poly__degree': 3, 'regressor': GradientBoostingRegressor(random_state=42), 'regressor__learning_rate': 1, 'regressor__n_estimators': 250}",-6878.099779753109,-1705.7034251254265,-3289.5556079293674,-2334.5469292620296,-2085.3929490615647,-3258.6597382262994,1883.8000701571766,158
172,1.8914639472961425,0.040786992666993316,0.008004045486450196,4.748302186776964e-06,3,GradientBoostingRegressor(random_state=42),,,100.0,1.0,"{'poly__degree': 3, 'regressor': GradientBoostingRegressor(random_state=42), 'regressor__learning_rate': 1, 'regressor__n_estimators': 100}",-6906.854951691081,-1714.5301590390795,-3289.6573862528644,-2323.105234514228,-2086.0488882619475,-3264.0393239518394,1894.45290583897,159
122,0.4471889495849609,0.010612463641062074,0.008002424240112304,0.0006353537370848466,2,GradientBoostingRegressor(random_state=42),,,50.0,1.0,"{'poly__degree': 2, 'regressor': GradientBoostingRegressor(random_state=42), 'regressor__learning_rate': 1, 'regressor__n_estimators': 50}",-6224.250206006692,-1685.59054933497,-4392.654339542854,-1989.951449447229,-2048.0089865815858,-3268.0911061826664,1768.0536452501226,160
123,0.8789865970611572,0.004408103371683063,0.008201503753662109,0.0011664425475831097,2,GradientBoostingRegressor(random_state=42),,,100.0,1.0,"{'poly__degree': 2, 'regressor': GradientBoostingRegressor(random_state=42), 'regressor__learning_rate': 1, 'regressor__n_estimators': 100}",-6240.929318519794,-1705.1619225353766,-4421.629378889886,-1978.605996565235,-2066.73410969782,-3282.612145241622,1772.9151922458084,161
126,8.541440963745117,0.10447858257526889,0.011410140991210937,0.0005795907228676292,2,GradientBoostingRegressor(random_state=42),,,1000.0,1.0,"{'poly__degree': 2, 'regressor': GradientBoostingRegressor(random_state=42), 'regressor__learning_rate': 1, 'regressor__n_estimators': 1000}",-6238.589423822536,-1711.71723825508,-4420.56558950871,-1989.8722441813761,-2077.308168531165,-3287.610532859774,1767.7250764910025,162
125,4.362201738357544,0.17717233399618257,0.010399484634399414,0.0010183277302339459,2,GradientBoostingRegressor(random_state=42),,,500.0,1.0,"{'poly__degree': 2, 'regressor': GradientBoostingRegressor(random_state=42), 'regressor__learning_rate': 1, 'regressor__n_estimators': 500}",-6238.590203139493,-1711.716684437034,-4420.56544988357,-1989.8715929551647,-2077.3088516147013,-3287.610556405992,1767.7254196101053,163
124,2.1491325378417967,0.018055199852607305,0.008800506591796875,0.000747756990604577,2,GradientBoostingRegressor(random_state=42),,,250.0,1.0,"{'poly__degree': 2, 'regressor': GradientBoostingRegressor(random_state=42), 'regressor__learning_rate': 1, 'regressor__n_estimators': 250}",-6238.450416175513,-1711.6437729201914,-4421.287751109537,-1989.6932473508587,-2077.411714827903,-3287.697380476801,1767.7964646449464,164
149,0.194694185256958,0.0015839480629987268,0.007802295684814453,0.0007480254308955183,3,GradientBoostingRegressor(random_state=42),,,10.0,0.25,"{'poly__degree': 3, 'regressor': GradientBoostingRegressor(random_state=42), 'regressor__learning_rate': 0.25, 'regressor__n_estimators': 10}",-7961.506471760705,-2160.7563049104897,-1884.767519256971,-2245.144010062994,-2224.05492431645,-3295.245846061522,2336.6928644181507,165
114,0.1046372413635254,0.006611101590287843,0.008008003234863281,0.0006355857801899576,2,GradientBoostingRegressor(random_state=42),,,10.0,0.8,"{'poly__degree': 2, 'regressor': GradientBoostingRegressor(random_state=42), 'regressor__learning_rate': 0.8, 'regressor__n_estimators': 10}",-6380.734654484466,-2322.978846765569,-3500.980332504952,-1953.44053701773,-2471.958517475483,-3326.01857764964,1611.296353342662,166
100,0.10513110160827636,0.005823205888644867,0.008400297164916993,0.0007990150636150925,2,GradientBoostingRegressor(random_state=42),,,10.0,0.25,"{'poly__degree': 2, 'regressor': GradientBoostingRegressor(random_state=42), 'regressor__learning_rate': 0.25, 'regressor__n_estimators': 10}",-8100.226872837239,-2245.053231833339,-1872.9808498721616,-2381.60870960829,-2396.8267404834346,-3399.339280926893,2358.020246075229,167
163,0.20005812644958496,0.0030960731418185157,0.007804489135742188,0.0007528278958700885,3,GradientBoostingRegressor(random_state=42),,,10.0,0.8,"{'poly__degree': 3, 'regressor': GradientBoostingRegressor(random_state=42), 'regressor__learning_rate': 0.8, 'regressor__n_estimators': 10}",-6311.364897211087,-2560.0809241331576,-3330.4829852385333,-2681.58842802396,-2183.5640120353683,-3413.4162493284216,1495.41124476805,168
247,0.1830655574798584,0.006095258418373057,0.010609149932861328,0.0005760126358241893,3,"XGBRegressor(base_score=None, booster=None, callbacks=None,
             colsample_bylevel=None, colsample_bynode=None,
             colsample_bytree=None, device=None, early_stopping_rounds=None,
             enable_categorical=False, eval_metric=None, feature_types=None,
             feature_weights=None, gamma=None, grow_policy=None,
             importance_type=None, interaction_constraints=None,
             learning_rate=None, max_bin=None, max_cat_threshold=None,
             max_cat_to_onehot=None, max_delta_step=None, max_depth=None,
             max_leaves=None, min_child_weight=None, missing=nan,
             monotone_constraints=None, multi_strategy=None, n_estimators=None,
             n_jobs=None, num_parallel_tree=None, ...)",,,10.0,0.25,"{'poly__degree': 3, 'regressor': XGBRegressor(base_score=None, booster=None, callbacks=None,
             colsample_bylevel=None, colsample_bynode=None,
             colsample_bytree=None, device=None, early_stopping_rounds=None,
             enable_categorical=False, eval_metric=None, feature_types=None,
             feature_weights=None, gamma=None, grow_policy=None,
             importance_type=None, interaction_constraints=None,
             learning_rate=None, max_bin=None, max_cat_threshold=None,
             max_cat_to_onehot=None, max_delta_step=None, max_depth=None,
             max_leaves=None, min_child_weight=None, missing=nan,
             monotone_constraints=None, multi_strategy=None, n_estimators=None,
             n_jobs=None, num_parallel_tree=None, ...), 'regressor__learning_rate': 0.25, 'regressor__n_estimators': 10}",-8398.1708984375,-2050.1064453125,-2159.17626953125,-2436.48583984375,-2370.013916015625,-3482.790673828125,2461.646922721748,169
198,0.10756449699401856,0.008319267297467507,0.012022447586059571,0.000708292467011307,2,"XGBRegressor(base_score=None, booster=None, callbacks=None,
             colsample_bylevel=None, colsample_bynode=None,
             colsample_bytree=None, device=None, early_stopping_rounds=None,
             enable_categorical=False, eval_metric=None, feature_types=None,
             feature_weights=None, gamma=None, grow_policy=None,
             importance_type=None, interaction_constraints=None,
             learning_rate=None, max_bin=None, max_cat_threshold=None,
             max_cat_to_onehot=None, max_delta_step=None, max_depth=None,
             max_leaves=None, min_child_weight=None, missing=nan,
             monotone_constraints=None, multi_strategy=None, n_estimators=None,
             n_jobs=None, num_parallel_tree=None, ...)",,,10.0,0.25,"{'poly__degree': 2, 'regressor': XGBRegressor(base_score=None, booster=None, callbacks=None,
             colsample_bylevel=None, colsample_bynode=None,
             colsample_bytree=None, device=None, early_stopping_rounds=None,
             enable_categorical=False, eval_metric=None, feature_types=None,
             feature_weights=None, gamma=None, grow_policy=None,
             importance_type=None, interaction_constraints=None,
             learning_rate=None, max_bin=None, max_cat_threshold=None,
             max_cat_to_onehot=None, max_delta_step=None, max_depth=None,
             max_leaves=None, min_child_weight=None, missing=nan,
             monotone_constraints=None, multi_strategy=None, n_estimators=None,
             n_jobs=None, num_parallel_tree=None, ...), 'regressor__learning_rate': 0.25, 'regressor__n_estimators': 10}",-8450.3779296875,-2022.5352783203125,-2246.125,-2504.575927734375,-2379.51611328125,-3520.6260498046877,2470.043409357805,170
138,4.599082899093628,0.08062108132942597,0.009001493453979492,0.0006347528478420829,3,GradientBoostingRegressor(random_state=42),,,250.0,0.01,"{'poly__degree': 3, 'regressor': GradientBoostingRegressor(random_state=42), 'regressor__learning_rate': 0.01, 'regressor__n_estimators': 250}",-8844.075510722903,-2716.0466502578083,-1854.7868144223978,-2765.7877987078055,-2679.723330178148,-3772.084020857813,2558.211294808474,171
89,2.1006901264190674,0.01373078473932443,0.008200597763061524,0.00039854215131874003,2,GradientBoostingRegressor(random_state=42),,,250.0,0.01,"{'poly__degree': 2, 'regressor': GradientBoostingRegressor(random_state=42), 'regressor__learning_rate': 0.01, 'regressor__n_estimators': 250}",-8847.892670663505,-2820.5510544677754,-1884.902819897032,-2846.3644004506145,-2706.192463305239,-3821.1806817568336,2538.177713964907,172
236,3.6122507572174074,0.39567491747282907,0.014802360534667968,0.0023182863671097676,3,"XGBRegressor(base_score=None, booster=None, callbacks=None,
             colsample_bylevel=None, colsample_bynode=None,
             colsample_bytree=None, device=None, early_stopping_rounds=None,
             enable_categorical=False, eval_metric=None, feature_types=None,
             feature_weights=None, gamma=None, grow_policy=None,
             importance_type=None, interaction_constraints=None,
             learning_rate=None, max_bin=None, max_cat_threshold=None,
             max_cat_to_onehot=None, max_delta_step=None, max_depth=None,
             max_leaves=None, min_child_weight=None, missing=nan,
             monotone_constraints=None, multi_strategy=None, n_estimators=None,
             n_jobs=None, num_parallel_tree=None, ...)",,,250.0,0.01,"{'poly__degree': 3, 'regressor': XGBRegressor(base_score=None, booster=None, callbacks=None,
             colsample_bylevel=None, colsample_bynode=None,
             colsample_bytree=None, device=None, early_stopping_rounds=None,
             enable_categorical=False, eval_metric=None, feature_types=None,
             feature_weights=None, gamma=None, grow_policy=None,
             importance_type=None, interaction_constraints=None,
             learning_rate=None, max_bin=None, max_cat_threshold=None,
             max_cat_to_onehot=None, max_delta_step=None, max_depth=None,
             max_leaves=None, min_child_weight=None, missing=nan,
             monotone_constraints=None, multi_strategy=None, n_estimators=None,
             n_jobs=None, num_parallel_tree=None, ...), 'regressor__learning_rate': 0.01, 'regressor__n_estimators': 250}",-9088.5986328125,-2396.50244140625,-2455.49169921875,-2956.909423828125,-2819.581787109375,-3943.416796875,2581.3160662926416,173
187,1.4905032157897948,0.149786366994694,0.01270589828491211,0.0011746096841158018,2,"XGBRegressor(base_score=None, booster=None, callbacks=None,
             colsample_bylevel=None, colsample_bynode=None,
             colsample_bytree=None, device=None, early_stopping_rounds=None,
             enable_categorical=False, eval_metric=None, feature_types=None,
             feature_weights=None, gamma=None, grow_policy=None,
             importance_type=None, interaction_constraints=None,
             learning_rate=None, max_bin=None, max_cat_threshold=None,
             max_cat_to_onehot=None, max_delta_step=None, max_depth=None,
             max_leaves=None, min_child_weight=None, missing=nan,
             monotone_constraints=None, multi_strategy=None, n_estimators=None,
             n_jobs=None, num_parallel_tree=None, ...)",,,250.0,0.01,"{'poly__degree': 2, 'regressor': XGBRegressor(base_score=None, booster=None, callbacks=None,
             colsample_bylevel=None, colsample_bynode=None,
             colsample_bytree=None, device=None, early_stopping_rounds=None,
             enable_categorical=False, eval_metric=None, feature_types=None,
             feature_weights=None, gamma=None, grow_policy=None,
             importance_type=None, interaction_constraints=None,
             learning_rate=None, max_bin=None, max_cat_threshold=None,
             max_cat_to_onehot=None, max_delta_step=None, max_depth=None,
             max_leaves=None, min_child_weight=None, missing=nan,
             monotone_constraints=None, multi_strategy=None, n_estimators=None,
             n_jobs=None, num_parallel_tree=None, ...), 'regressor__learning_rate': 0.01, 'regressor__n_estimators': 250}",-9116.4189453125,-2461.99169921875,-2444.746826171875,-3016.468994140625,-2829.851318359375,-3973.895556640625,2580.511529086576,174
267,0.051114225387573244,0.0013608725869682587,0.010312557220458984,0.0003988960719612944,3,"XGBRegressor(base_score=None, booster=None, callbacks=None,
             colsample_bylevel=None, colsample_bynode=None,
             colsample_bytree=None, device=None, early_stopping_rounds=None,
             enable_categorical=False, eval_metric=None, feature_types=None,
             feature_weights=None, gamma=None, grow_policy=None,
             importance_type=None, interaction_constraints=None,
             learning_rate=None, max_bin=None, max_cat_threshold=None,
             max_cat_to_onehot=None, max_delta_step=None, max_depth=None,
             max_leaves=None, min_child_weight=None, missing=nan,
             monotone_constraints=None, multi_strategy=None, n_estimators=None,
             n_jobs=None, num_parallel_tree=None, ...)",,,1.0,1.0,"{'poly__degree': 3, 'regressor': XGBRegressor(base_score=None, booster=None, callbacks=None,
             colsample_bylevel=None, colsample_bynode=None,
             colsample_bytree=None, device=None, early_stopping_rounds=None,
             enable_categorical=False, eval_metric=None, feature_types=None,
             feature_weights=None, gamma=None, grow_policy=None,
             importance_type=None, interaction_constraints=None,
             learning_rate=None, max_bin=None, max_cat_threshold=None,
             max_cat_to_onehot=None, max_delta_step=None, max_depth=None,
             max_leaves=None, min_child_weight=None, missing=nan,
             monotone_constraints=None, multi_strategy=None, n_estimators=None,
             n_jobs=None, num_parallel_tree=None, ...), 'regressor__learning_rate': 1, 'regressor__n_estimators': 1}",-9482.6826171875,-4813.84716796875,-3244.83740234375,-3549.613525390625,-2985.6201171875,-4815.320166015625,2416.6301372004236,175
218,0.0374176025390625,0.003166193403388908,0.011710548400878906,0.0010845628154701893,2,"XGBRegressor(base_score=None, booster=None, callbacks=None,
             colsample_bylevel=None, colsample_bynode=None,
             colsample_bytree=None, device=None, early_stopping_rounds=None,
             enable_categorical=False, eval_metric=None, feature_types=None,
             feature_weights=None, gamma=None, grow_policy=None,
             importance_type=None, interaction_constraints=None,
             learning_rate=None, max_bin=None, max_cat_threshold=None,
             max_cat_to_onehot=None, max_delta_step=None, max_depth=None,
             max_leaves=None, min_child_weight=None, missing=nan,
             monotone_constraints=None, multi_strategy=None, n_estimators=None,
             n_jobs=None, num_parallel_tree=None, ...)",,,1.0,1.0,"{'poly__degree': 2, 'regressor': XGBRegressor(base_score=None, booster=None, callbacks=None,
             colsample_bylevel=None, colsample_bynode=None,
             colsample_bytree=None, device=None, early_stopping_rounds=None,
             enable_categorical=False, eval_metric=None, feature_types=None,
             feature_weights=None, gamma=None, grow_policy=None,
             importance_type=None, interaction_constraints=None,
             learning_rate=None, max_bin=None, max_cat_threshold=None,
             max_cat_to_onehot=None, max_delta_step=None, max_depth=None,
             max_leaves=None, min_child_weight=None, missing=nan,
             monotone_constraints=None, multi_strategy=None, n_estimators=None,
             n_jobs=None, num_parallel_tree=None, ...), 'regressor__learning_rate': 1, 'regressor__n_estimators': 1}",-9482.6826171875,-5020.890625,-3245.08447265625,-3488.3623046875,-2937.072021484375,-4834.818408203125,2432.2378151755456,176
169,0.034806013107299805,0.0018001156223705096,0.008605337142944336,0.001017160706293059,3,GradientBoostingRegressor(random_state=42),,,1.0,1.0,"{'poly__degree': 3, 'regressor': GradientBoostingRegressor(random_state=42), 'regressor__learning_rate': 1, 'regressor__n_estimators': 1}",-8917.765491450848,-5241.9771408036795,-4482.964584688751,-3678.349505458604,-3940.8819249925273,-5252.387729478882,1909.1756493278572,177
19,0.03122854232788086,0.005379793979107458,0.008801078796386719,0.0011232551196666003,3,DecisionTreeRegressor(random_state=42),,3.0,,,"{'poly__degree': 3, 'regressor': DecisionTreeRegressor(random_state=42), 'regressor__max_depth': 3}",-8917.765491450855,-5241.977140803706,-4482.964584688747,-3678.349505458604,-3940.8819249925223,-5252.387729478887,1909.175649327861,178
120,0.02340688705444336,0.0008639099315986784,0.00771021842956543,0.0007486431765186493,2,GradientBoostingRegressor(random_state=42),,,1.0,1.0,"{'poly__degree': 2, 'regressor': GradientBoostingRegressor(random_state=42), 'regressor__learning_rate': 1, 'regressor__n_estimators': 1}",-8915.285981415205,-5256.279545395512,-4942.912527605105,-3695.509043037576,-4055.823203065208,-5373.162060103721,1859.8558743258313,179
15,0.020709514617919922,0.005293325189565309,0.00774998664855957,0.0013935203800439556,2,DecisionTreeRegressor(random_state=42),,3.0,,,"{'poly__degree': 2, 'regressor': DecisionTreeRegressor(random_state=42), 'regressor__max_depth': 3}",-8915.285981415213,-5256.279545395538,-4942.9125276051045,-3695.509043037576,-4055.823203065202,-5373.162060103727,1859.8558743258347,180
31,0.4127288818359375,0.020978767391004516,0.026146459579467773,0.004068315298092172,2,RandomForestRegressor(random_state=42),,2.0,50.0,,"{'poly__degree': 2, 'regressor': RandomForestRegressor(random_state=42), 'regressor__max_depth': 2, 'regressor__n_estimators': 50}",-10567.487908192037,-5586.547240175492,-5705.216377430746,-5529.583105369179,-5154.969260988442,-6508.7607784311795,2037.6931916508456,181
62,6.395386743545532,0.28366854405009295,0.1807894229888916,0.03060341308606499,3,RandomForestRegressor(random_state=42),,2.0,500.0,,"{'poly__degree': 3, 'regressor': RandomForestRegressor(random_state=42), 'regressor__max_depth': 2, 'regressor__n_estimators': 500}",-10569.996926618918,-5580.171377175394,-5747.108777196755,-5526.491126449795,-5142.3668381704065,-6513.227009122253,2038.0293143896542,182
32,0.8089355945587158,0.09361691384810937,0.043954896926879886,0.004922689372222897,2,RandomForestRegressor(random_state=42),,2.0,100.0,,"{'poly__degree': 2, 'regressor': RandomForestRegressor(random_state=42), 'regressor__max_depth': 2, 'regressor__n_estimators': 100}",-10493.829488099787,-5579.22814974217,-5763.070654534267,-5539.617805056926,-5194.360641776959,-6514.021347842022,1998.3795807393253,183
63,13.025277137756348,0.4359467741087867,0.2783030986785889,0.043489717779060355,3,RandomForestRegressor(random_state=42),,2.0,1000.0,,"{'poly__degree': 3, 'regressor': RandomForestRegressor(random_state=42), 'regressor__max_depth': 2, 'regressor__n_estimators': 1000}",-10582.603010186353,-5602.574142483721,-5734.926023105481,-5536.851649138552,-5143.02505264726,-6519.995975512274,2040.8525305356754,184
35,7.890420436859131,0.3971248813026234,0.34386653900146485,0.07229086197850051,2,RandomForestRegressor(random_state=42),,2.0,1000.0,,"{'poly__degree': 2, 'regressor': RandomForestRegressor(random_state=42), 'regressor__max_depth': 2, 'regressor__n_estimators': 1000}",-10556.924951141536,-5623.819618362819,-5700.422608620307,-5538.053062854839,-5187.041146913942,-6521.252277578688,2025.4678811788053,185
34,3.8956812381744386,0.15688342560567511,0.16355466842651367,0.01989677692416271,2,RandomForestRegressor(random_state=42),,2.0,500.0,,"{'poly__degree': 2, 'regressor': RandomForestRegressor(random_state=42), 'regressor__max_depth': 2, 'regressor__n_estimators': 500}",-10560.928905907083,-5617.910867616302,-5737.052424577247,-5528.34657701997,-5192.811019542165,-6527.409958932553,2024.865955806476,186
61,3.2609204292297362,0.092485223296407,0.08867998123168945,0.005900462265107985,3,RandomForestRegressor(random_state=42),,2.0,250.0,,"{'poly__degree': 3, 'regressor': RandomForestRegressor(random_state=42), 'regressor__max_depth': 2, 'regressor__n_estimators': 250}",-10643.411155482963,-5562.961333204017,-5775.497158839361,-5535.261786065642,-5155.510173590084,-6534.528321436414,2064.132433887915,187
60,1.3414412021636963,0.10174394400078493,0.03522300720214844,0.007116474689150254,3,RandomForestRegressor(random_state=42),,2.0,100.0,,"{'poly__degree': 3, 'regressor': RandomForestRegressor(random_state=42), 'regressor__max_depth': 2, 'regressor__n_estimators': 100}",-10520.230853046723,-5625.63486184239,-5842.065430661133,-5536.681350381798,-5159.368063954486,-6536.796111977306,2003.903961945753,188
33,2.043782138824463,0.1363624436973443,0.09571948051452636,0.013554297520024268,2,RandomForestRegressor(random_state=42),,2.0,250.0,,"{'poly__degree': 2, 'regressor': RandomForestRegressor(random_state=42), 'regressor__max_depth': 2, 'regressor__n_estimators': 250}",-10642.75292048321,-5593.16246049774,-5757.224788763154,-5532.215465908614,-5201.278049854482,-6545.32673710144,2056.6712980146126,189
59,0.6788317203521729,0.03322850602683655,0.0302736759185791,0.005300398204359251,3,RandomForestRegressor(random_state=42),,2.0,50.0,,"{'poly__degree': 3, 'regressor': RandomForestRegressor(random_state=42), 'regressor__max_depth': 2, 'regressor__n_estimators': 50}",-10658.812207399777,-5664.972956156181,-5808.581865300824,-5500.350850037647,-5119.778363241592,-6550.499248427204,2067.0078614507875,190
30,0.10406551361083985,0.006832595053548857,0.015703582763671876,0.0017669145633949267,2,RandomForestRegressor(random_state=42),,2.0,10.0,,"{'poly__degree': 2, 'regressor': RandomForestRegressor(random_state=42), 'regressor__max_depth': 2, 'regressor__n_estimators': 10}",-10565.448902355165,-5810.274505160093,-6022.460634942922,-5471.2959508081885,-5168.1110937448875,-6607.518217402251,2000.2999337666524,191
58,0.15777745246887206,0.011476543294177839,0.012802362442016602,0.0020045599850275616,3,RandomForestRegressor(random_state=42),,2.0,10.0,,"{'poly__degree': 3, 'regressor': RandomForestRegressor(random_state=42), 'regressor__max_depth': 2, 'regressor__n_estimators': 10}",-10725.930997220525,-5904.14943285001,-5923.910947913647,-5546.1953764166665,-5113.140521754322,-6642.665455231034,2062.8506780357807,192
29,0.02986483573913574,0.006357025853677263,0.014306974411010743,0.004173030748374152,2,RandomForestRegressor(random_state=42),,2.0,1.0,,"{'poly__degree': 2, 'regressor': RandomForestRegressor(random_state=42), 'regressor__max_depth': 2, 'regressor__n_estimators': 1}",-9415.789719901226,-5896.105752974807,-8181.483949803855,-5901.237764310774,-5525.291435808409,-6983.981724559814,1538.2644556236942,193
57,0.03852500915527344,0.005841482758662791,0.01167888641357422,0.003506996728970206,3,RandomForestRegressor(random_state=42),,2.0,1.0,,"{'poly__degree': 3, 'regressor': RandomForestRegressor(random_state=42), 'regressor__max_depth': 2, 'regressor__n_estimators': 1}",-11471.90477580621,-5896.105752974807,-8393.099765269782,-6042.266652857942,-5525.291435808409,-7465.73367654343,2243.4224307821783,194
260,0.05253162384033203,0.00246720816058653,0.011707687377929687,0.0013398179143114994,3,"XGBRegressor(base_score=None, booster=None, callbacks=None,
             colsample_bylevel=None, colsample_bynode=None,
             colsample_bytree=None, device=None, early_stopping_rounds=None,
             enable_categorical=False, eval_metric=None, feature_types=None,
             feature_weights=None, gamma=None, grow_policy=None,
             importance_type=None, interaction_constraints=None,
             learning_rate=None, max_bin=None, max_cat_threshold=None,
             max_cat_to_onehot=None, max_delta_step=None, max_depth=None,
             max_leaves=None, min_child_weight=None, missing=nan,
             monotone_constraints=None, multi_strategy=None, n_estimators=None,
             n_jobs=None, num_parallel_tree=None, ...)",,,1.0,0.8,"{'poly__degree': 3, 'regressor': XGBRegressor(base_score=None, booster=None, callbacks=None,
             colsample_bylevel=None, colsample_bynode=None,
             colsample_bytree=None, device=None, early_stopping_rounds=None,
             enable_categorical=False, eval_metric=None, feature_types=None,
             feature_weights=None, gamma=None, grow_policy=None,
             importance_type=None, interaction_constraints=None,
             learning_rate=None, max_bin=None, max_cat_threshold=None,
             max_cat_to_onehot=None, max_delta_step=None, max_depth=None,
             max_leaves=None, min_child_weight=None, missing=nan,
             monotone_constraints=None, multi_strategy=None, n_estimators=None,
             n_jobs=None, num_parallel_tree=None, ...), 'regressor__learning_rate': 0.8, 'regressor__n_estimators': 1}",-13402.0283203125,-6206.57373046875,-4773.05419921875,-8173.583984375,-5414.72802734375,-7593.99365234375,3120.9301100611146,195
211,0.03701581954956055,0.0034886252961075235,0.010720586776733399,0.0008602139241414667,2,"XGBRegressor(base_score=None, booster=None, callbacks=None,
             colsample_bylevel=None, colsample_bynode=None,
             colsample_bytree=None, device=None, early_stopping_rounds=None,
             enable_categorical=False, eval_metric=None, feature_types=None,
             feature_weights=None, gamma=None, grow_policy=None,
             importance_type=None, interaction_constraints=None,
             learning_rate=None, max_bin=None, max_cat_threshold=None,
             max_cat_to_onehot=None, max_delta_step=None, max_depth=None,
             max_leaves=None, min_child_weight=None, missing=nan,
             monotone_constraints=None, multi_strategy=None, n_estimators=None,
             n_jobs=None, num_parallel_tree=None, ...)",,,1.0,0.8,"{'poly__degree': 2, 'regressor': XGBRegressor(base_score=None, booster=None, callbacks=None,
             colsample_bylevel=None, colsample_bynode=None,
             colsample_bytree=None, device=None, early_stopping_rounds=None,
             enable_categorical=False, eval_metric=None, feature_types=None,
             feature_weights=None, gamma=None, grow_policy=None,
             importance_type=None, interaction_constraints=None,
             learning_rate=None, max_bin=None, max_cat_threshold=None,
             max_cat_to_onehot=None, max_delta_step=None, max_depth=None,
             max_leaves=None, min_child_weight=None, missing=nan,
             monotone_constraints=None, multi_strategy=None, n_estimators=None,
             n_jobs=None, num_parallel_tree=None, ...), 'regressor__learning_rate': 0.8, 'regressor__n_estimators': 1}",-13402.0283203125,-6351.95458984375,-4771.71044921875,-8111.68212890625,-5390.943359375,-7605.66376953125,3110.0469838793015,196
162,0.0364044189453125,0.004758828688237223,0.00830540657043457,0.001251074795894719,3,GradientBoostingRegressor(random_state=42),,,1.0,0.8,"{'poly__degree': 3, 'regressor': GradientBoostingRegressor(random_state=42), 'regressor__learning_rate': 0.8, 'regressor__n_estimators': 1}",-12840.822733469739,-8836.514363456767,-4565.441293475278,-7661.736205138551,-6143.16350162565,-8009.535619433196,2810.385171542541,197
113,0.023618555068969725,0.0012285467591840746,0.008626222610473633,0.001028864123009252,2,GradientBoostingRegressor(random_state=42),,,1.0,0.8,"{'poly__degree': 2, 'regressor': GradientBoostingRegressor(random_state=42), 'regressor__learning_rate': 0.8, 'regressor__n_estimators': 1}",-12848.457477810254,-8819.710741706425,-4875.010278595086,-7661.325419792404,-5937.0889825124095,-8028.318580083316,2768.0794425214835,198
142,0.1994422435760498,0.0032672597507544727,0.008401441574096679,0.0013576986624494092,3,GradientBoostingRegressor(random_state=42),,,10.0,0.1,"{'poly__degree': 3, 'regressor': GradientBoostingRegressor(random_state=42), 'regressor__learning_rate': 0.1, 'regressor__n_estimators': 10}",-16313.71414584707,-9900.879637795175,-4990.260367981046,-10854.624235869416,-8402.521906177624,-10092.400058734067,3693.5059857214765,199
93,0.11044530868530274,0.011365912777780766,0.00900130271911621,0.001095890384444844,2,GradientBoostingRegressor(random_state=42),,,10.0,0.1,"{'poly__degree': 2, 'regressor': GradientBoostingRegressor(random_state=42), 'regressor__learning_rate': 0.1, 'regressor__n_estimators': 10}",-16325.345936776652,-9821.613175368357,-5043.687246975818,-10825.674582176993,-8464.68520496744,-10096.201229253053,3676.942094671583,200
240,0.18518033027648925,0.021473979307874577,0.013506078720092773,0.0036544022777087325,3,"XGBRegressor(base_score=None, booster=None, callbacks=None,
             colsample_bylevel=None, colsample_bynode=None,
             colsample_bytree=None, device=None, early_stopping_rounds=None,
             enable_categorical=False, eval_metric=None, feature_types=None,
             feature_weights=None, gamma=None, grow_policy=None,
             importance_type=None, interaction_constraints=None,
             learning_rate=None, max_bin=None, max_cat_threshold=None,
             max_cat_to_onehot=None, max_delta_step=None, max_depth=None,
             max_leaves=None, min_child_weight=None, missing=nan,
             monotone_constraints=None, multi_strategy=None, n_estimators=None,
             n_jobs=None, num_parallel_tree=None, ...)",,,10.0,0.1,"{'poly__degree': 3, 'regressor': XGBRegressor(base_score=None, booster=None, callbacks=None,
             colsample_bylevel=None, colsample_bynode=None,
             colsample_bytree=None, device=None, early_stopping_rounds=None,
             enable_categorical=False, eval_metric=None, feature_types=None,
             feature_weights=None, gamma=None, grow_policy=None,
             importance_type=None, interaction_constraints=None,
             learning_rate=None, max_bin=None, max_cat_threshold=None,
             max_cat_to_onehot=None, max_delta_step=None, max_depth=None,
             max_leaves=None, min_child_weight=None, missing=nan,
             monotone_constraints=None, multi_strategy=None, n_estimators=None,
             n_jobs=None, num_parallel_tree=None, ...), 'regressor__learning_rate': 0.1, 'regressor__n_estimators': 10}",-16425.857421875,-9589.0078125,-5635.517578125,-10996.1376953125,-8592.2177734375,-10247.74765625,3554.6170425200194,201
191,0.08674440383911133,0.009129562969348729,0.010601615905761719,0.0007987574743274146,2,"XGBRegressor(base_score=None, booster=None, callbacks=None,
             colsample_bylevel=None, colsample_bynode=None,
             colsample_bytree=None, device=None, early_stopping_rounds=None,
             enable_categorical=False, eval_metric=None, feature_types=None,
             feature_weights=None, gamma=None, grow_policy=None,
             importance_type=None, interaction_constraints=None,
             learning_rate=None, max_bin=None, max_cat_threshold=None,
             max_cat_to_onehot=None, max_delta_step=None, max_depth=None,
             max_leaves=None, min_child_weight=None, missing=nan,
             monotone_constraints=None, multi_strategy=None, n_estimators=None,
             n_jobs=None, num_parallel_tree=None, ...)",,,10.0,0.1,"{'poly__degree': 2, 'regressor': XGBRegressor(base_score=None, booster=None, callbacks=None,
             colsample_bylevel=None, colsample_bynode=None,
             colsample_bytree=None, device=None, early_stopping_rounds=None,
             enable_categorical=False, eval_metric=None, feature_types=None,
             feature_weights=None, gamma=None, grow_policy=None,
             importance_type=None, interaction_constraints=None,
             learning_rate=None, max_bin=None, max_cat_threshold=None,
             max_cat_to_onehot=None, max_delta_step=None, max_depth=None,
             max_leaves=None, min_child_weight=None, missing=nan,
             monotone_constraints=None, multi_strategy=None, n_estimators=None,
             n_jobs=None, num_parallel_tree=None, ...), 'regressor__learning_rate': 0.1, 'regressor__n_estimators': 10}",-16490.77734375,-9607.0615234375,-5691.81640625,-11129.7685546875,-8575.5224609375,-10298.9892578125,3569.4138850790646,202
137,1.8148099422454833,0.005741379121674522,0.008002042770385742,0.0008930959230846219,3,GradientBoostingRegressor(random_state=42),,,100.0,0.01,"{'poly__degree': 3, 'regressor': GradientBoostingRegressor(random_state=42), 'regressor__learning_rate': 0.01, 'regressor__n_estimators': 100}",-16790.32791860715,-10437.974951180207,-5230.206957753421,-11245.376592619019,-8779.458327280337,-10496.668949488027,3764.5341164957404,203
133,18.486201095581055,0.4891362809183445,0.011907672882080078,0.0011988444691241869,3,GradientBoostingRegressor(random_state=42),,,1000.0,0.001,"{'poly__degree': 3, 'regressor': GradientBoostingRegressor(random_state=42), 'regressor__learning_rate': 0.001, 'regressor__n_estimators': 1000}",-16838.17850771691,-10459.181836119908,-5239.054282256247,-11285.90565503824,-8816.909825800762,-10527.846021386413,3776.1961281640365,204
88,0.8386276245117188,0.007821460509405591,0.007604742050170898,0.0004935149085494678,2,GradientBoostingRegressor(random_state=42),,,100.0,0.01,"{'poly__degree': 2, 'regressor': GradientBoostingRegressor(random_state=42), 'regressor__learning_rate': 0.01, 'regressor__n_estimators': 100}",-16814.534018720136,-10492.794304560583,-5224.332557312531,-11379.141743679498,-8806.947224482947,-10543.549969751139,3777.191911150197,205
84,8.04300832748413,0.12759615902771562,0.011400079727172852,0.0004908768297661336,2,GradientBoostingRegressor(random_state=42),,,1000.0,0.001,"{'poly__degree': 2, 'regressor': GradientBoostingRegressor(random_state=42), 'regressor__learning_rate': 0.001, 'regressor__n_estimators': 1000}",-16853.045802018496,-10501.106697667765,-5256.751295765418,-11408.586748805088,-8840.036269738588,-10571.90536279907,3779.1005999225117,206
235,1.3007080078125,0.07366330756170644,0.012200307846069337,0.0007474846637741868,3,"XGBRegressor(base_score=None, booster=None, callbacks=None,
             colsample_bylevel=None, colsample_bynode=None,
             colsample_bytree=None, device=None, early_stopping_rounds=None,
             enable_categorical=False, eval_metric=None, feature_types=None,
             feature_weights=None, gamma=None, grow_policy=None,
             importance_type=None, interaction_constraints=None,
             learning_rate=None, max_bin=None, max_cat_threshold=None,
             max_cat_to_onehot=None, max_delta_step=None, max_depth=None,
             max_leaves=None, min_child_weight=None, missing=nan,
             monotone_constraints=None, multi_strategy=None, n_estimators=None,
             n_jobs=None, num_parallel_tree=None, ...)",,,100.0,0.01,"{'poly__degree': 3, 'regressor': XGBRegressor(base_score=None, booster=None, callbacks=None,
             colsample_bylevel=None, colsample_bynode=None,
             colsample_bytree=None, device=None, early_stopping_rounds=None,
             enable_categorical=False, eval_metric=None, feature_types=None,
             feature_weights=None, gamma=None, grow_policy=None,
             importance_type=None, interaction_constraints=None,
             learning_rate=None, max_bin=None, max_cat_threshold=None,
             max_cat_to_onehot=None, max_delta_step=None, max_depth=None,
             max_leaves=None, min_child_weight=None, missing=nan,
             monotone_constraints=None, multi_strategy=None, n_estimators=None,
             n_jobs=None, num_parallel_tree=None, ...), 'regressor__learning_rate': 0.01, 'regressor__n_estimators': 100}",-16868.46875,-9932.34375,-5892.56640625,-11557.7548828125,-8932.78125,-10636.7830078125,3621.865381403366,207
186,0.5266488075256348,0.014028175385491427,0.011803817749023438,0.001941958397764378,2,"XGBRegressor(base_score=None, booster=None, callbacks=None,
             colsample_bylevel=None, colsample_bynode=None,
             colsample_bytree=None, device=None, early_stopping_rounds=None,
             enable_categorical=False, eval_metric=None, feature_types=None,
             feature_weights=None, gamma=None, grow_policy=None,
             importance_type=None, interaction_constraints=None,
             learning_rate=None, max_bin=None, max_cat_threshold=None,
             max_cat_to_onehot=None, max_delta_step=None, max_depth=None,
             max_leaves=None, min_child_weight=None, missing=nan,
             monotone_constraints=None, multi_strategy=None, n_estimators=None,
             n_jobs=None, num_parallel_tree=None, ...)",,,100.0,0.01,"{'poly__degree': 2, 'regressor': XGBRegressor(base_score=None, booster=None, callbacks=None,
             colsample_bylevel=None, colsample_bynode=None,
             colsample_bytree=None, device=None, early_stopping_rounds=None,
             enable_categorical=False, eval_metric=None, feature_types=None,
             feature_weights=None, gamma=None, grow_policy=None,
             importance_type=None, interaction_constraints=None,
             learning_rate=None, max_bin=None, max_cat_threshold=None,
             max_cat_to_onehot=None, max_delta_step=None, max_depth=None,
             max_leaves=None, min_child_weight=None, missing=nan,
             monotone_constraints=None, multi_strategy=None, n_estimators=None,
             n_jobs=None, num_parallel_tree=None, ...), 'regressor__learning_rate': 0.01, 'regressor__n_estimators': 100}",-16888.919921875,-9926.5,-5897.84423828125,-11629.2451171875,-8961.5869140625,-10660.81923828125,3628.763781067076,208
231,13.091435050964355,0.5392810670428755,0.02480344772338867,0.0026390994887005013,3,"XGBRegressor(base_score=None, booster=None, callbacks=None,
             colsample_bylevel=None, colsample_bynode=None,
             colsample_bytree=None, device=None, early_stopping_rounds=None,
             enable_categorical=False, eval_metric=None, feature_types=None,
             feature_weights=None, gamma=None, grow_policy=None,
             importance_type=None, interaction_constraints=None,
             learning_rate=None, max_bin=None, max_cat_threshold=None,
             max_cat_to_onehot=None, max_delta_step=None, max_depth=None,
             max_leaves=None, min_child_weight=None, missing=nan,
             monotone_constraints=None, multi_strategy=None, n_estimators=None,
             n_jobs=None, num_parallel_tree=None, ...)",,,1000.0,0.001,"{'poly__degree': 3, 'regressor': XGBRegressor(base_score=None, booster=None, callbacks=None,
             colsample_bylevel=None, colsample_bynode=None,
             colsample_bytree=None, device=None, early_stopping_rounds=None,
             enable_categorical=False, eval_metric=None, feature_types=None,
             feature_weights=None, gamma=None, grow_policy=None,
             importance_type=None, interaction_constraints=None,
             learning_rate=None, max_bin=None, max_cat_threshold=None,
             max_cat_to_onehot=None, max_delta_step=None, max_depth=None,
             max_leaves=None, min_child_weight=None, missing=nan,
             monotone_constraints=None, multi_strategy=None, n_estimators=None,
             n_jobs=None, num_parallel_tree=None, ...), 'regressor__learning_rate': 0.001, 'regressor__n_estimators': 1000}",-16911.083984375,-9973.595703125,-5920.50634765625,-11606.3369140625,-8964.8232421875,-10675.26923828125,3627.065314163542,209
182,5.044641208648682,0.19790514600083164,0.020108795166015624,0.0026925418764431313,2,"XGBRegressor(base_score=None, booster=None, callbacks=None,
             colsample_bylevel=None, colsample_bynode=None,
             colsample_bytree=None, device=None, early_stopping_rounds=None,
             enable_categorical=False, eval_metric=None, feature_types=None,
             feature_weights=None, gamma=None, grow_policy=None,
             importance_type=None, interaction_constraints=None,
             learning_rate=None, max_bin=None, max_cat_threshold=None,
             max_cat_to_onehot=None, max_delta_step=None, max_depth=None,
             max_leaves=None, min_child_weight=None, missing=nan,
             monotone_constraints=None, multi_strategy=None, n_estimators=None,
             n_jobs=None, num_parallel_tree=None, ...)",,,1000.0,0.001,"{'poly__degree': 2, 'regressor': XGBRegressor(base_score=None, booster=None, callbacks=None,
             colsample_bylevel=None, colsample_bynode=None,
             colsample_bytree=None, device=None, early_stopping_rounds=None,
             enable_categorical=False, eval_metric=None, feature_types=None,
             feature_weights=None, gamma=None, grow_policy=None,
             importance_type=None, interaction_constraints=None,
             learning_rate=None, max_bin=None, max_cat_threshold=None,
             max_cat_to_onehot=None, max_delta_step=None, max_depth=None,
             max_leaves=None, min_child_weight=None, missing=nan,
             monotone_constraints=None, multi_strategy=None, n_estimators=None,
             n_jobs=None, num_parallel_tree=None, ...), 'regressor__learning_rate': 0.001, 'regressor__n_estimators': 1000}",-16924.08203125,-9966.314453125,-5928.00048828125,-11674.607421875,-8991.0400390625,-10696.80888671875,3630.972977374187,210
52,0.43741259574890134,0.06391672647648088,0.023519563674926757,0.0025754243190337827,3,RandomForestRegressor(random_state=42),,1.0,50.0,,"{'poly__degree': 3, 'regressor': RandomForestRegressor(random_state=42), 'regressor__max_depth': 1, 'regressor__n_estimators': 50}",-12893.490254340275,-5180.633743503751,-10571.827589481938,-13690.29212183301,-11907.619774952242,-10848.772696822243,3019.296522510058,211
24,0.3043262481689453,0.028758334917763983,0.02613835334777832,0.002492054558640798,2,RandomForestRegressor(random_state=42),,1.0,50.0,,"{'poly__degree': 2, 'regressor': RandomForestRegressor(random_state=42), 'regressor__max_depth': 1, 'regressor__n_estimators': 50}",-12868.614387610725,-5180.633743503751,-10610.821966578405,-13706.904258012002,-11913.713998845877,-10856.137670910151,3018.8383522012414,212
23,0.07748188972473144,0.012289470982502557,0.015722084045410156,0.004136201066062455,2,RandomForestRegressor(random_state=42),,1.0,10.0,,"{'poly__degree': 2, 'regressor': RandomForestRegressor(random_state=42), 'regressor__max_depth': 1, 'regressor__n_estimators': 10}",-12735.959145860557,-5155.254644170056,-10679.726574276803,-13796.184484542302,-11934.640676257015,-10860.353105021346,3028.922979764935,213
25,0.595131254196167,0.034019742119880535,0.0437807559967041,0.004798285365498242,2,RandomForestRegressor(random_state=42),,1.0,100.0,,"{'poly__degree': 2, 'regressor': RandomForestRegressor(random_state=42), 'regressor__max_depth': 1, 'regressor__n_estimators': 100}",-12854.569117818524,-5124.350080598336,-10705.56996045265,-13710.423783622296,-11915.971897458568,-10862.176967990075,3037.755859160378,214
53,0.9246704578399658,0.02650318799505695,0.04453554153442383,0.00830484578279661,3,RandomForestRegressor(random_state=42),,1.0,100.0,,"{'poly__degree': 3, 'regressor': RandomForestRegressor(random_state=42), 'regressor__max_depth': 1, 'regressor__n_estimators': 100}",-12882.428652779807,-5124.350080598336,-10712.154471291044,-13703.703481806295,-11907.915896110795,-10866.110516517256,3039.5508378566296,215
27,2.8909871101379396,0.22043611404306163,0.16011476516723633,0.013928822450498052,2,RandomForestRegressor(random_state=42),,1.0,500.0,,"{'poly__degree': 2, 'regressor': RandomForestRegressor(random_state=42), 'regressor__max_depth': 1, 'regressor__n_estimators': 500}",-12905.663995674187,-5099.817926805535,-10695.699050462328,-13716.945483482168,-11916.837478066313,-10866.992786898107,3055.1671625905924,216
51,0.12214851379394531,0.012715614228870182,0.01847949028015137,0.0037638604681690044,3,RandomForestRegressor(random_state=42),,1.0,10.0,,"{'poly__degree': 3, 'regressor': RandomForestRegressor(random_state=42), 'regressor__max_depth': 1, 'regressor__n_estimators': 10}",-12930.392558001102,-5155.254644170056,-10514.617082167413,-13818.701581022418,-11934.640676257015,-10870.721308323602,3061.3110647358285,217
28,5.549941921234131,0.1570057190211578,0.2928272247314453,0.015402183947108093,2,RandomForestRegressor(random_state=42),,1.0,1000.0,,"{'poly__degree': 2, 'regressor': RandomForestRegressor(random_state=42), 'regressor__max_depth': 1, 'regressor__n_estimators': 1000}",-12934.896811577557,-5081.344877949216,-10690.969485060203,-13755.413117205402,-11915.453590037056,-10875.615576365886,3073.2003931458908,218
55,4.404098176956177,0.28950236124030976,0.16061582565307617,0.01563128900168869,3,RandomForestRegressor(random_state=42),,1.0,500.0,,"{'poly__degree': 3, 'regressor': RandomForestRegressor(random_state=42), 'regressor__max_depth': 1, 'regressor__n_estimators': 500}",-12930.728016598325,-5099.817926805535,-10748.794605175428,-13709.523314186386,-11902.264149493494,-10878.225602451834,3055.63137460662,219
26,1.490194320678711,0.12986447155685713,0.07730350494384766,0.016057339924280732,2,RandomForestRegressor(random_state=42),,1.0,250.0,,"{'poly__degree': 2, 'regressor': RandomForestRegressor(random_state=42), 'regressor__max_depth': 1, 'regressor__n_estimators': 250}",-12981.81282171193,-5115.232593621508,-10725.11887835689,-13689.72683967445,-11916.640569113491,-10885.706340495653,3054.2813989712067,220
56,8.542514610290528,0.2888761736134648,0.2983199119567871,0.03228053817894509,3,RandomForestRegressor(random_state=42),,1.0,1000.0,,"{'poly__degree': 3, 'regressor': RandomForestRegressor(random_state=42), 'regressor__max_depth': 1, 'regressor__n_estimators': 1000}",-12965.26848573804,-5081.344877949216,-10732.91884397127,-13751.635181516522,-11908.053006461945,-10887.8440791274,3075.6219761371467,221
54,2.315267467498779,0.09380601036013403,0.0869816780090332,0.017592788170391428,3,RandomForestRegressor(random_state=42),,1.0,250.0,,"{'poly__degree': 3, 'regressor': RandomForestRegressor(random_state=42), 'regressor__max_depth': 1, 'regressor__n_estimators': 250}",-13019.666071211792,-5115.232593621508,-10714.720099901699,-13688.866401600308,-11902.660601629388,-10888.22915359294,3058.5374990225305,222
22,0.02547459602355957,0.003798628579157082,0.011172103881835937,0.00210052308519366,2,RandomForestRegressor(random_state=42),,1.0,1.0,,"{'poly__degree': 2, 'regressor': RandomForestRegressor(random_state=42), 'regressor__max_depth': 1, 'regressor__n_estimators': 1}",-12213.777837932774,-5662.512075903828,-11570.541431894724,-13828.826284863251,-12109.803109895973,-11077.09214809811,2810.4005622478016,223
18,0.029154396057128905,0.001696873387859876,0.011285161972045899,0.002961713193043466,3,DecisionTreeRegressor(random_state=42),,1.0,,,"{'poly__degree': 3, 'regressor': DecisionTreeRegressor(random_state=42), 'regressor__max_depth': 1}",-12656.165288857228,-4918.795154463644,-11866.961870284777,-14013.57356966145,-11999.14515539036,-11090.928207731491,3178.49447784368,224
14,0.017876243591308592,0.0024616507102115815,0.007972145080566406,0.0011268831136706846,2,DecisionTreeRegressor(random_state=42),,1.0,,,"{'poly__degree': 2, 'regressor': DecisionTreeRegressor(random_state=42), 'regressor__max_depth': 1}",-12975.45239482348,-4918.795154463644,-11882.949272788703,-14013.57356966145,-11999.14515539036,-11157.983109425528,3213.0417782185796,225
50,0.03121814727783203,0.007759324421323694,0.012827396392822266,0.0029366221357130288,3,RandomForestRegressor(random_state=42),,1.0,1.0,,"{'poly__degree': 3, 'regressor': RandomForestRegressor(random_state=42), 'regressor__max_depth': 1, 'regressor__n_estimators': 1}",-14202.887611562142,-5662.512075903828,-11575.114382974858,-13885.461624150601,-12109.803109895973,-11487.15576089748,3080.550957084717,226
253,0.05091948509216308,0.001717672302459627,0.01080493927001953,0.00039679308397959795,3,"XGBRegressor(base_score=None, booster=None, callbacks=None,
             colsample_bylevel=None, colsample_bynode=None,
             colsample_bytree=None, device=None, early_stopping_rounds=None,
             enable_categorical=False, eval_metric=None, feature_types=None,
             feature_weights=None, gamma=None, grow_policy=None,
             importance_type=None, interaction_constraints=None,
             learning_rate=None, max_bin=None, max_cat_threshold=None,
             max_cat_to_onehot=None, max_delta_step=None, max_depth=None,
             max_leaves=None, min_child_weight=None, missing=nan,
             monotone_constraints=None, multi_strategy=None, n_estimators=None,
             n_jobs=None, num_parallel_tree=None, ...)",,,1.0,0.5,"{'poly__degree': 3, 'regressor': XGBRegressor(base_score=None, booster=None, callbacks=None,
             colsample_bylevel=None, colsample_bynode=None,
             colsample_bytree=None, device=None, early_stopping_rounds=None,
             enable_categorical=False, eval_metric=None, feature_types=None,
             feature_weights=None, gamma=None, grow_policy=None,
             importance_type=None, interaction_constraints=None,
             learning_rate=None, max_bin=None, max_cat_threshold=None,
             max_cat_to_onehot=None, max_delta_step=None, max_depth=None,
             max_leaves=None, min_child_weight=None, missing=nan,
             monotone_constraints=None, multi_strategy=None, n_estimators=None,
             n_jobs=None, num_parallel_tree=None, ...), 'regressor__learning_rate': 0.5, 'regressor__n_estimators': 1}",-20599.134765625,-13251.76953125,-7986.35205078125,-16205.052734375,-11708.626953125,-13950.18720703125,4251.41462518048,227
204,0.035014009475708006,0.0013877730453420712,0.010009765625,0.0006236909360622418,2,"XGBRegressor(base_score=None, booster=None, callbacks=None,
             colsample_bylevel=None, colsample_bynode=None,
             colsample_bytree=None, device=None, early_stopping_rounds=None,
             enable_categorical=False, eval_metric=None, feature_types=None,
             feature_weights=None, gamma=None, grow_policy=None,
             importance_type=None, interaction_constraints=None,
             learning_rate=None, max_bin=None, max_cat_threshold=None,
             max_cat_to_onehot=None, max_delta_step=None, max_depth=None,
             max_leaves=None, min_child_weight=None, missing=nan,
             monotone_constraints=None, multi_strategy=None, n_estimators=None,
             n_jobs=None, num_parallel_tree=None, ...)",,,1.0,0.5,"{'poly__degree': 2, 'regressor': XGBRegressor(base_score=None, booster=None, callbacks=None,
             colsample_bylevel=None, colsample_bynode=None,
             colsample_bytree=None, device=None, early_stopping_rounds=None,
             enable_categorical=False, eval_metric=None, feature_types=None,
             feature_weights=None, gamma=None, grow_policy=None,
             importance_type=None, interaction_constraints=None,
             learning_rate=None, max_bin=None, max_cat_threshold=None,
             max_cat_to_onehot=None, max_delta_step=None, max_depth=None,
             max_leaves=None, min_child_weight=None, missing=nan,
             monotone_constraints=None, multi_strategy=None, n_estimators=None,
             n_jobs=None, num_parallel_tree=None, ...), 'regressor__learning_rate': 0.5, 'regressor__n_estimators': 1}",-20599.134765625,-13301.6884765625,-7985.0224609375,-16166.3798828125,-11700.68359375,-13950.5818359375,4246.975874480124,228
106,0.023599004745483397,0.001017815974566915,0.007704687118530273,0.0006040656682729227,2,GradientBoostingRegressor(random_state=42),,,1.0,0.5,"{'poly__degree': 2, 'regressor': GradientBoostingRegressor(random_state=42), 'regressor__learning_rate': 0.5, 'regressor__n_estimators': 1}",-20234.821844943028,-15284.653488250344,-7408.867137996522,-15784.064848226357,-11861.928220323449,-14114.867107947943,4281.463219109077,229
155,0.040921354293823244,0.009151973061938726,0.010600852966308593,0.0028698943656608623,3,GradientBoostingRegressor(random_state=42),,,1.0,0.5,"{'poly__degree': 3, 'regressor': GradientBoostingRegressor(random_state=42), 'regressor__learning_rate': 0.5, 'regressor__n_estimators': 1}",-20226.428190638042,-15303.490478226906,-7319.597728212152,-15787.382217280276,-12053.399627530005,-14138.059648377477,4289.148069747839,230
136,1.022853183746338,0.07155081611156844,0.008401250839233399,0.0004913634107939168,3,GradientBoostingRegressor(random_state=42),,,50.0,0.01,"{'poly__degree': 3, 'regressor': GradientBoostingRegressor(random_state=42), 'regressor__learning_rate': 0.01, 'regressor__n_estimators': 50}",-23050.670474553943,-16840.32235989639,-8491.372554844538,-18361.78838225395,-14052.611758304094,-16159.353105970582,4817.488561148085,231
87,0.44132542610168457,0.011528701326110538,0.008103275299072265,0.0010203372341342437,2,GradientBoostingRegressor(random_state=42),,,50.0,0.01,"{'poly__degree': 2, 'regressor': GradientBoostingRegressor(random_state=42), 'regressor__learning_rate': 0.01, 'regressor__n_estimators': 50}",-23052.86902657941,-16833.57490460995,-8471.1533355169,-18444.370982429788,-14060.150516561727,-16172.423753139557,4831.369505427708,232
132,9.322986888885499,0.5212011207563131,0.010403060913085937,0.0023317724870214026,3,GradientBoostingRegressor(random_state=42),,,500.0,0.001,"{'poly__degree': 3, 'regressor': GradientBoostingRegressor(random_state=42), 'regressor__learning_rate': 0.001, 'regressor__n_estimators': 500}",-23088.332872749834,-16826.35629325073,-8500.237134173223,-18410.376552506572,-14070.136088248806,-16179.087788185832,4827.995408972587,233
83,4.0529162883758545,0.09498347747559689,0.009399843215942384,0.0010200866490790261,2,GradientBoostingRegressor(random_state=42),,,500.0,0.001,"{'poly__degree': 2, 'regressor': GradientBoostingRegressor(random_state=42), 'regressor__learning_rate': 0.001, 'regressor__n_estimators': 500}",-23086.07874161028,-16853.431507386635,-8507.25833538035,-18484.27724083297,-14071.607076426273,-16200.530580327299,4832.624649848289,234
185,0.24959540367126465,0.008974362067517106,0.009599065780639649,0.0007994664734951988,2,"XGBRegressor(base_score=None, booster=None, callbacks=None,
             colsample_bylevel=None, colsample_bynode=None,
             colsample_bytree=None, device=None, early_stopping_rounds=None,
             enable_categorical=False, eval_metric=None, feature_types=None,
             feature_weights=None, gamma=None, grow_policy=None,
             importance_type=None, interaction_constraints=None,
             learning_rate=None, max_bin=None, max_cat_threshold=None,
             max_cat_to_onehot=None, max_delta_step=None, max_depth=None,
             max_leaves=None, min_child_weight=None, missing=nan,
             monotone_constraints=None, multi_strategy=None, n_estimators=None,
             n_jobs=None, num_parallel_tree=None, ...)",,,50.0,0.01,"{'poly__degree': 2, 'regressor': XGBRegressor(base_score=None, booster=None, callbacks=None,
             colsample_bylevel=None, colsample_bynode=None,
             colsample_bytree=None, device=None, early_stopping_rounds=None,
             enable_categorical=False, eval_metric=None, feature_types=None,
             feature_weights=None, gamma=None, grow_policy=None,
             importance_type=None, interaction_constraints=None,
             learning_rate=None, max_bin=None, max_cat_threshold=None,
             max_cat_to_onehot=None, max_delta_step=None, max_depth=None,
             max_leaves=None, min_child_weight=None, missing=nan,
             monotone_constraints=None, multi_strategy=None, n_estimators=None,
             n_jobs=None, num_parallel_tree=None, ...), 'regressor__learning_rate': 0.01, 'regressor__n_estimators': 50}",-23178.8203125,-16155.3642578125,-9017.1728515625,-18697.740234375,-14128.0087890625,-16235.4212890625,4707.961590030184,235
234,0.6386559963226318,0.017670545497630682,0.010804367065429688,0.0011721004340495983,3,"XGBRegressor(base_score=None, booster=None, callbacks=None,
             colsample_bylevel=None, colsample_bynode=None,
             colsample_bytree=None, device=None, early_stopping_rounds=None,
             enable_categorical=False, eval_metric=None, feature_types=None,
             feature_weights=None, gamma=None, grow_policy=None,
             importance_type=None, interaction_constraints=None,
             learning_rate=None, max_bin=None, max_cat_threshold=None,
             max_cat_to_onehot=None, max_delta_step=None, max_depth=None,
             max_leaves=None, min_child_weight=None, missing=nan,
             monotone_constraints=None, multi_strategy=None, n_estimators=None,
             n_jobs=None, num_parallel_tree=None, ...)",,,50.0,0.01,"{'poly__degree': 3, 'regressor': XGBRegressor(base_score=None, booster=None, callbacks=None,
             colsample_bylevel=None, colsample_bynode=None,
             colsample_bytree=None, device=None, early_stopping_rounds=None,
             enable_categorical=False, eval_metric=None, feature_types=None,
             feature_weights=None, gamma=None, grow_policy=None,
             importance_type=None, interaction_constraints=None,
             learning_rate=None, max_bin=None, max_cat_threshold=None,
             max_cat_to_onehot=None, max_delta_step=None, max_depth=None,
             max_leaves=None, min_child_weight=None, missing=nan,
             monotone_constraints=None, multi_strategy=None, n_estimators=None,
             n_jobs=None, num_parallel_tree=None, ...), 'regressor__learning_rate': 0.01, 'regressor__n_estimators': 50}",-23173.47265625,-16215.4052734375,-9026.248046875,-18684.25390625,-14155.736328125,-16251.0232421875,4699.569977551786,236
181,2.58127760887146,0.2053961856311949,0.01350398063659668,0.0010112786396427073,2,"XGBRegressor(base_score=None, booster=None, callbacks=None,
             colsample_bylevel=None, colsample_bynode=None,
             colsample_bytree=None, device=None, early_stopping_rounds=None,
             enable_categorical=False, eval_metric=None, feature_types=None,
             feature_weights=None, gamma=None, grow_policy=None,
             importance_type=None, interaction_constraints=None,
             learning_rate=None, max_bin=None, max_cat_threshold=None,
             max_cat_to_onehot=None, max_delta_step=None, max_depth=None,
             max_leaves=None, min_child_weight=None, missing=nan,
             monotone_constraints=None, multi_strategy=None, n_estimators=None,
             n_jobs=None, num_parallel_tree=None, ...)",,,500.0,0.001,"{'poly__degree': 2, 'regressor': XGBRegressor(base_score=None, booster=None, callbacks=None,
             colsample_bylevel=None, colsample_bynode=None,
             colsample_bytree=None, device=None, early_stopping_rounds=None,
             enable_categorical=False, eval_metric=None, feature_types=None,
             feature_weights=None, gamma=None, grow_policy=None,
             importance_type=None, interaction_constraints=None,
             learning_rate=None, max_bin=None, max_cat_threshold=None,
             max_cat_to_onehot=None, max_delta_step=None, max_depth=None,
             max_leaves=None, min_child_weight=None, missing=nan,
             monotone_constraints=None, multi_strategy=None, n_estimators=None,
             n_jobs=None, num_parallel_tree=None, ...), 'regressor__learning_rate': 0.001, 'regressor__n_estimators': 500}",-23216.904296875,-16201.990234375,-9027.3359375,-18734.8984375,-14163.4921875,-16268.92421875,4716.638231731934,237
230,6.434032011032104,0.7130617052871905,0.01706833839416504,0.0022224030487482723,3,"XGBRegressor(base_score=None, booster=None, callbacks=None,
             colsample_bylevel=None, colsample_bynode=None,
             colsample_bytree=None, device=None, early_stopping_rounds=None,
             enable_categorical=False, eval_metric=None, feature_types=None,
             feature_weights=None, gamma=None, grow_policy=None,
             importance_type=None, interaction_constraints=None,
             learning_rate=None, max_bin=None, max_cat_threshold=None,
             max_cat_to_onehot=None, max_delta_step=None, max_depth=None,
             max_leaves=None, min_child_weight=None, missing=nan,
             monotone_constraints=None, multi_strategy=None, n_estimators=None,
             n_jobs=None, num_parallel_tree=None, ...)",,,500.0,0.001,"{'poly__degree': 3, 'regressor': XGBRegressor(base_score=None, booster=None, callbacks=None,
             colsample_bylevel=None, colsample_bynode=None,
             colsample_bytree=None, device=None, early_stopping_rounds=None,
             enable_categorical=False, eval_metric=None, feature_types=None,
             feature_weights=None, gamma=None, grow_policy=None,
             importance_type=None, interaction_constraints=None,
             learning_rate=None, max_bin=None, max_cat_threshold=None,
             max_cat_to_onehot=None, max_delta_step=None, max_depth=None,
             max_leaves=None, min_child_weight=None, missing=nan,
             monotone_constraints=None, multi_strategy=None, n_estimators=None,
             n_jobs=None, num_parallel_tree=None, ...), 'regressor__learning_rate': 0.001, 'regressor__n_estimators': 500}",-23210.99609375,-16222.1845703125,-9031.2109375,-18717.44921875,-14180.9326171875,-16272.5546875,4710.285718643584,238
197,0.03610944747924805,0.0013562790783669073,0.01051778793334961,0.000438189204923826,2,"XGBRegressor(base_score=None, booster=None, callbacks=None,
             colsample_bylevel=None, colsample_bynode=None,
             colsample_bytree=None, device=None, early_stopping_rounds=None,
             enable_categorical=False, eval_metric=None, feature_types=None,
             feature_weights=None, gamma=None, grow_policy=None,
             importance_type=None, interaction_constraints=None,
             learning_rate=None, max_bin=None, max_cat_threshold=None,
             max_cat_to_onehot=None, max_delta_step=None, max_depth=None,
             max_leaves=None, min_child_weight=None, missing=nan,
             monotone_constraints=None, multi_strategy=None, n_estimators=None,
             n_jobs=None, num_parallel_tree=None, ...)",,,1.0,0.25,"{'poly__degree': 2, 'regressor': XGBRegressor(base_score=None, booster=None, callbacks=None,
             colsample_bylevel=None, colsample_bynode=None,
             colsample_bytree=None, device=None, early_stopping_rounds=None,
             enable_categorical=False, eval_metric=None, feature_types=None,
             feature_weights=None, gamma=None, grow_policy=None,
             importance_type=None, interaction_constraints=None,
             learning_rate=None, max_bin=None, max_cat_threshold=None,
             max_cat_to_onehot=None, max_delta_step=None, max_depth=None,
             max_leaves=None, min_child_weight=None, missing=nan,
             monotone_constraints=None, multi_strategy=None, n_estimators=None,
             n_jobs=None, num_parallel_tree=None, ...), 'regressor__learning_rate': 0.25, 'regressor__n_estimators': 1}",-27004.416015625,-19878.349609375,-10893.458984375,-23017.962890625,-17249.150390625,-19608.667578125,5439.031164964567,239
246,0.05002350807189941,0.0009589336025280277,0.01060628890991211,0.0007338390169419236,3,"XGBRegressor(base_score=None, booster=None, callbacks=None,
             colsample_bylevel=None, colsample_bynode=None,
             colsample_bytree=None, device=None, early_stopping_rounds=None,
             enable_categorical=False, eval_metric=None, feature_types=None,
             feature_weights=None, gamma=None, grow_policy=None,
             importance_type=None, interaction_constraints=None,
             learning_rate=None, max_bin=None, max_cat_threshold=None,
             max_cat_to_onehot=None, max_delta_step=None, max_depth=None,
             max_leaves=None, min_child_weight=None, missing=nan,
             monotone_constraints=None, multi_strategy=None, n_estimators=None,
             n_jobs=None, num_parallel_tree=None, ...)",,,1.0,0.25,"{'poly__degree': 3, 'regressor': XGBRegressor(base_score=None, booster=None, callbacks=None,
             colsample_bylevel=None, colsample_bynode=None,
             colsample_bytree=None, device=None, early_stopping_rounds=None,
             enable_categorical=False, eval_metric=None, feature_types=None,
             feature_weights=None, gamma=None, grow_policy=None,
             importance_type=None, interaction_constraints=None,
             learning_rate=None, max_bin=None, max_cat_threshold=None,
             max_cat_to_onehot=None, max_delta_step=None, max_depth=None,
             max_leaves=None, min_child_weight=None, missing=nan,
             monotone_constraints=None, multi_strategy=None, n_estimators=None,
             n_jobs=None, num_parallel_tree=None, ...), 'regressor__learning_rate': 0.25, 'regressor__n_estimators': 1}",-27004.416015625,-19859.732421875,-10894.2001953125,-23037.1796875,-17252.150390625,-19609.5357421875,5440.770810155921,240
99,0.0231046199798584,0.0006672092610152064,0.007403850555419922,0.0004903687941873826,2,GradientBoostingRegressor(random_state=42),,,1.0,0.25,"{'poly__degree': 2, 'regressor': GradientBoostingRegressor(random_state=42), 'regressor__learning_rate': 0.25, 'regressor__n_estimators': 1}",-26821.377687821136,-20913.16777683956,-10501.321144905893,-22814.015558386185,-17303.318269313677,-19670.640087453292,5517.940831510738,241
148,0.04231133460998535,0.00857817375493454,0.008905029296875,0.001494986627974177,3,GradientBoostingRegressor(random_state=42),,,1.0,0.25,"{'poly__degree': 3, 'regressor': GradientBoostingRegressor(random_state=42), 'regressor__learning_rate': 0.25, 'regressor__n_estimators': 1}",-26816.525886285643,-20923.945533109752,-10480.15130438097,-22816.083647391304,-17405.5750601715,-19688.456286267836,5515.83701977703,242
131,4.518908834457397,0.08417230320291642,0.009403181076049805,0.0018531692314840218,3,GradientBoostingRegressor(random_state=42),,,250.0,0.001,"{'poly__degree': 3, 'regressor': GradientBoostingRegressor(random_state=42), 'regressor__learning_rate': 0.001, 'regressor__n_estimators': 250}",-27637.30745221931,-21277.41874561743,-10831.962668729615,-23500.285182440824,-17914.442047276443,-20232.283219256726,5662.9487573487495,243
82,2.0551141262054444,0.021237642429946395,0.008102226257324218,0.00020514061032982613,2,GradientBoostingRegressor(random_state=42),,,250.0,0.001,"{'poly__degree': 2, 'regressor': GradientBoostingRegressor(random_state=42), 'regressor__learning_rate': 0.001, 'regressor__n_estimators': 250}",-27631.235798300677,-21286.80370777899,-10828.16447065179,-23544.44358508679,-17892.963991233722,-20236.722310610396,5669.862156656556,244
180,1.227418804168701,0.0709713522072004,0.014962196350097656,0.005320395259153578,2,"XGBRegressor(base_score=None, booster=None, callbacks=None,
             colsample_bylevel=None, colsample_bynode=None,
             colsample_bytree=None, device=None, early_stopping_rounds=None,
             enable_categorical=False, eval_metric=None, feature_types=None,
             feature_weights=None, gamma=None, grow_policy=None,
             importance_type=None, interaction_constraints=None,
             learning_rate=None, max_bin=None, max_cat_threshold=None,
             max_cat_to_onehot=None, max_delta_step=None, max_depth=None,
             max_leaves=None, min_child_weight=None, missing=nan,
             monotone_constraints=None, multi_strategy=None, n_estimators=None,
             n_jobs=None, num_parallel_tree=None, ...)",,,250.0,0.001,"{'poly__degree': 2, 'regressor': XGBRegressor(base_score=None, booster=None, callbacks=None,
             colsample_bylevel=None, colsample_bynode=None,
             colsample_bytree=None, device=None, early_stopping_rounds=None,
             enable_categorical=False, eval_metric=None, feature_types=None,
             feature_weights=None, gamma=None, grow_policy=None,
             importance_type=None, interaction_constraints=None,
             learning_rate=None, max_bin=None, max_cat_threshold=None,
             max_cat_to_onehot=None, max_delta_step=None, max_depth=None,
             max_leaves=None, min_child_weight=None, missing=nan,
             monotone_constraints=None, multi_strategy=None, n_estimators=None,
             n_jobs=None, num_parallel_tree=None, ...), 'regressor__learning_rate': 0.001, 'regressor__n_estimators': 250}",-27720.123046875,-20679.103515625,-11192.1357421875,-23684.935546875,-17936.98046875,-20242.6556640625,5571.0025119777065,245
229,3.429260015487671,0.9210039010659375,0.014108562469482422,0.002738771005049894,3,"XGBRegressor(base_score=None, booster=None, callbacks=None,
             colsample_bylevel=None, colsample_bynode=None,
             colsample_bytree=None, device=None, early_stopping_rounds=None,
             enable_categorical=False, eval_metric=None, feature_types=None,
             feature_weights=None, gamma=None, grow_policy=None,
             importance_type=None, interaction_constraints=None,
             learning_rate=None, max_bin=None, max_cat_threshold=None,
             max_cat_to_onehot=None, max_delta_step=None, max_depth=None,
             max_leaves=None, min_child_weight=None, missing=nan,
             monotone_constraints=None, multi_strategy=None, n_estimators=None,
             n_jobs=None, num_parallel_tree=None, ...)",,,250.0,0.001,"{'poly__degree': 3, 'regressor': XGBRegressor(base_score=None, booster=None, callbacks=None,
             colsample_bylevel=None, colsample_bynode=None,
             colsample_bytree=None, device=None, early_stopping_rounds=None,
             enable_categorical=False, eval_metric=None, feature_types=None,
             feature_weights=None, gamma=None, grow_policy=None,
             importance_type=None, interaction_constraints=None,
             learning_rate=None, max_bin=None, max_cat_threshold=None,
             max_cat_to_onehot=None, max_delta_step=None, max_depth=None,
             max_leaves=None, min_child_weight=None, missing=nan,
             monotone_constraints=None, multi_strategy=None, n_estimators=None,
             n_jobs=None, num_parallel_tree=None, ...), 'regressor__learning_rate': 0.001, 'regressor__n_estimators': 250}",-27715.876953125,-20675.16796875,-11193.6328125,-23679.033203125,-17951.38671875,-20243.01953125,5567.396540679197,246
190,0.03492879867553711,0.001389189653950784,0.01080164909362793,0.0007479138856001347,2,"XGBRegressor(base_score=None, booster=None, callbacks=None,
             colsample_bylevel=None, colsample_bynode=None,
             colsample_bytree=None, device=None, early_stopping_rounds=None,
             enable_categorical=False, eval_metric=None, feature_types=None,
             feature_weights=None, gamma=None, grow_policy=None,
             importance_type=None, interaction_constraints=None,
             learning_rate=None, max_bin=None, max_cat_threshold=None,
             max_cat_to_onehot=None, max_delta_step=None, max_depth=None,
             max_leaves=None, min_child_weight=None, missing=nan,
             monotone_constraints=None, multi_strategy=None, n_estimators=None,
             n_jobs=None, num_parallel_tree=None, ...)",,,1.0,0.1,"{'poly__degree': 2, 'regressor': XGBRegressor(base_score=None, booster=None, callbacks=None,
             colsample_bylevel=None, colsample_bynode=None,
             colsample_bytree=None, device=None, early_stopping_rounds=None,
             enable_categorical=False, eval_metric=None, feature_types=None,
             feature_weights=None, gamma=None, grow_policy=None,
             importance_type=None, interaction_constraints=None,
             learning_rate=None, max_bin=None, max_cat_threshold=None,
             max_cat_to_onehot=None, max_delta_step=None, max_depth=None,
             max_leaves=None, min_child_weight=None, missing=nan,
             monotone_constraints=None, multi_strategy=None, n_estimators=None,
             n_jobs=None, num_parallel_tree=None, ...), 'regressor__learning_rate': 0.1, 'regressor__n_estimators': 1}",-30923.37890625,-23908.767578125,-12675.3671875,-27146.900390625,-20610.326171875,-23052.948046875,6214.453168095521,247
239,0.05092329978942871,0.001782078883067313,0.010115432739257812,0.00021561073603480673,3,"XGBRegressor(base_score=None, booster=None, callbacks=None,
             colsample_bylevel=None, colsample_bynode=None,
             colsample_bytree=None, device=None, early_stopping_rounds=None,
             enable_categorical=False, eval_metric=None, feature_types=None,
             feature_weights=None, gamma=None, grow_policy=None,
             importance_type=None, interaction_constraints=None,
             learning_rate=None, max_bin=None, max_cat_threshold=None,
             max_cat_to_onehot=None, max_delta_step=None, max_depth=None,
             max_leaves=None, min_child_weight=None, missing=nan,
             monotone_constraints=None, multi_strategy=None, n_estimators=None,
             n_jobs=None, num_parallel_tree=None, ...)",,,1.0,0.1,"{'poly__degree': 3, 'regressor': XGBRegressor(base_score=None, booster=None, callbacks=None,
             colsample_bylevel=None, colsample_bynode=None,
             colsample_bytree=None, device=None, early_stopping_rounds=None,
             enable_categorical=False, eval_metric=None, feature_types=None,
             feature_weights=None, gamma=None, grow_policy=None,
             importance_type=None, interaction_constraints=None,
             learning_rate=None, max_bin=None, max_cat_threshold=None,
             max_cat_to_onehot=None, max_delta_step=None, max_depth=None,
             max_leaves=None, min_child_weight=None, missing=nan,
             monotone_constraints=None, multi_strategy=None, n_estimators=None,
             n_jobs=None, num_parallel_tree=None, ...), 'regressor__learning_rate': 0.1, 'regressor__n_estimators': 1}",-30923.37890625,-23902.1953125,-12675.673828125,-27154.56640625,-20611.392578125,-23053.44140625,6215.097555106195,248
92,0.022300052642822265,0.00040102300971681944,0.007405424118041992,0.0004929906267476683,2,GradientBoostingRegressor(random_state=42),,,1.0,0.1,"{'poly__degree': 2, 'regressor': GradientBoostingRegressor(random_state=42), 'regressor__learning_rate': 0.1, 'regressor__n_estimators': 1}",-30850.20281321073,-24327.815337934517,-12504.392673966415,-27063.586493201565,-20628.3165651559,-23074.862776693823,6255.495923564466,249
141,0.03210458755493164,0.00048412033723738384,0.008602666854858398,0.0013574798705008795,3,GradientBoostingRegressor(random_state=42),,,1.0,0.1,"{'poly__degree': 3, 'regressor': GradientBoostingRegressor(random_state=42), 'regressor__learning_rate': 0.1, 'regressor__n_estimators': 1}",-30848.163865122195,-24332.3249818812,-12499.333609283112,-27064.47008027619,-20670.013376013303,-23082.8611825152,6253.753838837341,250
233,0.17918086051940918,0.015791703351388197,0.013084793090820312,0.0018782770466608412,3,"XGBRegressor(base_score=None, booster=None, callbacks=None,
             colsample_bylevel=None, colsample_bynode=None,
             colsample_bytree=None, device=None, early_stopping_rounds=None,
             enable_categorical=False, eval_metric=None, feature_types=None,
             feature_weights=None, gamma=None, grow_policy=None,
             importance_type=None, interaction_constraints=None,
             learning_rate=None, max_bin=None, max_cat_threshold=None,
             max_cat_to_onehot=None, max_delta_step=None, max_depth=None,
             max_leaves=None, min_child_weight=None, missing=nan,
             monotone_constraints=None, multi_strategy=None, n_estimators=None,
             n_jobs=None, num_parallel_tree=None, ...)",,,10.0,0.01,"{'poly__degree': 3, 'regressor': XGBRegressor(base_score=None, booster=None, callbacks=None,
             colsample_bylevel=None, colsample_bynode=None,
             colsample_bytree=None, device=None, early_stopping_rounds=None,
             enable_categorical=False, eval_metric=None, feature_types=None,
             feature_weights=None, gamma=None, grow_policy=None,
             importance_type=None, interaction_constraints=None,
             learning_rate=None, max_bin=None, max_cat_threshold=None,
             max_cat_to_onehot=None, max_delta_step=None, max_depth=None,
             max_leaves=None, min_child_weight=None, missing=nan,
             monotone_constraints=None, multi_strategy=None, n_estimators=None,
             n_jobs=None, num_parallel_tree=None, ...), 'regressor__learning_rate': 0.01, 'regressor__n_estimators': 10}",-31033.83984375,-24021.76953125,-12725.1875,-27241.126953125,-20716.0234375,-23147.589453125,6233.027531743721,251
184,0.0688349723815918,0.0016067680978760998,0.008598136901855468,0.0004875862541746126,2,"XGBRegressor(base_score=None, booster=None, callbacks=None,
             colsample_bylevel=None, colsample_bynode=None,
             colsample_bytree=None, device=None, early_stopping_rounds=None,
             enable_categorical=False, eval_metric=None, feature_types=None,
             feature_weights=None, gamma=None, grow_policy=None,
             importance_type=None, interaction_constraints=None,
             learning_rate=None, max_bin=None, max_cat_threshold=None,
             max_cat_to_onehot=None, max_delta_step=None, max_depth=None,
             max_leaves=None, min_child_weight=None, missing=nan,
             monotone_constraints=None, multi_strategy=None, n_estimators=None,
             n_jobs=None, num_parallel_tree=None, ...)",,,10.0,0.01,"{'poly__degree': 2, 'regressor': XGBRegressor(base_score=None, booster=None, callbacks=None,
             colsample_bylevel=None, colsample_bynode=None,
             colsample_bytree=None, device=None, early_stopping_rounds=None,
             enable_categorical=False, eval_metric=None, feature_types=None,
             feature_weights=None, gamma=None, grow_policy=None,
             importance_type=None, interaction_constraints=None,
             learning_rate=None, max_bin=None, max_cat_threshold=None,
             max_cat_to_onehot=None, max_delta_step=None, max_depth=None,
             max_leaves=None, min_child_weight=None, missing=nan,
             monotone_constraints=None, multi_strategy=None, n_estimators=None,
             n_jobs=None, num_parallel_tree=None, ...), 'regressor__learning_rate': 0.01, 'regressor__n_estimators': 10}",-31032.3125,-24026.880859375,-12724.9755859375,-27255.390625,-20714.263671875,-23150.7646484375,6234.8688060542745,252
86,0.09712233543395996,0.0030283959999421856,0.007607173919677734,0.0009696169963741713,2,GradientBoostingRegressor(random_state=42),,,10.0,0.01,"{'poly__degree': 2, 'regressor': GradientBoostingRegressor(random_state=42), 'regressor__learning_rate': 0.01, 'regressor__n_estimators': 10}",-30980.9884417356,-24366.853617452103,-12552.599284611431,-27178.23061489766,-20693.45068041699,-23154.42452782276,6282.85274676291,253
228,1.4210673332214356,0.31516858431349637,0.01531682014465332,0.005089482498583116,3,"XGBRegressor(base_score=None, booster=None, callbacks=None,
             colsample_bylevel=None, colsample_bynode=None,
             colsample_bytree=None, device=None, early_stopping_rounds=None,
             enable_categorical=False, eval_metric=None, feature_types=None,
             feature_weights=None, gamma=None, grow_policy=None,
             importance_type=None, interaction_constraints=None,
             learning_rate=None, max_bin=None, max_cat_threshold=None,
             max_cat_to_onehot=None, max_delta_step=None, max_depth=None,
             max_leaves=None, min_child_weight=None, missing=nan,
             monotone_constraints=None, multi_strategy=None, n_estimators=None,
             n_jobs=None, num_parallel_tree=None, ...)",,,100.0,0.001,"{'poly__degree': 3, 'regressor': XGBRegressor(base_score=None, booster=None, callbacks=None,
             colsample_bylevel=None, colsample_bynode=None,
             colsample_bytree=None, device=None, early_stopping_rounds=None,
             enable_categorical=False, eval_metric=None, feature_types=None,
             feature_weights=None, gamma=None, grow_policy=None,
             importance_type=None, interaction_constraints=None,
             learning_rate=None, max_bin=None, max_cat_threshold=None,
             max_cat_to_onehot=None, max_delta_step=None, max_depth=None,
             max_leaves=None, min_child_weight=None, missing=nan,
             monotone_constraints=None, multi_strategy=None, n_estimators=None,
             n_jobs=None, num_parallel_tree=None, ...), 'regressor__learning_rate': 0.001, 'regressor__n_estimators': 100}",-31043.189453125,-24032.91796875,-12730.03125,-27257.697265625,-20723.359375,-23157.4390625,6235.691100176644,254
135,0.22896389961242675,0.02223451935396549,0.008001136779785156,0.0006305290856565311,3,GradientBoostingRegressor(random_state=42),,,10.0,0.01,"{'poly__degree': 3, 'regressor': GradientBoostingRegressor(random_state=42), 'regressor__learning_rate': 0.01, 'regressor__n_estimators': 10}",-30981.624991435143,-24376.45711699541,-12548.603737406276,-27164.943411131368,-20719.37421895571,-23158.20069518478,6281.01147599482,255
179,0.5041850090026856,0.02064472703806477,0.011199235916137695,0.0019402825645129579,2,"XGBRegressor(base_score=None, booster=None, callbacks=None,
             colsample_bylevel=None, colsample_bynode=None,
             colsample_bytree=None, device=None, early_stopping_rounds=None,
             enable_categorical=False, eval_metric=None, feature_types=None,
             feature_weights=None, gamma=None, grow_policy=None,
             importance_type=None, interaction_constraints=None,
             learning_rate=None, max_bin=None, max_cat_threshold=None,
             max_cat_to_onehot=None, max_delta_step=None, max_depth=None,
             max_leaves=None, min_child_weight=None, missing=nan,
             monotone_constraints=None, multi_strategy=None, n_estimators=None,
             n_jobs=None, num_parallel_tree=None, ...)",,,100.0,0.001,"{'poly__degree': 2, 'regressor': XGBRegressor(base_score=None, booster=None, callbacks=None,
             colsample_bylevel=None, colsample_bynode=None,
             colsample_bytree=None, device=None, early_stopping_rounds=None,
             enable_categorical=False, eval_metric=None, feature_types=None,
             feature_weights=None, gamma=None, grow_policy=None,
             importance_type=None, interaction_constraints=None,
             learning_rate=None, max_bin=None, max_cat_threshold=None,
             max_cat_to_onehot=None, max_delta_step=None, max_depth=None,
             max_leaves=None, min_child_weight=None, missing=nan,
             monotone_constraints=None, multi_strategy=None, n_estimators=None,
             n_jobs=None, num_parallel_tree=None, ...), 'regressor__learning_rate': 0.001, 'regressor__n_estimators': 100}",-31044.259765625,-24038.2890625,-12729.736328125,-27269.185546875,-20721.72265625,-23160.638671875,6237.851300218334,256
81,0.8004436492919922,0.00263518043502293,0.007001924514770508,0.0006308418893810539,2,GradientBoostingRegressor(random_state=42),,,100.0,0.001,"{'poly__degree': 2, 'regressor': GradientBoostingRegressor(random_state=42), 'regressor__learning_rate': 0.001, 'regressor__n_estimators': 100}",-30991.903036852516,-24371.58150166083,-12555.962653493636,-27191.49498984844,-20704.862570034573,-23163.160950378,6285.425119354807,257
130,1.8243363857269288,0.008184406019718468,0.009905099868774414,0.0019143823513140155,3,GradientBoostingRegressor(random_state=42),,,100.0,0.001,"{'poly__degree': 3, 'regressor': GradientBoostingRegressor(random_state=42), 'regressor__learning_rate': 0.001, 'regressor__n_estimators': 100}",-30994.258138392583,-24370.354160994146,-12557.099474696517,-27177.496394385733,-20728.542040425,-23165.550041778795,6281.945055422745,258
227,0.6252164840698242,0.018667719381754093,0.011002445220947265,0.001264707398409459,3,"XGBRegressor(base_score=None, booster=None, callbacks=None,
             colsample_bylevel=None, colsample_bynode=None,
             colsample_bytree=None, device=None, early_stopping_rounds=None,
             enable_categorical=False, eval_metric=None, feature_types=None,
             feature_weights=None, gamma=None, grow_policy=None,
             importance_type=None, interaction_constraints=None,
             learning_rate=None, max_bin=None, max_cat_threshold=None,
             max_cat_to_onehot=None, max_delta_step=None, max_depth=None,
             max_leaves=None, min_child_weight=None, missing=nan,
             monotone_constraints=None, multi_strategy=None, n_estimators=None,
             n_jobs=None, num_parallel_tree=None, ...)",,,50.0,0.001,"{'poly__degree': 3, 'regressor': XGBRegressor(base_score=None, booster=None, callbacks=None,
             colsample_bylevel=None, colsample_bynode=None,
             colsample_bytree=None, device=None, early_stopping_rounds=None,
             enable_categorical=False, eval_metric=None, feature_types=None,
             feature_weights=None, gamma=None, grow_policy=None,
             importance_type=None, interaction_constraints=None,
             learning_rate=None, max_bin=None, max_cat_threshold=None,
             max_cat_to_onehot=None, max_delta_step=None, max_depth=None,
             max_leaves=None, min_child_weight=None, missing=nan,
             monotone_constraints=None, multi_strategy=None, n_estimators=None,
             n_jobs=None, num_parallel_tree=None, ...), 'regressor__learning_rate': 0.001, 'regressor__n_estimators': 50}",-32269.037109375,-25290.697265625,-13286.40234375,-28557.580078125,-21760.896484375,-24232.92265625,6485.9525867978955,259
178,0.27033042907714844,0.011694064646892323,0.009705924987792968,0.0007480398113493666,2,"XGBRegressor(base_score=None, booster=None, callbacks=None,
             colsample_bylevel=None, colsample_bynode=None,
             colsample_bytree=None, device=None, early_stopping_rounds=None,
             enable_categorical=False, eval_metric=None, feature_types=None,
             feature_weights=None, gamma=None, grow_policy=None,
             importance_type=None, interaction_constraints=None,
             learning_rate=None, max_bin=None, max_cat_threshold=None,
             max_cat_to_onehot=None, max_delta_step=None, max_depth=None,
             max_leaves=None, min_child_weight=None, missing=nan,
             monotone_constraints=None, multi_strategy=None, n_estimators=None,
             n_jobs=None, num_parallel_tree=None, ...)",,,50.0,0.001,"{'poly__degree': 2, 'regressor': XGBRegressor(base_score=None, booster=None, callbacks=None,
             colsample_bylevel=None, colsample_bynode=None,
             colsample_bytree=None, device=None, early_stopping_rounds=None,
             enable_categorical=False, eval_metric=None, feature_types=None,
             feature_weights=None, gamma=None, grow_policy=None,
             importance_type=None, interaction_constraints=None,
             learning_rate=None, max_bin=None, max_cat_threshold=None,
             max_cat_to_onehot=None, max_delta_step=None, max_depth=None,
             max_leaves=None, min_child_weight=None, missing=nan,
             monotone_constraints=None, multi_strategy=None, n_estimators=None,
             n_jobs=None, num_parallel_tree=None, ...), 'regressor__learning_rate': 0.001, 'regressor__n_estimators': 50}",-32269.052734375,-25291.494140625,-13286.2412109375,-28559.12890625,-21761.134765625,-24233.4103515625,6486.225244158147,260
80,0.413372802734375,0.004970895434762389,0.0070037841796875,5.812721236294089e-06,2,GradientBoostingRegressor(random_state=42),,,50.0,0.001,"{'poly__degree': 2, 'regressor': GradientBoostingRegressor(random_state=42), 'regressor__learning_rate': 0.001, 'regressor__n_estimators': 50}",-32236.48597719619,-25484.77708906176,-13185.727649739194,-28515.052392363126,-21753.90161379815,-24235.188944431684,6513.782888471731,261
129,0.9242387294769288,0.012288536977113736,0.007703208923339843,0.00040053261447690306,3,GradientBoostingRegressor(random_state=42),,,50.0,0.001,"{'poly__degree': 3, 'regressor': GradientBoostingRegressor(random_state=42), 'regressor__learning_rate': 0.001, 'regressor__n_estimators': 50}",-32238.162292430057,-25485.0764173312,-13186.50214776437,-28509.317210149504,-21772.704390234314,-24238.35249158189,6511.762182479484,262
183,0.03091273307800293,0.001689980008464105,0.009306621551513673,0.0004065854138621253,2,"XGBRegressor(base_score=None, booster=None, callbacks=None,
             colsample_bylevel=None, colsample_bynode=None,
             colsample_bytree=None, device=None, early_stopping_rounds=None,
             enable_categorical=False, eval_metric=None, feature_types=None,
             feature_weights=None, gamma=None, grow_policy=None,
             importance_type=None, interaction_constraints=None,
             learning_rate=None, max_bin=None, max_cat_threshold=None,
             max_cat_to_onehot=None, max_delta_step=None, max_depth=None,
             max_leaves=None, min_child_weight=None, missing=nan,
             monotone_constraints=None, multi_strategy=None, n_estimators=None,
             n_jobs=None, num_parallel_tree=None, ...)",,,1.0,0.01,"{'poly__degree': 2, 'regressor': XGBRegressor(base_score=None, booster=None, callbacks=None,
             colsample_bylevel=None, colsample_bynode=None,
             colsample_bytree=None, device=None, early_stopping_rounds=None,
             enable_categorical=False, eval_metric=None, feature_types=None,
             feature_weights=None, gamma=None, grow_policy=None,
             importance_type=None, interaction_constraints=None,
             learning_rate=None, max_bin=None, max_cat_threshold=None,
             max_cat_to_onehot=None, max_delta_step=None, max_depth=None,
             max_leaves=None, min_child_weight=None, missing=nan,
             monotone_constraints=None, multi_strategy=None, n_estimators=None,
             n_jobs=None, num_parallel_tree=None, ...), 'regressor__learning_rate': 0.01, 'regressor__n_estimators': 1}",-33291.5859375,-26342.29296875,-13752.1845703125,-29627.791015625,-22632.98828125,-25129.3685546875,6693.29534324475,263
232,0.060431480407714844,0.007283092813197468,0.013204717636108398,0.001325546326710106,3,"XGBRegressor(base_score=None, booster=None, callbacks=None,
             colsample_bylevel=None, colsample_bynode=None,
             colsample_bytree=None, device=None, early_stopping_rounds=None,
             enable_categorical=False, eval_metric=None, feature_types=None,
             feature_weights=None, gamma=None, grow_policy=None,
             importance_type=None, interaction_constraints=None,
             learning_rate=None, max_bin=None, max_cat_threshold=None,
             max_cat_to_onehot=None, max_delta_step=None, max_depth=None,
             max_leaves=None, min_child_weight=None, missing=nan,
             monotone_constraints=None, multi_strategy=None, n_estimators=None,
             n_jobs=None, num_parallel_tree=None, ...)",,,1.0,0.01,"{'poly__degree': 3, 'regressor': XGBRegressor(base_score=None, booster=None, callbacks=None,
             colsample_bylevel=None, colsample_bynode=None,
             colsample_bytree=None, device=None, early_stopping_rounds=None,
             enable_categorical=False, eval_metric=None, feature_types=None,
             feature_weights=None, gamma=None, grow_policy=None,
             importance_type=None, interaction_constraints=None,
             learning_rate=None, max_bin=None, max_cat_threshold=None,
             max_cat_to_onehot=None, max_delta_step=None, max_depth=None,
             max_leaves=None, min_child_weight=None, missing=nan,
             monotone_constraints=None, multi_strategy=None, n_estimators=None,
             n_jobs=None, num_parallel_tree=None, ...), 'regressor__learning_rate': 0.01, 'regressor__n_estimators': 1}",-33291.5859375,-26341.677734375,-13752.21484375,-29628.556640625,-22633.087890625,-25129.424609375,6693.358249555206,264
177,0.07133054733276367,0.004308695141956489,0.009002923965454102,0.0016732277507239084,2,"XGBRegressor(base_score=None, booster=None, callbacks=None,
             colsample_bylevel=None, colsample_bynode=None,
             colsample_bytree=None, device=None, early_stopping_rounds=None,
             enable_categorical=False, eval_metric=None, feature_types=None,
             feature_weights=None, gamma=None, grow_policy=None,
             importance_type=None, interaction_constraints=None,
             learning_rate=None, max_bin=None, max_cat_threshold=None,
             max_cat_to_onehot=None, max_delta_step=None, max_depth=None,
             max_leaves=None, min_child_weight=None, missing=nan,
             monotone_constraints=None, multi_strategy=None, n_estimators=None,
             n_jobs=None, num_parallel_tree=None, ...)",,,10.0,0.001,"{'poly__degree': 2, 'regressor': XGBRegressor(base_score=None, booster=None, callbacks=None,
             colsample_bylevel=None, colsample_bynode=None,
             colsample_bytree=None, device=None, early_stopping_rounds=None,
             enable_categorical=False, eval_metric=None, feature_types=None,
             feature_weights=None, gamma=None, grow_policy=None,
             importance_type=None, interaction_constraints=None,
             learning_rate=None, max_bin=None, max_cat_threshold=None,
             max_cat_to_onehot=None, max_delta_step=None, max_depth=None,
             max_leaves=None, min_child_weight=None, missing=nan,
             monotone_constraints=None, multi_strategy=None, n_estimators=None,
             n_jobs=None, num_parallel_tree=None, ...), 'regressor__learning_rate': 0.001, 'regressor__n_estimators': 10}",-33292.75390625,-26343.490234375,-13752.7060546875,-29629.013671875,-22634.044921875,-25130.4017578125,6693.53183850883,265
226,0.16218671798706055,0.007381486184995836,0.011507987976074219,0.0011049430994331626,3,"XGBRegressor(base_score=None, booster=None, callbacks=None,
             colsample_bylevel=None, colsample_bynode=None,
             colsample_bytree=None, device=None, early_stopping_rounds=None,
             enable_categorical=False, eval_metric=None, feature_types=None,
             feature_weights=None, gamma=None, grow_policy=None,
             importance_type=None, interaction_constraints=None,
             learning_rate=None, max_bin=None, max_cat_threshold=None,
             max_cat_to_onehot=None, max_delta_step=None, max_depth=None,
             max_leaves=None, min_child_weight=None, missing=nan,
             monotone_constraints=None, multi_strategy=None, n_estimators=None,
             n_jobs=None, num_parallel_tree=None, ...)",,,10.0,0.001,"{'poly__degree': 3, 'regressor': XGBRegressor(base_score=None, booster=None, callbacks=None,
             colsample_bylevel=None, colsample_bynode=None,
             colsample_bytree=None, device=None, early_stopping_rounds=None,
             enable_categorical=False, eval_metric=None, feature_types=None,
             feature_weights=None, gamma=None, grow_policy=None,
             importance_type=None, interaction_constraints=None,
             learning_rate=None, max_bin=None, max_cat_threshold=None,
             max_cat_to_onehot=None, max_delta_step=None, max_depth=None,
             max_leaves=None, min_child_weight=None, missing=nan,
             monotone_constraints=None, multi_strategy=None, n_estimators=None,
             n_jobs=None, num_parallel_tree=None, ...), 'regressor__learning_rate': 0.001, 'regressor__n_estimators': 10}",-33292.75390625,-26343.138671875,-13752.736328125,-29629.76171875,-22634.078125,-25130.49375,6693.606886324458,266
79,0.09491114616394043,0.0049566784068227855,0.00780940055847168,0.0016234523476571627,2,GradientBoostingRegressor(random_state=42),,,10.0,0.001,"{'poly__degree': 2, 'regressor': GradientBoostingRegressor(random_state=42), 'regressor__learning_rate': 0.001, 'regressor__n_estimators': 10}",-33285.4935131481,-26384.939761373098,-13732.776748619402,-29620.55314570655,-22632.945228853776,-25131.341679540186,6699.014661477995,267
85,0.02330179214477539,0.0007504509400809528,0.008004093170166015,0.0010970702728087124,2,GradientBoostingRegressor(random_state=42),,,1.0,0.01,"{'poly__degree': 2, 'regressor': GradientBoostingRegressor(random_state=42), 'regressor__learning_rate': 0.01, 'regressor__n_estimators': 1}",-33284.277187391795,-26384.417771788998,-13734.452054831974,-29619.3818864498,-22634.62110419938,-25131.43000093239,6697.84694804381,268
128,0.20299229621887208,0.005665415180860981,0.008199739456176757,0.0011656812254837376,3,GradientBoostingRegressor(random_state=42),,,10.0,0.001,"{'poly__degree': 3, 'regressor': GradientBoostingRegressor(random_state=42), 'regressor__learning_rate': 0.001, 'regressor__n_estimators': 10}",-33285.64027969075,-26385.645240150836,-13732.128244641553,-29618.92681186255,-22637.133292952632,-25131.894773859665,6698.767413232815,269
134,0.041413497924804685,0.006306002811853256,0.010706663131713867,0.001079178336821982,3,GradientBoostingRegressor(random_state=42),,,1.0,0.01,"{'poly__degree': 3, 'regressor': GradientBoostingRegressor(random_state=42), 'regressor__learning_rate': 0.01, 'regressor__n_estimators': 1}",-33284.068646960084,-26384.878049678493,-13734.103325580498,-29619.47283158465,-22638.825336883696,-25132.269638137484,6697.631031705924,270
176,0.030306911468505858,0.0037409521939487283,0.008400201797485352,0.0004892009728903832,2,"XGBRegressor(base_score=None, booster=None, callbacks=None,
             colsample_bylevel=None, colsample_bynode=None,
             colsample_bytree=None, device=None, early_stopping_rounds=None,
             enable_categorical=False, eval_metric=None, feature_types=None,
             feature_weights=None, gamma=None, grow_policy=None,
             importance_type=None, interaction_constraints=None,
             learning_rate=None, max_bin=None, max_cat_threshold=None,
             max_cat_to_onehot=None, max_delta_step=None, max_depth=None,
             max_leaves=None, min_child_weight=None, missing=nan,
             monotone_constraints=None, multi_strategy=None, n_estimators=None,
             n_jobs=None, num_parallel_tree=None, ...)",,,1.0,0.001,"{'poly__degree': 2, 'regressor': XGBRegressor(base_score=None, booster=None, callbacks=None,
             colsample_bylevel=None, colsample_bynode=None,
             colsample_bytree=None, device=None, early_stopping_rounds=None,
             enable_categorical=False, eval_metric=None, feature_types=None,
             feature_weights=None, gamma=None, grow_policy=None,
             importance_type=None, interaction_constraints=None,
             learning_rate=None, max_bin=None, max_cat_threshold=None,
             max_cat_to_onehot=None, max_delta_step=None, max_depth=None,
             max_leaves=None, min_child_weight=None, missing=nan,
             monotone_constraints=None, multi_strategy=None, n_estimators=None,
             n_jobs=None, num_parallel_tree=None, ...), 'regressor__learning_rate': 0.001, 'regressor__n_estimators': 1}",-33528.96484375,-26586.1171875,-13860.115234375,-29875.9921875,-22835.439453125,-25337.32578125,6741.627702416969,271
225,0.056524658203125,0.007642254934716037,0.010408544540405273,0.0010146744554436176,3,"XGBRegressor(base_score=None, booster=None, callbacks=None,
             colsample_bylevel=None, colsample_bynode=None,
             colsample_bytree=None, device=None, early_stopping_rounds=None,
             enable_categorical=False, eval_metric=None, feature_types=None,
             feature_weights=None, gamma=None, grow_policy=None,
             importance_type=None, interaction_constraints=None,
             learning_rate=None, max_bin=None, max_cat_threshold=None,
             max_cat_to_onehot=None, max_delta_step=None, max_depth=None,
             max_leaves=None, min_child_weight=None, missing=nan,
             monotone_constraints=None, multi_strategy=None, n_estimators=None,
             n_jobs=None, num_parallel_tree=None, ...)",,,1.0,0.001,"{'poly__degree': 3, 'regressor': XGBRegressor(base_score=None, booster=None, callbacks=None,
             colsample_bylevel=None, colsample_bynode=None,
             colsample_bytree=None, device=None, early_stopping_rounds=None,
             enable_categorical=False, eval_metric=None, feature_types=None,
             feature_weights=None, gamma=None, grow_policy=None,
             importance_type=None, interaction_constraints=None,
             learning_rate=None, max_bin=None, max_cat_threshold=None,
             max_cat_to_onehot=None, max_delta_step=None, max_depth=None,
             max_leaves=None, min_child_weight=None, missing=nan,
             monotone_constraints=None, multi_strategy=None, n_estimators=None,
             n_jobs=None, num_parallel_tree=None, ...), 'regressor__learning_rate': 0.001, 'regressor__n_estimators': 1}",-33528.96484375,-26586.052734375,-13860.1181640625,-29876.0703125,-22835.451171875,-25337.3314453125,6741.6339666669855,272
78,0.022802066802978516,0.0017188418710349799,0.00780644416809082,0.0005123478158507137,2,GradientBoostingRegressor(random_state=42),,,1.0,0.001,"{'poly__degree': 2, 'regressor': GradientBoostingRegressor(random_state=42), 'regressor__learning_rate': 0.001, 'regressor__n_estimators': 1}",-33528.238032551635,-26590.33144314301,-13858.338027187085,-29875.152050645716,-22835.604741110594,-25337.53285892761,6742.087239937997,273
127,0.03754634857177734,0.006151441583003499,0.00990610122680664,0.0020613614061743336,3,GradientBoostingRegressor(random_state=42),,,1.0,0.001,"{'poly__degree': 3, 'regressor': GradientBoostingRegressor(random_state=42), 'regressor__learning_rate': 0.001, 'regressor__n_estimators': 1}",-33528.21713610992,-26590.377555719377,-13858.304574206939,-29875.16116853212,-22836.02547062292,-25337.617181038255,6742.065271558974,274
