,mean_fit_time,std_fit_time,mean_score_time,std_score_time,param_regressor,param_regressor__alpha,param_regressor__max_depth,param_regressor__n_estimators,param_regressor__learning_rate,params,split0_test_score,split1_test_score,split2_test_score,split3_test_score,split4_test_score,mean_test_score,std_test_score,rank_test_score
6,0.014539480209350586,0.002417059150546965,0.011299037933349609,0.003218090561743513,Ridge(random_state=42),10.0,,,,"{'regressor': Ridge(random_state=42), 'regressor__alpha': 10.0}",-585.8844608261603,-609.532586447845,-1139.2063789154704,-794.6620290477903,-898.577370058377,-805.5725650591287,203.3592838562917,1
5,0.014046907424926758,0.0023462467712022997,0.011216163635253906,0.00118221088529708,Ridge(random_state=42),1.0,,,,"{'regressor': Ridge(random_state=42), 'regressor__alpha': 1.0}",-585.8844584594564,-609.5325873933472,-1139.2063820073688,-794.6620276077599,-898.57736988063,-805.5725650697125,203.3592851990605,2
4,0.01624884605407715,0.004310510591551965,0.012215948104858399,0.0024934424451061106,Ridge(random_state=42),0.1,,,,"{'regressor': Ridge(random_state=42), 'regressor__alpha': 0.1}",-585.8844582228014,-609.5325874878954,-1139.2063823165636,-794.6620274637478,-898.5773698628583,-805.5725650707733,203.35928533333643,3
0,0.01579251289367676,0.003543246958195568,0.012687921524047852,0.0032386037842751987,LinearRegression(),,,,,{'regressor': LinearRegression()},-585.8844582016852,-609.5325874258743,-1139.2063824214952,-794.662027439753,-898.5773699228249,-805.5725650823266,203.35928539002947,4
3,0.03241991996765137,0.008124389619241926,0.012228012084960938,0.0030491878558815745,"Lasso(max_iter=2000, random_state=42)",1.0,,,,"{'regressor': Lasso(max_iter=2000, random_state=42), 'regressor__alpha': 1.0}",-585.9356754040326,-609.5755407374054,-1144.2741298181543,-794.6448558311946,-898.5936970836487,-806.6047797748872,205.0077878064849,5
2,0.03849105834960938,0.00824453445358236,0.017467451095581055,0.0031594341845912308,"Lasso(max_iter=2000, random_state=42)",0.1,,,,"{'regressor': Lasso(max_iter=2000, random_state=42), 'regressor__alpha': 0.1}",-585.9354638172456,-609.5756295292377,-1144.2743851416328,-794.6447410194924,-898.5936989592251,-806.6047836933668,205.00790190624508,6
1,0.04150094985961914,0.0068832147916410395,0.016314935684204102,0.0024080772177627156,"Lasso(max_iter=2000, random_state=42)",0.01,,,,"{'regressor': Lasso(max_iter=2000, random_state=42), 'regressor__alpha': 0.01}",-585.935442658711,-609.5756384085142,-1144.2744106742316,-794.6447295384407,-898.5936991470031,-806.6047840853801,205.00791331627667,7
58,2.578874444961548,0.061599475126830804,0.012808942794799804,0.00040461701175602353,GradientBoostingRegressor(random_state=42),,,500.0,0.1,"{'regressor': GradientBoostingRegressor(random_state=42), 'regressor__learning_rate': 0.1, 'regressor__n_estimators': 500}",-5522.477505795596,-935.8751391696499,-1519.1674322450892,-1179.9907369956645,-1216.8418041213258,-2074.870523665465,1733.7320110733435,8
59,5.16372127532959,0.09392391299009245,0.015913105010986327,0.00019069394626425535,GradientBoostingRegressor(random_state=42),,,1000.0,0.1,"{'regressor': GradientBoostingRegressor(random_state=42), 'regressor__learning_rate': 0.1, 'regressor__n_estimators': 1000}",-5500.464585522155,-934.6950047704509,-1522.0695300024593,-1190.385630004391,-1235.2239188536648,-2076.567733830624,1722.0679065928289,9
57,1.305563735961914,0.012759161181974147,0.013218879699707031,0.0014579240708390124,GradientBoostingRegressor(random_state=42),,,250.0,0.1,"{'regressor': GradientBoostingRegressor(random_state=42), 'regressor__learning_rate': 0.1, 'regressor__n_estimators': 250}",-5575.847351811688,-930.7030405299168,-1523.4646951044879,-1188.1144957094261,-1216.6172846027207,-2086.9493735516476,1754.5490446754538,10
52,5.148241901397705,0.16474185198396663,0.01648111343383789,0.0007388291086637887,GradientBoostingRegressor(random_state=42),,,1000.0,0.01,"{'regressor': GradientBoostingRegressor(random_state=42), 'regressor__learning_rate': 0.01, 'regressor__n_estimators': 1000}",-5763.259279401253,-944.0469871993631,-1483.6459639938198,-1160.0584140423198,-1247.199575864256,-2119.6420441002024,1829.9955143420398,11
56,0.5394398212432862,0.0072939250234719585,0.01132063865661621,0.0009914113352912082,GradientBoostingRegressor(random_state=42),,,100.0,0.1,"{'regressor': GradientBoostingRegressor(random_state=42), 'regressor__learning_rate': 0.1, 'regressor__n_estimators': 100}",-5793.250304787974,-927.981850229299,-1521.3593406477305,-1237.30906403832,-1260.145201575241,-2148.0091522557127,1832.300014178355,12
38,9.920045280456543,0.08633291298650443,0.3771873950958252,0.0030380506114156907,RandomForestRegressor(random_state=42),,10.0,1000.0,,"{'regressor': RandomForestRegressor(random_state=42), 'regressor__max_depth': 10, 'regressor__n_estimators': 1000}",-6098.314741681918,-1007.8101755752798,-1411.485488334811,-1100.2303567729546,-1234.4471412749901,-2170.4575807279907,1968.6214138963624,13
36,2.5831618785858153,0.06955133347663066,0.10793843269348144,0.0029450452396033422,RandomForestRegressor(random_state=42),,10.0,250.0,,"{'regressor': RandomForestRegressor(random_state=42), 'regressor__max_depth': 10, 'regressor__n_estimators': 250}",-6102.819337843349,-1013.6554489694792,-1411.4082138860765,-1102.1798719696958,-1239.6594713340369,-2173.9444688005274,1969.0280695666384,14
37,5.0540642738342285,0.15495757730603163,0.20526928901672364,0.016432338750322885,RandomForestRegressor(random_state=42),,10.0,500.0,,"{'regressor': RandomForestRegressor(random_state=42), 'regressor__max_depth': 10, 'regressor__n_estimators': 500}",-6106.038650304946,-1016.9434775685969,-1411.8991713250136,-1105.548313186091,-1241.9058907296765,-2176.4671006228646,1969.3076661265807,15
35,1.0387234687805176,0.027053803121848928,0.051703023910522464,0.0012284343744631866,RandomForestRegressor(random_state=42),,10.0,100.0,,"{'regressor': RandomForestRegressor(random_state=42), 'regressor__max_depth': 10, 'regressor__n_estimators': 100}",-6097.891459160078,-997.6410293867064,-1447.2518396444739,-1114.2133965363794,-1250.9756782398763,-2181.5946805935027,1963.8605167968024,16
34,0.5416852474212647,0.013164645262360762,0.03355197906494141,0.004240678628816391,RandomForestRegressor(random_state=42),,10.0,50.0,,"{'regressor': RandomForestRegressor(random_state=42), 'regressor__max_depth': 10, 'regressor__n_estimators': 50}",-6136.11775214139,-990.9562440554629,-1448.3487382331955,-1147.8370263570916,-1246.5820547278815,-2193.968363103005,1976.6466644334998,17
64,1.276464033126831,0.03605316783456172,0.011914253234863281,0.0007877414364816153,GradientBoostingRegressor(random_state=42),,,250.0,0.25,"{'regressor': GradientBoostingRegressor(random_state=42), 'regressor__learning_rate': 0.25, 'regressor__n_estimators': 250}",-5431.804892614064,-1050.1836507354053,-1974.6144616072527,-1280.489747823845,-1266.8544722960874,-2200.789445015331,1645.2170498442238,18
65,2.596121406555176,0.07030698925389103,0.013266658782958985,0.0010778812843870846,GradientBoostingRegressor(random_state=42),,,500.0,0.25,"{'regressor': GradientBoostingRegressor(random_state=42), 'regressor__learning_rate': 0.25, 'regressor__n_estimators': 500}",-5419.711099330906,-1077.2755300470737,-1978.9806991842524,-1278.281955211226,-1265.606994371786,-2203.9712556290488,1636.9773925511986,19
66,5.0634736061096195,0.13395400341279393,0.016849851608276366,0.0010814807149187634,GradientBoostingRegressor(random_state=42),,,1000.0,0.25,"{'regressor': GradientBoostingRegressor(random_state=42), 'regressor__learning_rate': 0.25, 'regressor__n_estimators': 1000}",-5419.45655796806,-1073.8660640800838,-1982.2913376797371,-1280.579701932606,-1268.647209055853,-2204.968174143268,1636.649230828005,20
63,0.5325334548950196,0.012146106151618022,0.011108875274658203,0.0010255087675497415,GradientBoostingRegressor(random_state=42),,,100.0,0.25,"{'regressor': GradientBoostingRegressor(random_state=42), 'regressor__learning_rate': 0.25, 'regressor__n_estimators': 100}",-5489.429920649166,-1025.968250676837,-1992.915611746473,-1294.3731625494681,-1273.8681283745366,-2215.311014799296,1668.4299069256301,21
62,0.2840261936187744,0.006643229340002248,0.010857534408569337,0.0007000136178549837,GradientBoostingRegressor(random_state=42),,,50.0,0.25,"{'regressor': GradientBoostingRegressor(random_state=42), 'regressor__learning_rate': 0.25, 'regressor__n_estimators': 50}",-5628.488385639648,-1019.375732507401,-1937.4983678237982,-1347.626848795136,-1320.4397846555464,-2250.685823884306,1714.9130751120363,22
33,0.11755537986755371,0.0025639268395933742,0.015982627868652344,0.0007888876722702092,RandomForestRegressor(random_state=42),,10.0,10.0,,"{'regressor': RandomForestRegressor(random_state=42), 'regressor__max_depth': 10, 'regressor__n_estimators': 10}",-6166.861031321633,-1110.1805074181875,-1536.8029175188763,-1173.9073342807797,-1372.4800492277896,-2272.0463679534537,1953.2140369316046,23
111,0.15766477584838867,0.0032859232786382154,0.011969041824340821,0.000799583282197516,"XGBRegressor(base_score=None, booster=None, callbacks=None,
             colsample_bylevel=None, colsample_bynode=None,
             colsample_bytree=None, device=None, early_stopping_rounds=None,
             enable_categorical=False, eval_metric=None, feature_types=None,
             feature_weights=None, gamma=None, grow_policy=None,
             importance_type=None, interaction_constraints=None,
             learning_rate=None, max_bin=None, max_cat_threshold=None,
             max_cat_to_onehot=None, max_delta_step=None, max_depth=None,
             max_leaves=None, min_child_weight=None, missing=nan,
             monotone_constraints=None, multi_strategy=None, n_estimators=None,
             n_jobs=None, num_parallel_tree=None, ...)",,,50.0,0.25,"{'regressor': XGBRegressor(base_score=None, booster=None, callbacks=None,
             colsample_bylevel=None, colsample_bynode=None,
             colsample_bytree=None, device=None, early_stopping_rounds=None,
             enable_categorical=False, eval_metric=None, feature_types=None,
             feature_weights=None, gamma=None, grow_policy=None,
             importance_type=None, interaction_constraints=None,
             learning_rate=None, max_bin=None, max_cat_threshold=None,
             max_cat_to_onehot=None, max_delta_step=None, max_depth=None,
             max_leaves=None, min_child_weight=None, missing=nan,
             monotone_constraints=None, multi_strategy=None, n_estimators=None,
             n_jobs=None, num_parallel_tree=None, ...), 'regressor__learning_rate': 0.25, 'regressor__n_estimators': 50}",-6076.072265625,-1145.6636962890625,-1915.57666015625,-1135.668212890625,-1249.900634765625,-2304.5762939453125,1907.7351931812525,24
112,0.2860079288482666,0.0067773444059785,0.01289992332458496,0.0006884174596856784,"XGBRegressor(base_score=None, booster=None, callbacks=None,
             colsample_bylevel=None, colsample_bynode=None,
             colsample_bytree=None, device=None, early_stopping_rounds=None,
             enable_categorical=False, eval_metric=None, feature_types=None,
             feature_weights=None, gamma=None, grow_policy=None,
             importance_type=None, interaction_constraints=None,
             learning_rate=None, max_bin=None, max_cat_threshold=None,
             max_cat_to_onehot=None, max_delta_step=None, max_depth=None,
             max_leaves=None, min_child_weight=None, missing=nan,
             monotone_constraints=None, multi_strategy=None, n_estimators=None,
             n_jobs=None, num_parallel_tree=None, ...)",,,100.0,0.25,"{'regressor': XGBRegressor(base_score=None, booster=None, callbacks=None,
             colsample_bylevel=None, colsample_bynode=None,
             colsample_bytree=None, device=None, early_stopping_rounds=None,
             enable_categorical=False, eval_metric=None, feature_types=None,
             feature_weights=None, gamma=None, grow_policy=None,
             importance_type=None, interaction_constraints=None,
             learning_rate=None, max_bin=None, max_cat_threshold=None,
             max_cat_to_onehot=None, max_delta_step=None, max_depth=None,
             max_leaves=None, min_child_weight=None, missing=nan,
             monotone_constraints=None, multi_strategy=None, n_estimators=None,
             n_jobs=None, num_parallel_tree=None, ...), 'regressor__learning_rate': 0.25, 'regressor__n_estimators': 100}",-6073.59912109375,-1135.899169921875,-1915.3582763671875,-1135.18310546875,-1267.802734375,-2305.5684814453125,1906.0537703794425,25
113,0.6604244709014893,0.016877771363125064,0.01430497169494629,0.0007083578101466165,"XGBRegressor(base_score=None, booster=None, callbacks=None,
             colsample_bylevel=None, colsample_bynode=None,
             colsample_bytree=None, device=None, early_stopping_rounds=None,
             enable_categorical=False, eval_metric=None, feature_types=None,
             feature_weights=None, gamma=None, grow_policy=None,
             importance_type=None, interaction_constraints=None,
             learning_rate=None, max_bin=None, max_cat_threshold=None,
             max_cat_to_onehot=None, max_delta_step=None, max_depth=None,
             max_leaves=None, min_child_weight=None, missing=nan,
             monotone_constraints=None, multi_strategy=None, n_estimators=None,
             n_jobs=None, num_parallel_tree=None, ...)",,,250.0,0.25,"{'regressor': XGBRegressor(base_score=None, booster=None, callbacks=None,
             colsample_bylevel=None, colsample_bynode=None,
             colsample_bytree=None, device=None, early_stopping_rounds=None,
             enable_categorical=False, eval_metric=None, feature_types=None,
             feature_weights=None, gamma=None, grow_policy=None,
             importance_type=None, interaction_constraints=None,
             learning_rate=None, max_bin=None, max_cat_threshold=None,
             max_cat_to_onehot=None, max_delta_step=None, max_depth=None,
             max_leaves=None, min_child_weight=None, missing=nan,
             monotone_constraints=None, multi_strategy=None, n_estimators=None,
             n_jobs=None, num_parallel_tree=None, ...), 'regressor__learning_rate': 0.25, 'regressor__n_estimators': 250}",-6073.61328125,-1133.5950927734375,-1932.6712646484375,-1141.2747802734375,-1267.0999755859375,-2309.65087890625,1904.97500780405,26
114,1.334378719329834,0.042317805819202595,0.018201541900634766,0.0009359547165392787,"XGBRegressor(base_score=None, booster=None, callbacks=None,
             colsample_bylevel=None, colsample_bynode=None,
             colsample_bytree=None, device=None, early_stopping_rounds=None,
             enable_categorical=False, eval_metric=None, feature_types=None,
             feature_weights=None, gamma=None, grow_policy=None,
             importance_type=None, interaction_constraints=None,
             learning_rate=None, max_bin=None, max_cat_threshold=None,
             max_cat_to_onehot=None, max_delta_step=None, max_depth=None,
             max_leaves=None, min_child_weight=None, missing=nan,
             monotone_constraints=None, multi_strategy=None, n_estimators=None,
             n_jobs=None, num_parallel_tree=None, ...)",,,500.0,0.25,"{'regressor': XGBRegressor(base_score=None, booster=None, callbacks=None,
             colsample_bylevel=None, colsample_bynode=None,
             colsample_bytree=None, device=None, early_stopping_rounds=None,
             enable_categorical=False, eval_metric=None, feature_types=None,
             feature_weights=None, gamma=None, grow_policy=None,
             importance_type=None, interaction_constraints=None,
             learning_rate=None, max_bin=None, max_cat_threshold=None,
             max_cat_to_onehot=None, max_delta_step=None, max_depth=None,
             max_leaves=None, min_child_weight=None, missing=nan,
             monotone_constraints=None, multi_strategy=None, n_estimators=None,
             n_jobs=None, num_parallel_tree=None, ...), 'regressor__learning_rate': 0.25, 'regressor__n_estimators': 500}",-6072.88916015625,-1133.939208984375,-1932.9320068359375,-1141.79443359375,-1267.748046875,-2309.8605712890626,1904.5013714475544,27
115,2.6144484519958495,0.12940658676321015,0.025156545639038085,0.0011242601580988476,"XGBRegressor(base_score=None, booster=None, callbacks=None,
             colsample_bylevel=None, colsample_bynode=None,
             colsample_bytree=None, device=None, early_stopping_rounds=None,
             enable_categorical=False, eval_metric=None, feature_types=None,
             feature_weights=None, gamma=None, grow_policy=None,
             importance_type=None, interaction_constraints=None,
             learning_rate=None, max_bin=None, max_cat_threshold=None,
             max_cat_to_onehot=None, max_delta_step=None, max_depth=None,
             max_leaves=None, min_child_weight=None, missing=nan,
             monotone_constraints=None, multi_strategy=None, n_estimators=None,
             n_jobs=None, num_parallel_tree=None, ...)",,,1000.0,0.25,"{'regressor': XGBRegressor(base_score=None, booster=None, callbacks=None,
             colsample_bylevel=None, colsample_bynode=None,
             colsample_bytree=None, device=None, early_stopping_rounds=None,
             enable_categorical=False, eval_metric=None, feature_types=None,
             feature_weights=None, gamma=None, grow_policy=None,
             importance_type=None, interaction_constraints=None,
             learning_rate=None, max_bin=None, max_cat_threshold=None,
             max_cat_to_onehot=None, max_delta_step=None, max_depth=None,
             max_leaves=None, min_child_weight=None, missing=nan,
             monotone_constraints=None, multi_strategy=None, n_estimators=None,
             n_jobs=None, num_parallel_tree=None, ...), 'regressor__learning_rate': 0.25, 'regressor__n_estimators': 1000}",-6072.89013671875,-1134.0306396484375,-1932.9332275390625,-1141.7977294921875,-1267.787353515625,-2309.8878173828125,1904.4857127729733,28
107,1.3527248859405518,0.04474545960073546,0.018130922317504884,0.0016456276423797733,"XGBRegressor(base_score=None, booster=None, callbacks=None,
             colsample_bylevel=None, colsample_bynode=None,
             colsample_bytree=None, device=None, early_stopping_rounds=None,
             enable_categorical=False, eval_metric=None, feature_types=None,
             feature_weights=None, gamma=None, grow_policy=None,
             importance_type=None, interaction_constraints=None,
             learning_rate=None, max_bin=None, max_cat_threshold=None,
             max_cat_to_onehot=None, max_delta_step=None, max_depth=None,
             max_leaves=None, min_child_weight=None, missing=nan,
             monotone_constraints=None, multi_strategy=None, n_estimators=None,
             n_jobs=None, num_parallel_tree=None, ...)",,,500.0,0.1,"{'regressor': XGBRegressor(base_score=None, booster=None, callbacks=None,
             colsample_bylevel=None, colsample_bynode=None,
             colsample_bytree=None, device=None, early_stopping_rounds=None,
             enable_categorical=False, eval_metric=None, feature_types=None,
             feature_weights=None, gamma=None, grow_policy=None,
             importance_type=None, interaction_constraints=None,
             learning_rate=None, max_bin=None, max_cat_threshold=None,
             max_cat_to_onehot=None, max_delta_step=None, max_depth=None,
             max_leaves=None, min_child_weight=None, missing=nan,
             monotone_constraints=None, multi_strategy=None, n_estimators=None,
             n_jobs=None, num_parallel_tree=None, ...), 'regressor__learning_rate': 0.1, 'regressor__n_estimators': 500}",-6043.34375,-1265.24560546875,-1923.5069580078125,-1087.6097412109375,-1272.4208984375,-2318.425390625,1884.1017792471039,29
108,2.672128772735596,0.08183412716281961,0.02568216323852539,0.0008093092226942437,"XGBRegressor(base_score=None, booster=None, callbacks=None,
             colsample_bylevel=None, colsample_bynode=None,
             colsample_bytree=None, device=None, early_stopping_rounds=None,
             enable_categorical=False, eval_metric=None, feature_types=None,
             feature_weights=None, gamma=None, grow_policy=None,
             importance_type=None, interaction_constraints=None,
             learning_rate=None, max_bin=None, max_cat_threshold=None,
             max_cat_to_onehot=None, max_delta_step=None, max_depth=None,
             max_leaves=None, min_child_weight=None, missing=nan,
             monotone_constraints=None, multi_strategy=None, n_estimators=None,
             n_jobs=None, num_parallel_tree=None, ...)",,,1000.0,0.1,"{'regressor': XGBRegressor(base_score=None, booster=None, callbacks=None,
             colsample_bylevel=None, colsample_bynode=None,
             colsample_bytree=None, device=None, early_stopping_rounds=None,
             enable_categorical=False, eval_metric=None, feature_types=None,
             feature_weights=None, gamma=None, grow_policy=None,
             importance_type=None, interaction_constraints=None,
             learning_rate=None, max_bin=None, max_cat_threshold=None,
             max_cat_to_onehot=None, max_delta_step=None, max_depth=None,
             max_leaves=None, min_child_weight=None, missing=nan,
             monotone_constraints=None, multi_strategy=None, n_estimators=None,
             n_jobs=None, num_parallel_tree=None, ...), 'regressor__learning_rate': 0.1, 'regressor__n_estimators': 1000}",-6045.26123046875,-1263.181884765625,-1922.600341796875,-1088.3807373046875,-1273.189453125,-2318.5227294921874,1884.9429524476946,30
106,0.684358024597168,0.024279036280346066,0.01441659927368164,0.00037849595146978926,"XGBRegressor(base_score=None, booster=None, callbacks=None,
             colsample_bylevel=None, colsample_bynode=None,
             colsample_bytree=None, device=None, early_stopping_rounds=None,
             enable_categorical=False, eval_metric=None, feature_types=None,
             feature_weights=None, gamma=None, grow_policy=None,
             importance_type=None, interaction_constraints=None,
             learning_rate=None, max_bin=None, max_cat_threshold=None,
             max_cat_to_onehot=None, max_delta_step=None, max_depth=None,
             max_leaves=None, min_child_weight=None, missing=nan,
             monotone_constraints=None, multi_strategy=None, n_estimators=None,
             n_jobs=None, num_parallel_tree=None, ...)",,,250.0,0.1,"{'regressor': XGBRegressor(base_score=None, booster=None, callbacks=None,
             colsample_bylevel=None, colsample_bynode=None,
             colsample_bytree=None, device=None, early_stopping_rounds=None,
             enable_categorical=False, eval_metric=None, feature_types=None,
             feature_weights=None, gamma=None, grow_policy=None,
             importance_type=None, interaction_constraints=None,
             learning_rate=None, max_bin=None, max_cat_threshold=None,
             max_cat_to_onehot=None, max_delta_step=None, max_depth=None,
             max_leaves=None, min_child_weight=None, missing=nan,
             monotone_constraints=None, multi_strategy=None, n_estimators=None,
             n_jobs=None, num_parallel_tree=None, ...), 'regressor__learning_rate': 0.1, 'regressor__n_estimators': 250}",-6039.97265625,-1269.7900390625,-1927.380859375,-1081.0435791015625,-1275.285400390625,-2318.6945068359373,1882.6428445589768,31
51,2.5038269996643066,0.08794028526334229,0.013274049758911133,0.0005067712747029258,GradientBoostingRegressor(random_state=42),,,500.0,0.01,"{'regressor': GradientBoostingRegressor(random_state=42), 'regressor__learning_rate': 0.01, 'regressor__n_estimators': 500}",-6517.261823242725,-1008.8732841950622,-1504.6222641390218,-1195.411589836698,-1382.029719488481,-2321.6397361803974,2104.536757845243,32
101,2.767889213562012,0.10040473903492068,0.024892234802246095,0.0006161259143284857,"XGBRegressor(base_score=None, booster=None, callbacks=None,
             colsample_bylevel=None, colsample_bynode=None,
             colsample_bytree=None, device=None, early_stopping_rounds=None,
             enable_categorical=False, eval_metric=None, feature_types=None,
             feature_weights=None, gamma=None, grow_policy=None,
             importance_type=None, interaction_constraints=None,
             learning_rate=None, max_bin=None, max_cat_threshold=None,
             max_cat_to_onehot=None, max_delta_step=None, max_depth=None,
             max_leaves=None, min_child_weight=None, missing=nan,
             monotone_constraints=None, multi_strategy=None, n_estimators=None,
             n_jobs=None, num_parallel_tree=None, ...)",,,1000.0,0.01,"{'regressor': XGBRegressor(base_score=None, booster=None, callbacks=None,
             colsample_bylevel=None, colsample_bynode=None,
             colsample_bytree=None, device=None, early_stopping_rounds=None,
             enable_categorical=False, eval_metric=None, feature_types=None,
             feature_weights=None, gamma=None, grow_policy=None,
             importance_type=None, interaction_constraints=None,
             learning_rate=None, max_bin=None, max_cat_threshold=None,
             max_cat_to_onehot=None, max_delta_step=None, max_depth=None,
             max_leaves=None, min_child_weight=None, missing=nan,
             monotone_constraints=None, multi_strategy=None, n_estimators=None,
             n_jobs=None, num_parallel_tree=None, ...), 'regressor__learning_rate': 0.01, 'regressor__n_estimators': 1000}",-6086.69970703125,-1260.5860595703125,-1934.476806640625,-1091.2623291015625,-1254.068603515625,-2325.418701171875,1902.8858035640587,33
105,0.29713940620422363,0.009505128342700186,0.013068866729736329,0.0010448234058894603,"XGBRegressor(base_score=None, booster=None, callbacks=None,
             colsample_bylevel=None, colsample_bynode=None,
             colsample_bytree=None, device=None, early_stopping_rounds=None,
             enable_categorical=False, eval_metric=None, feature_types=None,
             feature_weights=None, gamma=None, grow_policy=None,
             importance_type=None, interaction_constraints=None,
             learning_rate=None, max_bin=None, max_cat_threshold=None,
             max_cat_to_onehot=None, max_delta_step=None, max_depth=None,
             max_leaves=None, min_child_weight=None, missing=nan,
             monotone_constraints=None, multi_strategy=None, n_estimators=None,
             n_jobs=None, num_parallel_tree=None, ...)",,,100.0,0.1,"{'regressor': XGBRegressor(base_score=None, booster=None, callbacks=None,
             colsample_bylevel=None, colsample_bynode=None,
             colsample_bytree=None, device=None, early_stopping_rounds=None,
             enable_categorical=False, eval_metric=None, feature_types=None,
             feature_weights=None, gamma=None, grow_policy=None,
             importance_type=None, interaction_constraints=None,
             learning_rate=None, max_bin=None, max_cat_threshold=None,
             max_cat_to_onehot=None, max_delta_step=None, max_depth=None,
             max_leaves=None, min_child_weight=None, missing=nan,
             monotone_constraints=None, multi_strategy=None, n_estimators=None,
             n_jobs=None, num_parallel_tree=None, ...), 'regressor__learning_rate': 0.1, 'regressor__n_estimators': 100}",-6064.57373046875,-1293.638427734375,-1925.0947265625,-1090.757568359375,-1276.933349609375,-2330.199560546875,1888.369959126394,34
55,0.2732995986938477,0.0070285707907833585,0.011163568496704102,0.0005240747461875137,GradientBoostingRegressor(random_state=42),,,50.0,0.1,"{'regressor': GradientBoostingRegressor(random_state=42), 'regressor__learning_rate': 0.1, 'regressor__n_estimators': 50}",-6476.421536827827,-985.8251745764128,-1529.273705036187,-1284.4920644687081,-1378.7802434108116,-2330.9585448639896,2080.3211961791794,35
31,7.357505750656128,0.12109183442587523,0.35853824615478513,0.004870852272315819,RandomForestRegressor(random_state=42),,5.0,1000.0,,"{'regressor': RandomForestRegressor(random_state=42), 'regressor__max_depth': 5, 'regressor__n_estimators': 1000}",-6426.117855503794,-1405.7383569352878,-1520.6403397625531,-1189.17552730592,-1364.127144151431,-2381.1598447317974,2025.2806389848913,36
30,3.7577579021453857,0.2355707381346327,0.16788487434387206,0.01104475558043708,RandomForestRegressor(random_state=42),,5.0,500.0,,"{'regressor': RandomForestRegressor(random_state=42), 'regressor__max_depth': 5, 'regressor__n_estimators': 500}",-6451.128049177538,-1403.1898035287154,-1515.9276654070152,-1194.195943061185,-1377.582753220039,-2388.4048428788983,2033.9853068945567,37
28,0.8376026153564453,0.059814646901743096,0.05565743446350098,0.013655342504672895,RandomForestRegressor(random_state=42),,5.0,100.0,,"{'regressor': RandomForestRegressor(random_state=42), 'regressor__max_depth': 5, 'regressor__n_estimators': 100}",-6395.038142107828,-1394.483537086828,-1557.6322350948521,-1224.0602571489128,-1403.8446703779807,-2395.0117683632807,2002.7986355454614,38
29,1.938593864440918,0.11545302378649765,0.10131945610046386,0.0050418233943413035,RandomForestRegressor(random_state=42),,5.0,250.0,,"{'regressor': RandomForestRegressor(random_state=42), 'regressor__max_depth': 5, 'regressor__n_estimators': 250}",-6430.105007335048,-1420.4596374694795,-1528.761672966602,-1204.6350379699181,-1392.6817285051568,-2395.3286168492405,2020.0881316367975,39
27,0.43296141624450685,0.044661042973469275,0.03791465759277344,0.009293550518488227,RandomForestRegressor(random_state=42),,5.0,50.0,,"{'regressor': RandomForestRegressor(random_state=42), 'regressor__max_depth': 5, 'regressor__n_estimators': 50}",-6448.839580981248,-1410.8685011125554,-1545.594571253354,-1227.3799956513637,-1396.3859575012043,-2405.813721299945,2024.035648668574,40
26,0.08859992027282715,0.0005085492771159516,0.015240764617919922,0.0013351120314847714,RandomForestRegressor(random_state=42),,5.0,10.0,,"{'regressor': RandomForestRegressor(random_state=42), 'regressor__max_depth': 5, 'regressor__n_estimators': 10}",-6504.793553706412,-1303.7210971203428,-1533.9627375796506,-1301.702332482884,-1503.8707170042442,-2429.6100875787065,2039.906849012141,41
104,0.16425590515136718,0.007897944485844986,0.012143373489379883,0.0006723535144147788,"XGBRegressor(base_score=None, booster=None, callbacks=None,
             colsample_bylevel=None, colsample_bynode=None,
             colsample_bytree=None, device=None, early_stopping_rounds=None,
             enable_categorical=False, eval_metric=None, feature_types=None,
             feature_weights=None, gamma=None, grow_policy=None,
             importance_type=None, interaction_constraints=None,
             learning_rate=None, max_bin=None, max_cat_threshold=None,
             max_cat_to_onehot=None, max_delta_step=None, max_depth=None,
             max_leaves=None, min_child_weight=None, missing=nan,
             monotone_constraints=None, multi_strategy=None, n_estimators=None,
             n_jobs=None, num_parallel_tree=None, ...)",,,50.0,0.1,"{'regressor': XGBRegressor(base_score=None, booster=None, callbacks=None,
             colsample_bylevel=None, colsample_bynode=None,
             colsample_bytree=None, device=None, early_stopping_rounds=None,
             enable_categorical=False, eval_metric=None, feature_types=None,
             feature_weights=None, gamma=None, grow_policy=None,
             importance_type=None, interaction_constraints=None,
             learning_rate=None, max_bin=None, max_cat_threshold=None,
             max_cat_to_onehot=None, max_delta_step=None, max_depth=None,
             max_leaves=None, min_child_weight=None, missing=nan,
             monotone_constraints=None, multi_strategy=None, n_estimators=None,
             n_jobs=None, num_parallel_tree=None, ...), 'regressor__learning_rate': 0.1, 'regressor__n_estimators': 50}",-6388.20263671875,-1361.5206298828125,-1939.65869140625,-1144.8465576171875,-1374.7314453125,-2441.7919921875,1990.676604282504,42
100,1.3949316501617433,0.07736929311348797,0.017561006546020507,0.0013154453402691442,"XGBRegressor(base_score=None, booster=None, callbacks=None,
             colsample_bylevel=None, colsample_bynode=None,
             colsample_bytree=None, device=None, early_stopping_rounds=None,
             enable_categorical=False, eval_metric=None, feature_types=None,
             feature_weights=None, gamma=None, grow_policy=None,
             importance_type=None, interaction_constraints=None,
             learning_rate=None, max_bin=None, max_cat_threshold=None,
             max_cat_to_onehot=None, max_delta_step=None, max_depth=None,
             max_leaves=None, min_child_weight=None, missing=nan,
             monotone_constraints=None, multi_strategy=None, n_estimators=None,
             n_jobs=None, num_parallel_tree=None, ...)",,,500.0,0.01,"{'regressor': XGBRegressor(base_score=None, booster=None, callbacks=None,
             colsample_bylevel=None, colsample_bynode=None,
             colsample_bytree=None, device=None, early_stopping_rounds=None,
             enable_categorical=False, eval_metric=None, feature_types=None,
             feature_weights=None, gamma=None, grow_policy=None,
             importance_type=None, interaction_constraints=None,
             learning_rate=None, max_bin=None, max_cat_threshold=None,
             max_cat_to_onehot=None, max_delta_step=None, max_depth=None,
             max_leaves=None, min_child_weight=None, missing=nan,
             monotone_constraints=None, multi_strategy=None, n_estimators=None,
             n_jobs=None, num_parallel_tree=None, ...), 'regressor__learning_rate': 0.01, 'regressor__n_estimators': 500}",-6501.80078125,-1241.1710205078125,-1969.5880126953125,-1176.9715576171875,-1359.7784423828125,-2449.861962890625,2045.4015309802578,43
73,5.390312194824219,0.16404796976397262,0.016074562072753908,0.0010233082019073306,GradientBoostingRegressor(random_state=42),,,1000.0,0.5,"{'regressor': GradientBoostingRegressor(random_state=42), 'regressor__learning_rate': 0.5, 'regressor__n_estimators': 1000}",-5642.379657673525,-1288.4818843617359,-2347.8842571916766,-1425.0052065245775,-1570.8269036669387,-2454.9155818836907,1635.4986201066758,44
72,2.734707546234131,0.1759493434405599,0.013517093658447266,0.0005615072565494368,GradientBoostingRegressor(random_state=42),,,500.0,0.5,"{'regressor': GradientBoostingRegressor(random_state=42), 'regressor__learning_rate': 0.5, 'regressor__n_estimators': 500}",-5642.734388099276,-1288.509196065569,-2347.875560093894,-1424.7691413997386,-1570.9240222976828,-2454.9624615912317,1635.6523420138117,45
71,1.3199316024780274,0.027955324835094292,0.010925102233886718,0.001029031881994902,GradientBoostingRegressor(random_state=42),,,250.0,0.5,"{'regressor': GradientBoostingRegressor(random_state=42), 'regressor__learning_rate': 0.5, 'regressor__n_estimators': 250}",-5654.425048880181,-1290.1684469491568,-2351.220116773927,-1424.6088568417176,-1570.9933141266372,-2458.283156714324,1639.9416628359063,46
70,0.5267423152923584,0.009569491134463448,0.010930871963500977,0.0011576610809912193,GradientBoostingRegressor(random_state=42),,,100.0,0.5,"{'regressor': GradientBoostingRegressor(random_state=42), 'regressor__learning_rate': 0.5, 'regressor__n_estimators': 100}",-5717.148868918692,-1355.0295303381479,-2339.7412433816357,-1412.493658631045,-1568.1319414860618,-2478.5090485511164,1657.4333112545253,47
69,0.2708487033843994,0.006193794989246251,0.010805988311767578,0.0007062000909454027,GradientBoostingRegressor(random_state=42),,,50.0,0.5,"{'regressor': GradientBoostingRegressor(random_state=42), 'regressor__learning_rate': 0.5, 'regressor__n_estimators': 50}",-5790.539857128942,-1412.7845959395402,-2401.0303515965306,-1431.193609772639,-1567.4428425834506,-2520.5982514042203,1675.074529047632,48
119,0.2921886444091797,0.012086612954143396,0.01380000114440918,0.002071695977734754,"XGBRegressor(base_score=None, booster=None, callbacks=None,
             colsample_bylevel=None, colsample_bynode=None,
             colsample_bytree=None, device=None, early_stopping_rounds=None,
             enable_categorical=False, eval_metric=None, feature_types=None,
             feature_weights=None, gamma=None, grow_policy=None,
             importance_type=None, interaction_constraints=None,
             learning_rate=None, max_bin=None, max_cat_threshold=None,
             max_cat_to_onehot=None, max_delta_step=None, max_depth=None,
             max_leaves=None, min_child_weight=None, missing=nan,
             monotone_constraints=None, multi_strategy=None, n_estimators=None,
             n_jobs=None, num_parallel_tree=None, ...)",,,100.0,0.5,"{'regressor': XGBRegressor(base_score=None, booster=None, callbacks=None,
             colsample_bylevel=None, colsample_bynode=None,
             colsample_bytree=None, device=None, early_stopping_rounds=None,
             enable_categorical=False, eval_metric=None, feature_types=None,
             feature_weights=None, gamma=None, grow_policy=None,
             importance_type=None, interaction_constraints=None,
             learning_rate=None, max_bin=None, max_cat_threshold=None,
             max_cat_to_onehot=None, max_delta_step=None, max_depth=None,
             max_leaves=None, min_child_weight=None, missing=nan,
             monotone_constraints=None, multi_strategy=None, n_estimators=None,
             n_jobs=None, num_parallel_tree=None, ...), 'regressor__learning_rate': 0.5, 'regressor__n_estimators': 100}",-5952.63134765625,-1920.1080322265625,-2132.92822265625,-1239.2645263671875,-1389.8876953125,-2526.96396484375,1744.1242841795038,49
122,2.573209857940674,0.28121960263216056,0.024665975570678712,0.0005703685749375577,"XGBRegressor(base_score=None, booster=None, callbacks=None,
             colsample_bylevel=None, colsample_bynode=None,
             colsample_bytree=None, device=None, early_stopping_rounds=None,
             enable_categorical=False, eval_metric=None, feature_types=None,
             feature_weights=None, gamma=None, grow_policy=None,
             importance_type=None, interaction_constraints=None,
             learning_rate=None, max_bin=None, max_cat_threshold=None,
             max_cat_to_onehot=None, max_delta_step=None, max_depth=None,
             max_leaves=None, min_child_weight=None, missing=nan,
             monotone_constraints=None, multi_strategy=None, n_estimators=None,
             n_jobs=None, num_parallel_tree=None, ...)",,,1000.0,0.5,"{'regressor': XGBRegressor(base_score=None, booster=None, callbacks=None,
             colsample_bylevel=None, colsample_bynode=None,
             colsample_bytree=None, device=None, early_stopping_rounds=None,
             enable_categorical=False, eval_metric=None, feature_types=None,
             feature_weights=None, gamma=None, grow_policy=None,
             importance_type=None, interaction_constraints=None,
             learning_rate=None, max_bin=None, max_cat_threshold=None,
             max_cat_to_onehot=None, max_delta_step=None, max_depth=None,
             max_leaves=None, min_child_weight=None, missing=nan,
             monotone_constraints=None, multi_strategy=None, n_estimators=None,
             n_jobs=None, num_parallel_tree=None, ...), 'regressor__learning_rate': 0.5, 'regressor__n_estimators': 1000}",-5954.57275390625,-1918.18603515625,-2134.117431640625,-1240.285400390625,-1393.256103515625,-2528.083544921875,1744.3778233482217,50
121,1.326695442199707,0.0793341602375186,0.019195032119750977,0.0006779019049044118,"XGBRegressor(base_score=None, booster=None, callbacks=None,
             colsample_bylevel=None, colsample_bynode=None,
             colsample_bytree=None, device=None, early_stopping_rounds=None,
             enable_categorical=False, eval_metric=None, feature_types=None,
             feature_weights=None, gamma=None, grow_policy=None,
             importance_type=None, interaction_constraints=None,
             learning_rate=None, max_bin=None, max_cat_threshold=None,
             max_cat_to_onehot=None, max_delta_step=None, max_depth=None,
             max_leaves=None, min_child_weight=None, missing=nan,
             monotone_constraints=None, multi_strategy=None, n_estimators=None,
             n_jobs=None, num_parallel_tree=None, ...)",,,500.0,0.5,"{'regressor': XGBRegressor(base_score=None, booster=None, callbacks=None,
             colsample_bylevel=None, colsample_bynode=None,
             colsample_bytree=None, device=None, early_stopping_rounds=None,
             enable_categorical=False, eval_metric=None, feature_types=None,
             feature_weights=None, gamma=None, grow_policy=None,
             importance_type=None, interaction_constraints=None,
             learning_rate=None, max_bin=None, max_cat_threshold=None,
             max_cat_to_onehot=None, max_delta_step=None, max_depth=None,
             max_leaves=None, min_child_weight=None, missing=nan,
             monotone_constraints=None, multi_strategy=None, n_estimators=None,
             n_jobs=None, num_parallel_tree=None, ...), 'regressor__learning_rate': 0.5, 'regressor__n_estimators': 500}",-5954.57421875,-1918.18603515625,-2134.117431640625,-1240.285400390625,-1393.256103515625,-2528.083837890625,1744.3783988280595,51
120,0.6815920829772949,0.014695797796608057,0.01454176902770996,0.0009088618256915946,"XGBRegressor(base_score=None, booster=None, callbacks=None,
             colsample_bylevel=None, colsample_bynode=None,
             colsample_bytree=None, device=None, early_stopping_rounds=None,
             enable_categorical=False, eval_metric=None, feature_types=None,
             feature_weights=None, gamma=None, grow_policy=None,
             importance_type=None, interaction_constraints=None,
             learning_rate=None, max_bin=None, max_cat_threshold=None,
             max_cat_to_onehot=None, max_delta_step=None, max_depth=None,
             max_leaves=None, min_child_weight=None, missing=nan,
             monotone_constraints=None, multi_strategy=None, n_estimators=None,
             n_jobs=None, num_parallel_tree=None, ...)",,,250.0,0.5,"{'regressor': XGBRegressor(base_score=None, booster=None, callbacks=None,
             colsample_bylevel=None, colsample_bynode=None,
             colsample_bytree=None, device=None, early_stopping_rounds=None,
             enable_categorical=False, eval_metric=None, feature_types=None,
             feature_weights=None, gamma=None, grow_policy=None,
             importance_type=None, interaction_constraints=None,
             learning_rate=None, max_bin=None, max_cat_threshold=None,
             max_cat_to_onehot=None, max_delta_step=None, max_depth=None,
             max_leaves=None, min_child_weight=None, missing=nan,
             monotone_constraints=None, multi_strategy=None, n_estimators=None,
             n_jobs=None, num_parallel_tree=None, ...), 'regressor__learning_rate': 0.5, 'regressor__n_estimators': 250}",-5954.55322265625,-1918.1826171875,-2134.15185546875,-1240.282470703125,-1393.2574462890625,-2528.0855224609377,1744.3690923034228,52
118,0.15655312538146973,0.0026749736540179476,0.012215805053710938,0.0004203017938560697,"XGBRegressor(base_score=None, booster=None, callbacks=None,
             colsample_bylevel=None, colsample_bynode=None,
             colsample_bytree=None, device=None, early_stopping_rounds=None,
             enable_categorical=False, eval_metric=None, feature_types=None,
             feature_weights=None, gamma=None, grow_policy=None,
             importance_type=None, interaction_constraints=None,
             learning_rate=None, max_bin=None, max_cat_threshold=None,
             max_cat_to_onehot=None, max_delta_step=None, max_depth=None,
             max_leaves=None, min_child_weight=None, missing=nan,
             monotone_constraints=None, multi_strategy=None, n_estimators=None,
             n_jobs=None, num_parallel_tree=None, ...)",,,50.0,0.5,"{'regressor': XGBRegressor(base_score=None, booster=None, callbacks=None,
             colsample_bylevel=None, colsample_bynode=None,
             colsample_bytree=None, device=None, early_stopping_rounds=None,
             enable_categorical=False, eval_metric=None, feature_types=None,
             feature_weights=None, gamma=None, grow_policy=None,
             importance_type=None, interaction_constraints=None,
             learning_rate=None, max_bin=None, max_cat_threshold=None,
             max_cat_to_onehot=None, max_delta_step=None, max_depth=None,
             max_leaves=None, min_child_weight=None, missing=nan,
             monotone_constraints=None, multi_strategy=None, n_estimators=None,
             n_jobs=None, num_parallel_tree=None, ...), 'regressor__learning_rate': 0.5, 'regressor__n_estimators': 50}",-5956.3564453125,-1962.259521484375,-2118.48876953125,-1232.586669921875,-1384.315673828125,-2530.801416015625,1745.133802723661,53
124,0.0536989688873291,0.0023273150159790804,0.010917234420776366,0.0003626079129369828,"XGBRegressor(base_score=None, booster=None, callbacks=None,
             colsample_bylevel=None, colsample_bynode=None,
             colsample_bytree=None, device=None, early_stopping_rounds=None,
             enable_categorical=False, eval_metric=None, feature_types=None,
             feature_weights=None, gamma=None, grow_policy=None,
             importance_type=None, interaction_constraints=None,
             learning_rate=None, max_bin=None, max_cat_threshold=None,
             max_cat_to_onehot=None, max_delta_step=None, max_depth=None,
             max_leaves=None, min_child_weight=None, missing=nan,
             monotone_constraints=None, multi_strategy=None, n_estimators=None,
             n_jobs=None, num_parallel_tree=None, ...)",,,10.0,0.8,"{'regressor': XGBRegressor(base_score=None, booster=None, callbacks=None,
             colsample_bylevel=None, colsample_bynode=None,
             colsample_bytree=None, device=None, early_stopping_rounds=None,
             enable_categorical=False, eval_metric=None, feature_types=None,
             feature_weights=None, gamma=None, grow_policy=None,
             importance_type=None, interaction_constraints=None,
             learning_rate=None, max_bin=None, max_cat_threshold=None,
             max_cat_to_onehot=None, max_delta_step=None, max_depth=None,
             max_leaves=None, min_child_weight=None, missing=nan,
             monotone_constraints=None, multi_strategy=None, n_estimators=None,
             n_jobs=None, num_parallel_tree=None, ...), 'regressor__learning_rate': 0.8, 'regressor__n_estimators': 10}",-6031.76171875,-1343.0518798828125,-2299.814208984375,-1376.2154541015625,-1679.074462890625,-2545.983544921875,1776.4111096621616,54
125,0.1614063262939453,0.004496938764002678,0.011608409881591796,0.0005376636238929605,"XGBRegressor(base_score=None, booster=None, callbacks=None,
             colsample_bylevel=None, colsample_bynode=None,
             colsample_bytree=None, device=None, early_stopping_rounds=None,
             enable_categorical=False, eval_metric=None, feature_types=None,
             feature_weights=None, gamma=None, grow_policy=None,
             importance_type=None, interaction_constraints=None,
             learning_rate=None, max_bin=None, max_cat_threshold=None,
             max_cat_to_onehot=None, max_delta_step=None, max_depth=None,
             max_leaves=None, min_child_weight=None, missing=nan,
             monotone_constraints=None, multi_strategy=None, n_estimators=None,
             n_jobs=None, num_parallel_tree=None, ...)",,,50.0,0.8,"{'regressor': XGBRegressor(base_score=None, booster=None, callbacks=None,
             colsample_bylevel=None, colsample_bynode=None,
             colsample_bytree=None, device=None, early_stopping_rounds=None,
             enable_categorical=False, eval_metric=None, feature_types=None,
             feature_weights=None, gamma=None, grow_policy=None,
             importance_type=None, interaction_constraints=None,
             learning_rate=None, max_bin=None, max_cat_threshold=None,
             max_cat_to_onehot=None, max_delta_step=None, max_depth=None,
             max_leaves=None, min_child_weight=None, missing=nan,
             monotone_constraints=None, multi_strategy=None, n_estimators=None,
             n_jobs=None, num_parallel_tree=None, ...), 'regressor__learning_rate': 0.8, 'regressor__n_estimators': 50}",-6028.7685546875,-1265.31298828125,-2388.534423828125,-1354.866943359375,-1697.6407470703125,-2547.0247314453127,1785.1127452049118,55
126,0.29409189224243165,0.009967969578882721,0.013367557525634765,0.001405558248924334,"XGBRegressor(base_score=None, booster=None, callbacks=None,
             colsample_bylevel=None, colsample_bynode=None,
             colsample_bytree=None, device=None, early_stopping_rounds=None,
             enable_categorical=False, eval_metric=None, feature_types=None,
             feature_weights=None, gamma=None, grow_policy=None,
             importance_type=None, interaction_constraints=None,
             learning_rate=None, max_bin=None, max_cat_threshold=None,
             max_cat_to_onehot=None, max_delta_step=None, max_depth=None,
             max_leaves=None, min_child_weight=None, missing=nan,
             monotone_constraints=None, multi_strategy=None, n_estimators=None,
             n_jobs=None, num_parallel_tree=None, ...)",,,100.0,0.8,"{'regressor': XGBRegressor(base_score=None, booster=None, callbacks=None,
             colsample_bylevel=None, colsample_bynode=None,
             colsample_bytree=None, device=None, early_stopping_rounds=None,
             enable_categorical=False, eval_metric=None, feature_types=None,
             feature_weights=None, gamma=None, grow_policy=None,
             importance_type=None, interaction_constraints=None,
             learning_rate=None, max_bin=None, max_cat_threshold=None,
             max_cat_to_onehot=None, max_delta_step=None, max_depth=None,
             max_leaves=None, min_child_weight=None, missing=nan,
             monotone_constraints=None, multi_strategy=None, n_estimators=None,
             n_jobs=None, num_parallel_tree=None, ...), 'regressor__learning_rate': 0.8, 'regressor__n_estimators': 100}",-6034.1142578125,-1274.4295654296875,-2390.521484375,-1355.3201904296875,-1698.4500732421875,-2550.5671142578126,1785.71895935791,56
127,0.6615725517272949,0.054652508674861676,0.013787937164306641,0.002479467699520028,"XGBRegressor(base_score=None, booster=None, callbacks=None,
             colsample_bylevel=None, colsample_bynode=None,
             colsample_bytree=None, device=None, early_stopping_rounds=None,
             enable_categorical=False, eval_metric=None, feature_types=None,
             feature_weights=None, gamma=None, grow_policy=None,
             importance_type=None, interaction_constraints=None,
             learning_rate=None, max_bin=None, max_cat_threshold=None,
             max_cat_to_onehot=None, max_delta_step=None, max_depth=None,
             max_leaves=None, min_child_weight=None, missing=nan,
             monotone_constraints=None, multi_strategy=None, n_estimators=None,
             n_jobs=None, num_parallel_tree=None, ...)",,,250.0,0.8,"{'regressor': XGBRegressor(base_score=None, booster=None, callbacks=None,
             colsample_bylevel=None, colsample_bynode=None,
             colsample_bytree=None, device=None, early_stopping_rounds=None,
             enable_categorical=False, eval_metric=None, feature_types=None,
             feature_weights=None, gamma=None, grow_policy=None,
             importance_type=None, interaction_constraints=None,
             learning_rate=None, max_bin=None, max_cat_threshold=None,
             max_cat_to_onehot=None, max_delta_step=None, max_depth=None,
             max_leaves=None, min_child_weight=None, missing=nan,
             monotone_constraints=None, multi_strategy=None, n_estimators=None,
             n_jobs=None, num_parallel_tree=None, ...), 'regressor__learning_rate': 0.8, 'regressor__n_estimators': 250}",-6034.5146484375,-1274.4998779296875,-2391.108642578125,-1354.9580078125,-1698.274658203125,-2550.6711669921874,1785.9198486306757,57
128,1.4030044555664063,0.08126975722431252,0.018218183517456056,0.0005657990181887312,"XGBRegressor(base_score=None, booster=None, callbacks=None,
             colsample_bylevel=None, colsample_bynode=None,
             colsample_bytree=None, device=None, early_stopping_rounds=None,
             enable_categorical=False, eval_metric=None, feature_types=None,
             feature_weights=None, gamma=None, grow_policy=None,
             importance_type=None, interaction_constraints=None,
             learning_rate=None, max_bin=None, max_cat_threshold=None,
             max_cat_to_onehot=None, max_delta_step=None, max_depth=None,
             max_leaves=None, min_child_weight=None, missing=nan,
             monotone_constraints=None, multi_strategy=None, n_estimators=None,
             n_jobs=None, num_parallel_tree=None, ...)",,,500.0,0.8,"{'regressor': XGBRegressor(base_score=None, booster=None, callbacks=None,
             colsample_bylevel=None, colsample_bynode=None,
             colsample_bytree=None, device=None, early_stopping_rounds=None,
             enable_categorical=False, eval_metric=None, feature_types=None,
             feature_weights=None, gamma=None, grow_policy=None,
             importance_type=None, interaction_constraints=None,
             learning_rate=None, max_bin=None, max_cat_threshold=None,
             max_cat_to_onehot=None, max_delta_step=None, max_depth=None,
             max_leaves=None, min_child_weight=None, missing=nan,
             monotone_constraints=None, multi_strategy=None, n_estimators=None,
             n_jobs=None, num_parallel_tree=None, ...), 'regressor__learning_rate': 0.8, 'regressor__n_estimators': 500}",-6034.5146484375,-1274.4998779296875,-2391.108642578125,-1354.9580078125,-1698.274658203125,-2550.6711669921874,1785.9198486306757,57
129,2.8201865673065187,0.262785022126818,0.024327468872070313,0.002266640931980959,"XGBRegressor(base_score=None, booster=None, callbacks=None,
             colsample_bylevel=None, colsample_bynode=None,
             colsample_bytree=None, device=None, early_stopping_rounds=None,
             enable_categorical=False, eval_metric=None, feature_types=None,
             feature_weights=None, gamma=None, grow_policy=None,
             importance_type=None, interaction_constraints=None,
             learning_rate=None, max_bin=None, max_cat_threshold=None,
             max_cat_to_onehot=None, max_delta_step=None, max_depth=None,
             max_leaves=None, min_child_weight=None, missing=nan,
             monotone_constraints=None, multi_strategy=None, n_estimators=None,
             n_jobs=None, num_parallel_tree=None, ...)",,,1000.0,0.8,"{'regressor': XGBRegressor(base_score=None, booster=None, callbacks=None,
             colsample_bylevel=None, colsample_bynode=None,
             colsample_bytree=None, device=None, early_stopping_rounds=None,
             enable_categorical=False, eval_metric=None, feature_types=None,
             feature_weights=None, gamma=None, grow_policy=None,
             importance_type=None, interaction_constraints=None,
             learning_rate=None, max_bin=None, max_cat_threshold=None,
             max_cat_to_onehot=None, max_delta_step=None, max_depth=None,
             max_leaves=None, min_child_weight=None, missing=nan,
             monotone_constraints=None, multi_strategy=None, n_estimators=None,
             n_jobs=None, num_parallel_tree=None, ...), 'regressor__learning_rate': 0.8, 'regressor__n_estimators': 1000}",-6034.5146484375,-1274.4998779296875,-2391.108642578125,-1354.9580078125,-1698.274658203125,-2550.6711669921874,1785.9198486306757,57
10,0.022182416915893555,0.0009534413696937146,0.010483217239379884,0.0008128449118306111,DecisionTreeRegressor(random_state=42),,10.0,,,"{'regressor': DecisionTreeRegressor(random_state=42), 'regressor__max_depth': 10}",-5841.938894338813,-1378.6873396424446,-2321.2601780324676,-1383.1297803669581,-2123.7369700490076,-2609.7506324859382,1660.5175415083934,60
117,0.05356574058532715,0.0031932264650407246,0.011158561706542969,0.0005772795650699204,"XGBRegressor(base_score=None, booster=None, callbacks=None,
             colsample_bylevel=None, colsample_bynode=None,
             colsample_bytree=None, device=None, early_stopping_rounds=None,
             enable_categorical=False, eval_metric=None, feature_types=None,
             feature_weights=None, gamma=None, grow_policy=None,
             importance_type=None, interaction_constraints=None,
             learning_rate=None, max_bin=None, max_cat_threshold=None,
             max_cat_to_onehot=None, max_delta_step=None, max_depth=None,
             max_leaves=None, min_child_weight=None, missing=nan,
             monotone_constraints=None, multi_strategy=None, n_estimators=None,
             n_jobs=None, num_parallel_tree=None, ...)",,,10.0,0.5,"{'regressor': XGBRegressor(base_score=None, booster=None, callbacks=None,
             colsample_bylevel=None, colsample_bynode=None,
             colsample_bytree=None, device=None, early_stopping_rounds=None,
             enable_categorical=False, eval_metric=None, feature_types=None,
             feature_weights=None, gamma=None, grow_policy=None,
             importance_type=None, interaction_constraints=None,
             learning_rate=None, max_bin=None, max_cat_threshold=None,
             max_cat_to_onehot=None, max_delta_step=None, max_depth=None,
             max_leaves=None, min_child_weight=None, missing=nan,
             monotone_constraints=None, multi_strategy=None, n_estimators=None,
             n_jobs=None, num_parallel_tree=None, ...), 'regressor__learning_rate': 0.5, 'regressor__n_estimators': 10}",-6051.8388671875,-2185.987548828125,-2103.71875,-1342.760498046875,-1422.125244140625,-2621.286181640625,1749.209395811212,61
32,0.025372076034545898,0.0029231757993869976,0.012061500549316406,0.000715830168528744,RandomForestRegressor(random_state=42),,10.0,1.0,,"{'regressor': RandomForestRegressor(random_state=42), 'regressor__max_depth': 10, 'regressor__n_estimators': 1}",-5797.061102133041,-1453.4071187451727,-2395.5658850686737,-1635.8556181097658,-2085.80068782145,-2673.5380823756204,1596.5340151366715,62
68,0.06489348411560059,0.001402401972570117,0.01071181297302246,0.00040264236932536563,GradientBoostingRegressor(random_state=42),,,10.0,0.5,"{'regressor': GradientBoostingRegressor(random_state=42), 'regressor__learning_rate': 0.5, 'regressor__n_estimators': 10}",-6420.15400069044,-1596.3850856264314,-2413.801711314565,-1787.2733338889177,-1678.416966956493,-2779.2062196953693,1843.0819223663282,63
132,0.16291041374206544,0.0032769360727457875,0.011904525756835937,0.0004914853693867719,"XGBRegressor(base_score=None, booster=None, callbacks=None,
             colsample_bylevel=None, colsample_bynode=None,
             colsample_bytree=None, device=None, early_stopping_rounds=None,
             enable_categorical=False, eval_metric=None, feature_types=None,
             feature_weights=None, gamma=None, grow_policy=None,
             importance_type=None, interaction_constraints=None,
             learning_rate=None, max_bin=None, max_cat_threshold=None,
             max_cat_to_onehot=None, max_delta_step=None, max_depth=None,
             max_leaves=None, min_child_weight=None, missing=nan,
             monotone_constraints=None, multi_strategy=None, n_estimators=None,
             n_jobs=None, num_parallel_tree=None, ...)",,,50.0,1.0,"{'regressor': XGBRegressor(base_score=None, booster=None, callbacks=None,
             colsample_bylevel=None, colsample_bynode=None,
             colsample_bytree=None, device=None, early_stopping_rounds=None,
             enable_categorical=False, eval_metric=None, feature_types=None,
             feature_weights=None, gamma=None, grow_policy=None,
             importance_type=None, interaction_constraints=None,
             learning_rate=None, max_bin=None, max_cat_threshold=None,
             max_cat_to_onehot=None, max_delta_step=None, max_depth=None,
             max_leaves=None, min_child_weight=None, missing=nan,
             monotone_constraints=None, multi_strategy=None, n_estimators=None,
             n_jobs=None, num_parallel_tree=None, ...), 'regressor__learning_rate': 1, 'regressor__n_estimators': 50}",-5920.24951171875,-1635.2021484375,-2668.792236328125,-1499.7191162109375,-2256.947509765625,-2796.1821044921876,1618.3627547555564,64
136,1.878401756286621,0.31942882875941,0.01828775405883789,0.005913320048795856,"XGBRegressor(base_score=None, booster=None, callbacks=None,
             colsample_bylevel=None, colsample_bynode=None,
             colsample_bytree=None, device=None, early_stopping_rounds=None,
             enable_categorical=False, eval_metric=None, feature_types=None,
             feature_weights=None, gamma=None, grow_policy=None,
             importance_type=None, interaction_constraints=None,
             learning_rate=None, max_bin=None, max_cat_threshold=None,
             max_cat_to_onehot=None, max_delta_step=None, max_depth=None,
             max_leaves=None, min_child_weight=None, missing=nan,
             monotone_constraints=None, multi_strategy=None, n_estimators=None,
             n_jobs=None, num_parallel_tree=None, ...)",,,1000.0,1.0,"{'regressor': XGBRegressor(base_score=None, booster=None, callbacks=None,
             colsample_bylevel=None, colsample_bynode=None,
             colsample_bytree=None, device=None, early_stopping_rounds=None,
             enable_categorical=False, eval_metric=None, feature_types=None,
             feature_weights=None, gamma=None, grow_policy=None,
             importance_type=None, interaction_constraints=None,
             learning_rate=None, max_bin=None, max_cat_threshold=None,
             max_cat_to_onehot=None, max_delta_step=None, max_depth=None,
             max_leaves=None, min_child_weight=None, missing=nan,
             monotone_constraints=None, multi_strategy=None, n_estimators=None,
             n_jobs=None, num_parallel_tree=None, ...), 'regressor__learning_rate': 1, 'regressor__n_estimators': 1000}",-5922.70849609375,-1638.3211669921875,-2667.488525390625,-1500.43896484375,-2255.261962890625,-2796.8438232421877,1618.8831927874946,65
135,1.2490355014801025,0.14557764137508275,0.017544937133789063,0.0007778786547628959,"XGBRegressor(base_score=None, booster=None, callbacks=None,
             colsample_bylevel=None, colsample_bynode=None,
             colsample_bytree=None, device=None, early_stopping_rounds=None,
             enable_categorical=False, eval_metric=None, feature_types=None,
             feature_weights=None, gamma=None, grow_policy=None,
             importance_type=None, interaction_constraints=None,
             learning_rate=None, max_bin=None, max_cat_threshold=None,
             max_cat_to_onehot=None, max_delta_step=None, max_depth=None,
             max_leaves=None, min_child_weight=None, missing=nan,
             monotone_constraints=None, multi_strategy=None, n_estimators=None,
             n_jobs=None, num_parallel_tree=None, ...)",,,500.0,1.0,"{'regressor': XGBRegressor(base_score=None, booster=None, callbacks=None,
             colsample_bylevel=None, colsample_bynode=None,
             colsample_bytree=None, device=None, early_stopping_rounds=None,
             enable_categorical=False, eval_metric=None, feature_types=None,
             feature_weights=None, gamma=None, grow_policy=None,
             importance_type=None, interaction_constraints=None,
             learning_rate=None, max_bin=None, max_cat_threshold=None,
             max_cat_to_onehot=None, max_delta_step=None, max_depth=None,
             max_leaves=None, min_child_weight=None, missing=nan,
             monotone_constraints=None, multi_strategy=None, n_estimators=None,
             n_jobs=None, num_parallel_tree=None, ...), 'regressor__learning_rate': 1, 'regressor__n_estimators': 500}",-5922.70947265625,-1638.3211669921875,-2667.488525390625,-1500.43896484375,-2255.261962890625,-2796.8440185546874,1618.883569911954,66
134,0.6757210254669189,0.02573604071540721,0.015001487731933594,0.0007067532210315159,"XGBRegressor(base_score=None, booster=None, callbacks=None,
             colsample_bylevel=None, colsample_bynode=None,
             colsample_bytree=None, device=None, early_stopping_rounds=None,
             enable_categorical=False, eval_metric=None, feature_types=None,
             feature_weights=None, gamma=None, grow_policy=None,
             importance_type=None, interaction_constraints=None,
             learning_rate=None, max_bin=None, max_cat_threshold=None,
             max_cat_to_onehot=None, max_delta_step=None, max_depth=None,
             max_leaves=None, min_child_weight=None, missing=nan,
             monotone_constraints=None, multi_strategy=None, n_estimators=None,
             n_jobs=None, num_parallel_tree=None, ...)",,,250.0,1.0,"{'regressor': XGBRegressor(base_score=None, booster=None, callbacks=None,
             colsample_bylevel=None, colsample_bynode=None,
             colsample_bytree=None, device=None, early_stopping_rounds=None,
             enable_categorical=False, eval_metric=None, feature_types=None,
             feature_weights=None, gamma=None, grow_policy=None,
             importance_type=None, interaction_constraints=None,
             learning_rate=None, max_bin=None, max_cat_threshold=None,
             max_cat_to_onehot=None, max_delta_step=None, max_depth=None,
             max_leaves=None, min_child_weight=None, missing=nan,
             monotone_constraints=None, multi_strategy=None, n_estimators=None,
             n_jobs=None, num_parallel_tree=None, ...), 'regressor__learning_rate': 1, 'regressor__n_estimators': 250}",-5922.7099609375,-1638.3211669921875,-2667.488525390625,-1500.43896484375,-2255.261962890625,-2796.8441162109375,1618.8837584741862,67
133,0.3053405284881592,0.004697323581214161,0.013431406021118164,0.0007488434888165876,"XGBRegressor(base_score=None, booster=None, callbacks=None,
             colsample_bylevel=None, colsample_bynode=None,
             colsample_bytree=None, device=None, early_stopping_rounds=None,
             enable_categorical=False, eval_metric=None, feature_types=None,
             feature_weights=None, gamma=None, grow_policy=None,
             importance_type=None, interaction_constraints=None,
             learning_rate=None, max_bin=None, max_cat_threshold=None,
             max_cat_to_onehot=None, max_delta_step=None, max_depth=None,
             max_leaves=None, min_child_weight=None, missing=nan,
             monotone_constraints=None, multi_strategy=None, n_estimators=None,
             n_jobs=None, num_parallel_tree=None, ...)",,,100.0,1.0,"{'regressor': XGBRegressor(base_score=None, booster=None, callbacks=None,
             colsample_bylevel=None, colsample_bynode=None,
             colsample_bytree=None, device=None, early_stopping_rounds=None,
             enable_categorical=False, eval_metric=None, feature_types=None,
             feature_weights=None, gamma=None, grow_policy=None,
             importance_type=None, interaction_constraints=None,
             learning_rate=None, max_bin=None, max_cat_threshold=None,
             max_cat_to_onehot=None, max_delta_step=None, max_depth=None,
             max_leaves=None, min_child_weight=None, missing=nan,
             monotone_constraints=None, multi_strategy=None, n_estimators=None,
             n_jobs=None, num_parallel_tree=None, ...), 'regressor__learning_rate': 1, 'regressor__n_estimators': 100}",-5922.69482421875,-1638.3388671875,-2667.55810546875,-1500.4586181640625,-2255.3017578125,-2796.8704345703127,1618.8684576187243,68
131,0.05048074722290039,0.002239166484158137,0.010905599594116211,0.0004999323818235947,"XGBRegressor(base_score=None, booster=None, callbacks=None,
             colsample_bylevel=None, colsample_bynode=None,
             colsample_bytree=None, device=None, early_stopping_rounds=None,
             enable_categorical=False, eval_metric=None, feature_types=None,
             feature_weights=None, gamma=None, grow_policy=None,
             importance_type=None, interaction_constraints=None,
             learning_rate=None, max_bin=None, max_cat_threshold=None,
             max_cat_to_onehot=None, max_delta_step=None, max_depth=None,
             max_leaves=None, min_child_weight=None, missing=nan,
             monotone_constraints=None, multi_strategy=None, n_estimators=None,
             n_jobs=None, num_parallel_tree=None, ...)",,,10.0,1.0,"{'regressor': XGBRegressor(base_score=None, booster=None, callbacks=None,
             colsample_bylevel=None, colsample_bynode=None,
             colsample_bytree=None, device=None, early_stopping_rounds=None,
             enable_categorical=False, eval_metric=None, feature_types=None,
             feature_weights=None, gamma=None, grow_policy=None,
             importance_type=None, interaction_constraints=None,
             learning_rate=None, max_bin=None, max_cat_threshold=None,
             max_cat_to_onehot=None, max_delta_step=None, max_depth=None,
             max_leaves=None, min_child_weight=None, missing=nan,
             monotone_constraints=None, multi_strategy=None, n_estimators=None,
             n_jobs=None, num_parallel_tree=None, ...), 'regressor__learning_rate': 1, 'regressor__n_estimators': 10}",-5888.78466796875,-1657.2562255859375,-2684.520263671875,-1490.746826171875,-2275.022705078125,-2799.2661376953124,1603.0927589591581,69
25,0.022078752517700195,0.0017213187179610917,0.013586187362670898,0.0009705325057000091,RandomForestRegressor(random_state=42),,5.0,1.0,,"{'regressor': RandomForestRegressor(random_state=42), 'regressor__max_depth': 5, 'regressor__n_estimators': 1}",-5819.788325000094,-1893.8564064996115,-2363.993153839556,-2041.6398296117982,-2043.5725885255633,-2832.5700606953246,1501.4864796154577,70
9,0.020823049545288085,0.0021607770749076226,0.01298518180847168,0.0020948868826994984,DecisionTreeRegressor(random_state=42),,5.0,,,"{'regressor': DecisionTreeRegressor(random_state=42), 'regressor__max_depth': 5}",-6610.016706911174,-2221.155332501781,-2195.6179325273442,-1783.4589924886586,-1728.490001590112,-2907.7477932038137,1862.2570983330409,71
80,5.507323408126831,0.23089380344554478,0.015289545059204102,0.0010415377995458314,GradientBoostingRegressor(random_state=42),,,1000.0,0.8,"{'regressor': GradientBoostingRegressor(random_state=42), 'regressor__learning_rate': 0.8, 'regressor__n_estimators': 1000}",-6243.3462710853255,-1717.1277380687727,-3335.4376569163624,-1594.9043354825822,-1754.1954641725401,-2929.0022931451167,1776.4399281886133,72
79,2.64486083984375,0.08276867138618885,0.015141916275024415,0.0018482382045731827,GradientBoostingRegressor(random_state=42),,,500.0,0.8,"{'regressor': GradientBoostingRegressor(random_state=42), 'regressor__learning_rate': 0.8, 'regressor__n_estimators': 500}",-6243.442991075958,-1717.1360085065621,-3335.4233993092103,-1594.8971618376554,-1754.2093684947065,-2929.0217858448186,1776.4734764566185,73
78,1.378359079360962,0.05362282561173187,0.011709833145141601,0.0006147091551116151,GradientBoostingRegressor(random_state=42),,,250.0,0.8,"{'regressor': GradientBoostingRegressor(random_state=42), 'regressor__learning_rate': 0.8, 'regressor__n_estimators': 250}",-6244.240562722954,-1716.3632438445584,-3336.3460404263137,-1594.5589859586557,-1754.5207213143146,-2929.2059108533595,1776.9284100252964,74
77,0.603227949142456,0.02180491261988866,0.012020730972290039,0.0023416458487364095,GradientBoostingRegressor(random_state=42),,,100.0,0.8,"{'regressor': GradientBoostingRegressor(random_state=42), 'regressor__learning_rate': 0.8, 'regressor__n_estimators': 100}",-6264.564491052123,-1740.0726273256223,-3330.4514316170007,-1600.4541638426626,-1745.909478521254,-2936.290438471733,1781.3014058113718,75
76,0.31223626136779786,0.022704959019245522,0.012674999237060548,0.0014708244727673957,GradientBoostingRegressor(random_state=42),,,50.0,0.8,"{'regressor': GradientBoostingRegressor(random_state=42), 'regressor__learning_rate': 0.8, 'regressor__n_estimators': 50}",-6318.968268521459,-1736.1410710788746,-3303.522892412047,-1567.40459218451,-1759.653870938174,-2937.138139027013,1804.2198292021908,76
84,0.6296539306640625,0.043315256224460745,0.015027427673339843,0.002279664503242953,GradientBoostingRegressor(random_state=42),,,100.0,1.0,"{'regressor': GradientBoostingRegressor(random_state=42), 'regressor__learning_rate': 1, 'regressor__n_estimators': 100}",-5633.824105103138,-1634.471642600019,-3834.6257481319653,-1905.6096543120727,-2253.1537836102016,-3052.3369867514793,1499.3379171948034,77
83,0.33144073486328124,0.02683354972915577,0.013683843612670898,0.0032113011560933984,GradientBoostingRegressor(random_state=42),,,50.0,1.0,"{'regressor': GradientBoostingRegressor(random_state=42), 'regressor__learning_rate': 1, 'regressor__n_estimators': 50}",-5722.06396963801,-1568.6722175515679,-3856.559584071328,-1864.2310754927325,-2255.0943872752714,-3053.324246805782,1550.655593091697,78
85,1.4784331798553467,0.017617730348372804,0.01245260238647461,0.0011077092937587392,GradientBoostingRegressor(random_state=42),,,250.0,1.0,"{'regressor': GradientBoostingRegressor(random_state=42), 'regressor__learning_rate': 1, 'regressor__n_estimators': 250}",-5603.770757532179,-1657.1781670773653,-3824.4906705217763,-1923.1140693439884,-2277.0416428330973,-3057.119061461681,1478.4192001230142,79
86,2.6370320320129395,0.05390990133220179,0.01429610252380371,0.0023601915300662086,GradientBoostingRegressor(random_state=42),,,500.0,1.0,"{'regressor': GradientBoostingRegressor(random_state=42), 'regressor__learning_rate': 1, 'regressor__n_estimators': 500}",-5603.226413864809,-1657.6578977538684,-3824.320753893925,-1924.0900442442596,-2277.164862129308,-3057.291994377234,1477.9604726069304,80
87,5.045502328872681,0.11364260389581235,0.014460372924804687,0.0023757470486006245,GradientBoostingRegressor(random_state=42),,,1000.0,1.0,"{'regressor': GradientBoostingRegressor(random_state=42), 'regressor__learning_rate': 1, 'regressor__n_estimators': 1000}",-5603.220441452343,-1657.6623316669366,-3824.322421196991,-1924.0992835757609,-2277.166179163441,-3057.2941314110944,1477.956192408006,81
82,0.07996659278869629,0.010777420734620565,0.013689327239990234,0.0030369611429201353,GradientBoostingRegressor(random_state=42),,,10.0,1.0,"{'regressor': GradientBoostingRegressor(random_state=42), 'regressor__learning_rate': 1, 'regressor__n_estimators': 10}",-5971.437825845942,-1467.5569029975693,-3668.149337679743,-1840.2697160136938,-2349.420738834688,-3059.366904274327,1635.5337780613468,82
75,0.07447476387023926,0.012507240534713705,0.012153196334838866,0.0014114301623307885,GradientBoostingRegressor(random_state=42),,,10.0,0.8,"{'regressor': GradientBoostingRegressor(random_state=42), 'regressor__learning_rate': 0.8, 'regressor__n_estimators': 10}",-6532.79952153986,-2716.8577474600274,-3508.8657455753446,-1705.557877927743,-1842.2874299111272,-3261.2736644828205,1760.3605031447921,83
61,0.06580395698547363,0.0014598352535660855,0.010034132003784179,0.0007290409049193112,GradientBoostingRegressor(random_state=42),,,10.0,0.25,"{'regressor': GradientBoostingRegressor(random_state=42), 'regressor__learning_rate': 0.25, 'regressor__n_estimators': 10}",-8148.7672095498465,-2190.107732194817,-2063.5404349173496,-2152.013526413399,-2197.211797773626,-3350.3281401698077,2399.6910929812043,84
110,0.05521516799926758,0.006085127466419113,0.01044163703918457,0.0013700253729502095,"XGBRegressor(base_score=None, booster=None, callbacks=None,
             colsample_bylevel=None, colsample_bynode=None,
             colsample_bytree=None, device=None, early_stopping_rounds=None,
             enable_categorical=False, eval_metric=None, feature_types=None,
             feature_weights=None, gamma=None, grow_policy=None,
             importance_type=None, interaction_constraints=None,
             learning_rate=None, max_bin=None, max_cat_threshold=None,
             max_cat_to_onehot=None, max_delta_step=None, max_depth=None,
             max_leaves=None, min_child_weight=None, missing=nan,
             monotone_constraints=None, multi_strategy=None, n_estimators=None,
             n_jobs=None, num_parallel_tree=None, ...)",,,10.0,0.25,"{'regressor': XGBRegressor(base_score=None, booster=None, callbacks=None,
             colsample_bylevel=None, colsample_bynode=None,
             colsample_bytree=None, device=None, early_stopping_rounds=None,
             enable_categorical=False, eval_metric=None, feature_types=None,
             feature_weights=None, gamma=None, grow_policy=None,
             importance_type=None, interaction_constraints=None,
             learning_rate=None, max_bin=None, max_cat_threshold=None,
             max_cat_to_onehot=None, max_delta_step=None, max_depth=None,
             max_leaves=None, min_child_weight=None, missing=nan,
             monotone_constraints=None, multi_strategy=None, n_estimators=None,
             n_jobs=None, num_parallel_tree=None, ...), 'regressor__learning_rate': 0.25, 'regressor__n_estimators': 10}",-8493.1416015625,-2168.5185546875,-2229.243896484375,-2519.060791015625,-2323.70263671875,-3546.73349609375,2476.0502453458976,85
50,1.3056869506835938,0.02336429812812516,0.011902093887329102,0.0008201959651962697,GradientBoostingRegressor(random_state=42),,,250.0,0.01,"{'regressor': GradientBoostingRegressor(random_state=42), 'regressor__learning_rate': 0.01, 'regressor__n_estimators': 250}",-9007.57759191093,-2752.359471724787,-1898.367333884127,-2833.9536384887438,-2664.676140981324,-3831.3868353979824,2609.593915511042,86
99,0.6377707958221436,0.035900884805786945,0.014260816574096679,0.0011180781597810016,"XGBRegressor(base_score=None, booster=None, callbacks=None,
             colsample_bylevel=None, colsample_bynode=None,
             colsample_bytree=None, device=None, early_stopping_rounds=None,
             enable_categorical=False, eval_metric=None, feature_types=None,
             feature_weights=None, gamma=None, grow_policy=None,
             importance_type=None, interaction_constraints=None,
             learning_rate=None, max_bin=None, max_cat_threshold=None,
             max_cat_to_onehot=None, max_delta_step=None, max_depth=None,
             max_leaves=None, min_child_weight=None, missing=nan,
             monotone_constraints=None, multi_strategy=None, n_estimators=None,
             n_jobs=None, num_parallel_tree=None, ...)",,,250.0,0.01,"{'regressor': XGBRegressor(base_score=None, booster=None, callbacks=None,
             colsample_bylevel=None, colsample_bynode=None,
             colsample_bytree=None, device=None, early_stopping_rounds=None,
             enable_categorical=False, eval_metric=None, feature_types=None,
             feature_weights=None, gamma=None, grow_policy=None,
             importance_type=None, interaction_constraints=None,
             learning_rate=None, max_bin=None, max_cat_threshold=None,
             max_cat_to_onehot=None, max_delta_step=None, max_depth=None,
             max_leaves=None, min_child_weight=None, missing=nan,
             monotone_constraints=None, multi_strategy=None, n_estimators=None,
             n_jobs=None, num_parallel_tree=None, ...), 'regressor__learning_rate': 0.01, 'regressor__n_estimators': 250}",-9202.978515625,-2421.324951171875,-2467.194580078125,-2963.895751953125,-2820.36376953125,-3975.151513671875,2622.0091232442724,87
130,0.027252817153930665,0.003255546668113612,0.013256025314331055,0.0022177933896910832,"XGBRegressor(base_score=None, booster=None, callbacks=None,
             colsample_bylevel=None, colsample_bynode=None,
             colsample_bytree=None, device=None, early_stopping_rounds=None,
             enable_categorical=False, eval_metric=None, feature_types=None,
             feature_weights=None, gamma=None, grow_policy=None,
             importance_type=None, interaction_constraints=None,
             learning_rate=None, max_bin=None, max_cat_threshold=None,
             max_cat_to_onehot=None, max_delta_step=None, max_depth=None,
             max_leaves=None, min_child_weight=None, missing=nan,
             monotone_constraints=None, multi_strategy=None, n_estimators=None,
             n_jobs=None, num_parallel_tree=None, ...)",,,1.0,1.0,"{'regressor': XGBRegressor(base_score=None, booster=None, callbacks=None,
             colsample_bylevel=None, colsample_bynode=None,
             colsample_bytree=None, device=None, early_stopping_rounds=None,
             enable_categorical=False, eval_metric=None, feature_types=None,
             feature_weights=None, gamma=None, grow_policy=None,
             importance_type=None, interaction_constraints=None,
             learning_rate=None, max_bin=None, max_cat_threshold=None,
             max_cat_to_onehot=None, max_delta_step=None, max_depth=None,
             max_leaves=None, min_child_weight=None, missing=nan,
             monotone_constraints=None, multi_strategy=None, n_estimators=None,
             n_jobs=None, num_parallel_tree=None, ...), 'regressor__learning_rate': 1, 'regressor__n_estimators': 1}",-9387.634765625,-4943.9951171875,-3292.042236328125,-3542.5634765625,-3324.563232421875,-4898.159765625,2325.981406684992,88
81,0.025364780426025392,0.0040860035594788135,0.012950325012207031,0.002042341329713478,GradientBoostingRegressor(random_state=42),,,1.0,1.0,"{'regressor': GradientBoostingRegressor(random_state=42), 'regressor__learning_rate': 1, 'regressor__n_estimators': 1}",-8587.887353318261,-5145.76857638242,-4957.869746392039,-3780.4563557307865,-4027.4740900055867,-5299.891224365819,1725.0726773014808,89
8,0.01976752281188965,0.0033325823884492556,0.013313674926757812,0.00283795989030398,DecisionTreeRegressor(random_state=42),,3.0,,,"{'regressor': DecisionTreeRegressor(random_state=42), 'regressor__max_depth': 3}",-8587.887353318278,-5145.768576382446,-4957.869746392037,-3780.4563557307865,-4027.4740900055863,-5299.891224365826,1725.0726773014867,90
24,5.607335996627808,0.11207083762725706,0.33353123664855955,0.0416779184501143,RandomForestRegressor(random_state=42),,2.0,1000.0,,"{'regressor': RandomForestRegressor(random_state=42), 'regressor__max_depth': 2, 'regressor__n_estimators': 1000}",-10455.09457961207,-5645.556037488348,-5717.770803806455,-5590.560392980578,-5138.870186869315,-6509.570400151354,1983.1301993737336,91
20,0.32962813377380373,0.01479882107790226,0.031658172607421875,0.0028414125983498837,RandomForestRegressor(random_state=42),,2.0,50.0,,"{'regressor': RandomForestRegressor(random_state=42), 'regressor__max_depth': 2, 'regressor__n_estimators': 50}",-10517.206249219236,-5607.236856152412,-5684.354512535218,-5583.644094516478,-5159.58375639055,-6510.405093762779,2011.7719633579702,92
21,0.6110713958740235,0.04004773158220503,0.04737448692321777,0.002312658526233173,RandomForestRegressor(random_state=42),,2.0,100.0,,"{'regressor': RandomForestRegressor(random_state=42), 'regressor__max_depth': 2, 'regressor__n_estimators': 100}",-10418.608779496282,-5632.933777796472,-5736.28547249868,-5590.143814752784,-5183.813451936223,-6512.357059296088,1962.1406831576896,93
23,2.829175329208374,0.16094290118450089,0.17711858749389647,0.012330386675862486,RandomForestRegressor(random_state=42),,2.0,500.0,,"{'regressor': RandomForestRegressor(random_state=42), 'regressor__max_depth': 2, 'regressor__n_estimators': 500}",-10439.985049280154,-5642.175904875828,-5750.502592181318,-5598.1079850856595,-5148.3820698577465,-6515.830720256141,1972.8212239421396,94
22,1.5473111152648926,0.1338573514387691,0.10997204780578614,0.010544024639269504,RandomForestRegressor(random_state=42),,2.0,250.0,,"{'regressor': RandomForestRegressor(random_state=42), 'regressor__max_depth': 2, 'regressor__n_estimators': 250}",-10499.259014420779,-5639.832723822629,-5727.572055683019,-5598.574588138232,-5151.683330358362,-6523.3843424846045,1997.9187578082601,95
19,0.07988576889038086,0.016943886236386808,0.01881403923034668,0.004053625179712896,RandomForestRegressor(random_state=42),,2.0,10.0,,"{'regressor': RandomForestRegressor(random_state=42), 'regressor__max_depth': 2, 'regressor__n_estimators': 10}",-10543.430309956058,-5725.514834955314,-5731.64908587687,-5599.3905735565795,-5185.793745005596,-6557.155709870084,2003.0686764757163,96
18,0.020188379287719726,0.0018148011387350467,0.011503648757934571,0.0012684085797476203,RandomForestRegressor(random_state=42),,2.0,1.0,,"{'regressor': RandomForestRegressor(random_state=42), 'regressor__max_depth': 2, 'regressor__n_estimators': 1}",-9415.789719901226,-5803.01759885378,-7211.986534062555,-6042.266652857942,-5525.291435808409,-6799.670388296782,1428.6429838808724,97
123,0.025072240829467775,0.0012644779736997757,0.011407184600830077,0.0004811538901408471,"XGBRegressor(base_score=None, booster=None, callbacks=None,
             colsample_bylevel=None, colsample_bynode=None,
             colsample_bytree=None, device=None, early_stopping_rounds=None,
             enable_categorical=False, eval_metric=None, feature_types=None,
             feature_weights=None, gamma=None, grow_policy=None,
             importance_type=None, interaction_constraints=None,
             learning_rate=None, max_bin=None, max_cat_threshold=None,
             max_cat_to_onehot=None, max_delta_step=None, max_depth=None,
             max_leaves=None, min_child_weight=None, missing=nan,
             monotone_constraints=None, multi_strategy=None, n_estimators=None,
             n_jobs=None, num_parallel_tree=None, ...)",,,1.0,0.8,"{'regressor': XGBRegressor(base_score=None, booster=None, callbacks=None,
             colsample_bylevel=None, colsample_bynode=None,
             colsample_bytree=None, device=None, early_stopping_rounds=None,
             enable_categorical=False, eval_metric=None, feature_types=None,
             feature_weights=None, gamma=None, grow_policy=None,
             importance_type=None, interaction_constraints=None,
             learning_rate=None, max_bin=None, max_cat_threshold=None,
             max_cat_to_onehot=None, max_delta_step=None, max_depth=None,
             max_leaves=None, min_child_weight=None, missing=nan,
             monotone_constraints=None, multi_strategy=None, n_estimators=None,
             n_jobs=None, num_parallel_tree=None, ...), 'regressor__learning_rate': 0.8, 'regressor__n_estimators': 1}",-13340.453125,-6530.61083984375,-4754.982421875,-8004.48095703125,-5410.54248046875,-7608.21396484375,3070.749485202685,98
74,0.02160983085632324,0.001996724261706949,0.013550233840942384,0.000864734206550926,GradientBoostingRegressor(random_state=42),,,1.0,0.8,"{'regressor': GradientBoostingRegressor(random_state=42), 'regressor__learning_rate': 0.8, 'regressor__n_estimators': 1}",-12829.15828868339,-8690.558539340644,-4493.622713774574,-7479.483146721337,-6272.3833505119865,-7953.041207806385,2804.8848100443356,99
54,0.06691265106201172,0.0016878539830027018,0.01051473617553711,0.0006463067975189705,GradientBoostingRegressor(random_state=42),,,10.0,0.1,"{'regressor': GradientBoostingRegressor(random_state=42), 'regressor__learning_rate': 0.1, 'regressor__n_estimators': 10}",-16348.946940277558,-10018.317399448511,-4904.81828553785,-11039.810785766387,-8315.587363372797,-10125.49615488062,3744.5973203309372,100
103,0.04620327949523926,0.0022658998143364785,0.011704969406127929,0.0003952814496741831,"XGBRegressor(base_score=None, booster=None, callbacks=None,
             colsample_bylevel=None, colsample_bynode=None,
             colsample_bytree=None, device=None, early_stopping_rounds=None,
             enable_categorical=False, eval_metric=None, feature_types=None,
             feature_weights=None, gamma=None, grow_policy=None,
             importance_type=None, interaction_constraints=None,
             learning_rate=None, max_bin=None, max_cat_threshold=None,
             max_cat_to_onehot=None, max_delta_step=None, max_depth=None,
             max_leaves=None, min_child_weight=None, missing=nan,
             monotone_constraints=None, multi_strategy=None, n_estimators=None,
             n_jobs=None, num_parallel_tree=None, ...)",,,10.0,0.1,"{'regressor': XGBRegressor(base_score=None, booster=None, callbacks=None,
             colsample_bylevel=None, colsample_bynode=None,
             colsample_bytree=None, device=None, early_stopping_rounds=None,
             enable_categorical=False, eval_metric=None, feature_types=None,
             feature_weights=None, gamma=None, grow_policy=None,
             importance_type=None, interaction_constraints=None,
             learning_rate=None, max_bin=None, max_cat_threshold=None,
             max_cat_to_onehot=None, max_delta_step=None, max_depth=None,
             max_leaves=None, min_child_weight=None, missing=nan,
             monotone_constraints=None, multi_strategy=None, n_estimators=None,
             n_jobs=None, num_parallel_tree=None, ...), 'regressor__learning_rate': 0.1, 'regressor__n_estimators': 10}",-16434.935546875,-9619.953125,-5689.2958984375,-11137.69140625,-8531.9423828125,-10282.763671875,3554.8490658095925,101
49,0.5380972385406494,0.006285055024630238,0.011006498336791992,0.0006368028692231265,GradientBoostingRegressor(random_state=42),,,100.0,0.01,"{'regressor': GradientBoostingRegressor(random_state=42), 'regressor__learning_rate': 0.01, 'regressor__n_estimators': 100}",-16811.54838802215,-10433.907983401234,-5236.068942285204,-11445.605958487904,-8761.476602587609,-10537.72157495682,3780.436510123389,102
45,5.002753591537475,0.05551711193183524,0.016063165664672852,0.0005926447194828573,GradientBoostingRegressor(random_state=42),,,1000.0,0.001,"{'regressor': GradientBoostingRegressor(random_state=42), 'regressor__learning_rate': 0.001, 'regressor__n_estimators': 1000}",-16855.628240099828,-10474.484245129335,-5261.785143928011,-11485.127208106078,-8789.972443914485,-10573.399456235547,3786.8532772294902,103
98,0.24798736572265626,0.009946592210986134,0.012207126617431641,0.0011139828480455783,"XGBRegressor(base_score=None, booster=None, callbacks=None,
             colsample_bylevel=None, colsample_bynode=None,
             colsample_bytree=None, device=None, early_stopping_rounds=None,
             enable_categorical=False, eval_metric=None, feature_types=None,
             feature_weights=None, gamma=None, grow_policy=None,
             importance_type=None, interaction_constraints=None,
             learning_rate=None, max_bin=None, max_cat_threshold=None,
             max_cat_to_onehot=None, max_delta_step=None, max_depth=None,
             max_leaves=None, min_child_weight=None, missing=nan,
             monotone_constraints=None, multi_strategy=None, n_estimators=None,
             n_jobs=None, num_parallel_tree=None, ...)",,,100.0,0.01,"{'regressor': XGBRegressor(base_score=None, booster=None, callbacks=None,
             colsample_bylevel=None, colsample_bynode=None,
             colsample_bytree=None, device=None, early_stopping_rounds=None,
             enable_categorical=False, eval_metric=None, feature_types=None,
             feature_weights=None, gamma=None, grow_policy=None,
             importance_type=None, interaction_constraints=None,
             learning_rate=None, max_bin=None, max_cat_threshold=None,
             max_cat_to_onehot=None, max_delta_step=None, max_depth=None,
             max_leaves=None, min_child_weight=None, missing=nan,
             monotone_constraints=None, multi_strategy=None, n_estimators=None,
             n_jobs=None, num_parallel_tree=None, ...), 'regressor__learning_rate': 0.01, 'regressor__n_estimators': 100}",-16951.783203125,-9982.0244140625,-5884.97607421875,-11627.3486328125,-8928.939453125,-10675.01435546875,3654.5381952317107,104
94,2.234519386291504,0.07710268383851619,0.023060703277587892,0.0012776580452821336,"XGBRegressor(base_score=None, booster=None, callbacks=None,
             colsample_bylevel=None, colsample_bynode=None,
             colsample_bytree=None, device=None, early_stopping_rounds=None,
             enable_categorical=False, eval_metric=None, feature_types=None,
             feature_weights=None, gamma=None, grow_policy=None,
             importance_type=None, interaction_constraints=None,
             learning_rate=None, max_bin=None, max_cat_threshold=None,
             max_cat_to_onehot=None, max_delta_step=None, max_depth=None,
             max_leaves=None, min_child_weight=None, missing=nan,
             monotone_constraints=None, multi_strategy=None, n_estimators=None,
             n_jobs=None, num_parallel_tree=None, ...)",,,1000.0,0.001,"{'regressor': XGBRegressor(base_score=None, booster=None, callbacks=None,
             colsample_bylevel=None, colsample_bynode=None,
             colsample_bytree=None, device=None, early_stopping_rounds=None,
             enable_categorical=False, eval_metric=None, feature_types=None,
             feature_weights=None, gamma=None, grow_policy=None,
             importance_type=None, interaction_constraints=None,
             learning_rate=None, max_bin=None, max_cat_threshold=None,
             max_cat_to_onehot=None, max_delta_step=None, max_depth=None,
             max_leaves=None, min_child_weight=None, missing=nan,
             monotone_constraints=None, multi_strategy=None, n_estimators=None,
             n_jobs=None, num_parallel_tree=None, ...), 'regressor__learning_rate': 0.001, 'regressor__n_estimators': 1000}",-16989.984375,-10015.123046875,-5922.61376953125,-11668.236328125,-8972.8564453125,-10713.76279296875,3654.4750224070867,105
12,0.08592004776000976,0.009377047414016008,0.020026636123657227,0.00358047072259257,RandomForestRegressor(random_state=42),,1.0,10.0,,"{'regressor': RandomForestRegressor(random_state=42), 'regressor__max_depth': 1, 'regressor__n_estimators': 10}",-12703.504644194216,-5162.0136968721245,-10709.850341983109,-13838.25849704179,-11944.79919734693,-10871.685275487634,3030.9811101044875,106
16,2.631415319442749,0.15510919106783086,0.18824410438537598,0.01224792874515923,RandomForestRegressor(random_state=42),,1.0,500.0,,"{'regressor': RandomForestRegressor(random_state=42), 'regressor__max_depth': 1, 'regressor__n_estimators': 500}",-12891.891715325246,-5122.365746877808,-10718.933880737057,-13750.114709801666,-11907.82581959262,-10878.226374466878,3050.1793847509434,107
17,5.000407409667969,0.2125411948262299,0.3703596591949463,0.025301844730443643,RandomForestRegressor(random_state=42),,1.0,1000.0,,"{'regressor': RandomForestRegressor(random_state=42), 'regressor__max_depth': 1, 'regressor__n_estimators': 1000}",-12929.679960414076,-5105.169015001104,-10703.32073854623,-13783.414676831051,-11908.792517539669,-10886.075381666426,3068.1956484333205,108
15,1.4044666767120362,0.0662070151695878,0.10634193420410157,0.011913127529955523,RandomForestRegressor(random_state=42),,1.0,250.0,,"{'regressor': RandomForestRegressor(random_state=42), 'regressor__max_depth': 1, 'regressor__n_estimators': 250}",-12963.587304258437,-5130.559539298493,-10759.077778811838,-13727.370467210445,-11904.407246803497,-10897.00046727654,3051.8029934647884,109
13,0.27740678787231443,0.03891095819177367,0.034621477127075195,0.005604795407745002,RandomForestRegressor(random_state=42),,1.0,50.0,,"{'regressor': RandomForestRegressor(random_state=42), 'regressor__max_depth': 1, 'regressor__n_estimators': 50}",-12829.216429509548,-5185.6318100757535,-10829.906182260975,-13747.702358852332,-11919.816149178245,-10902.45458597537,3017.621466087794,110
14,0.5779261112213134,0.04636356891466562,0.04391202926635742,0.011037083131378791,RandomForestRegressor(random_state=42),,1.0,100.0,,"{'regressor': RandomForestRegressor(random_state=42), 'regressor__max_depth': 1, 'regressor__n_estimators': 100}",-12855.059595644441,-5127.729687517789,-10889.848311709362,-13750.59752028478,-11911.787148040275,-10907.00445263933,3042.7237726573,111
7,0.016086721420288087,0.0022876047135371963,0.01148223876953125,0.0010336121698712212,DecisionTreeRegressor(random_state=42),,1.0,,,"{'regressor': DecisionTreeRegressor(random_state=42), 'regressor__max_depth': 1}",-12396.648971790803,-4972.11027404748,-11882.949272788703,-14013.57356966145,-11998.80729380818,-11052.817876419324,3134.6762303799605,112
11,0.026459884643554688,0.0033956969644573756,0.015991926193237305,0.0014955526361536116,RandomForestRegressor(random_state=42),,1.0,1.0,,"{'regressor': RandomForestRegressor(random_state=42), 'regressor__max_depth': 1, 'regressor__n_estimators': 1}",-12213.777837932774,-5662.512075903828,-11448.835128208344,-13885.461624150601,-12109.803109895973,-11064.077955218303,2817.8186157912587,113
116,0.026102399826049803,0.0011072581900826793,0.011835575103759766,0.0013812185987699527,"XGBRegressor(base_score=None, booster=None, callbacks=None,
             colsample_bylevel=None, colsample_bynode=None,
             colsample_bytree=None, device=None, early_stopping_rounds=None,
             enable_categorical=False, eval_metric=None, feature_types=None,
             feature_weights=None, gamma=None, grow_policy=None,
             importance_type=None, interaction_constraints=None,
             learning_rate=None, max_bin=None, max_cat_threshold=None,
             max_cat_to_onehot=None, max_delta_step=None, max_depth=None,
             max_leaves=None, min_child_weight=None, missing=nan,
             monotone_constraints=None, multi_strategy=None, n_estimators=None,
             n_jobs=None, num_parallel_tree=None, ...)",,,1.0,0.5,"{'regressor': XGBRegressor(base_score=None, booster=None, callbacks=None,
             colsample_bylevel=None, colsample_bynode=None,
             colsample_bytree=None, device=None, early_stopping_rounds=None,
             enable_categorical=False, eval_metric=None, feature_types=None,
             feature_weights=None, gamma=None, grow_policy=None,
             importance_type=None, interaction_constraints=None,
             learning_rate=None, max_bin=None, max_cat_threshold=None,
             max_cat_to_onehot=None, max_delta_step=None, max_depth=None,
             max_leaves=None, min_child_weight=None, missing=nan,
             monotone_constraints=None, multi_strategy=None, n_estimators=None,
             n_jobs=None, num_parallel_tree=None, ...), 'regressor__learning_rate': 0.5, 'regressor__n_estimators': 1}",-20569.314453125,-13457.55859375,-7954.95751953125,-16073.7890625,-11636.8837890625,-13938.50068359375,4239.30848432787,114
67,0.0178072452545166,0.0013335457755302843,0.010241842269897461,0.0007899556223801096,GradientBoostingRegressor(random_state=42),,,1.0,0.5,"{'regressor': GradientBoostingRegressor(random_state=42), 'regressor__learning_rate': 0.5, 'regressor__n_estimators': 1}",-20321.70251805297,-15197.013183238543,-7014.079301794192,-15631.969477517398,-12135.63835390857,-14060.080566902334,4389.099489407664,115
48,0.2706141948699951,0.008770423911199766,0.010677719116210937,0.00041038046405319795,GradientBoostingRegressor(random_state=42),,,50.0,0.01,"{'regressor': GradientBoostingRegressor(random_state=42), 'regressor__learning_rate': 0.01, 'regressor__n_estimators': 50}",-23069.24223714554,-16865.12451331852,-8508.28538727055,-18475.097500304328,-13995.98467491041,-16182.746862589871,4833.707004977557,116
44,2.57624192237854,0.0628845686407184,0.013706493377685546,0.0007569722438121285,GradientBoostingRegressor(random_state=42),,,500.0,0.001,"{'regressor': GradientBoostingRegressor(random_state=42), 'regressor__learning_rate': 0.001, 'regressor__n_estimators': 500}",-23107.773049510743,-16881.62105182134,-8526.34253707222,-18506.322865635324,-14033.583375508522,-16211.12857590963,4838.983809553338,117
97,0.1374823570251465,0.007469227300128926,0.013677120208740234,0.0018410037806731447,"XGBRegressor(base_score=None, booster=None, callbacks=None,
             colsample_bylevel=None, colsample_bynode=None,
             colsample_bytree=None, device=None, early_stopping_rounds=None,
             enable_categorical=False, eval_metric=None, feature_types=None,
             feature_weights=None, gamma=None, grow_policy=None,
             importance_type=None, interaction_constraints=None,
             learning_rate=None, max_bin=None, max_cat_threshold=None,
             max_cat_to_onehot=None, max_delta_step=None, max_depth=None,
             max_leaves=None, min_child_weight=None, missing=nan,
             monotone_constraints=None, multi_strategy=None, n_estimators=None,
             n_jobs=None, num_parallel_tree=None, ...)",,,50.0,0.01,"{'regressor': XGBRegressor(base_score=None, booster=None, callbacks=None,
             colsample_bylevel=None, colsample_bynode=None,
             colsample_bytree=None, device=None, early_stopping_rounds=None,
             enable_categorical=False, eval_metric=None, feature_types=None,
             feature_weights=None, gamma=None, grow_policy=None,
             importance_type=None, interaction_constraints=None,
             learning_rate=None, max_bin=None, max_cat_threshold=None,
             max_cat_to_onehot=None, max_delta_step=None, max_depth=None,
             max_leaves=None, min_child_weight=None, missing=nan,
             monotone_constraints=None, multi_strategy=None, n_estimators=None,
             n_jobs=None, num_parallel_tree=None, ...), 'regressor__learning_rate': 0.01, 'regressor__n_estimators': 50}",-23219.171875,-16212.9521484375,-8989.818359375,-18708.828125,-14147.6357421875,-16255.68125,4727.506244507254,118
93,0.9429631710052491,0.08829375536904607,0.015700912475585936,0.0032523690903490266,"XGBRegressor(base_score=None, booster=None, callbacks=None,
             colsample_bylevel=None, colsample_bynode=None,
             colsample_bytree=None, device=None, early_stopping_rounds=None,
             enable_categorical=False, eval_metric=None, feature_types=None,
             feature_weights=None, gamma=None, grow_policy=None,
             importance_type=None, interaction_constraints=None,
             learning_rate=None, max_bin=None, max_cat_threshold=None,
             max_cat_to_onehot=None, max_delta_step=None, max_depth=None,
             max_leaves=None, min_child_weight=None, missing=nan,
             monotone_constraints=None, multi_strategy=None, n_estimators=None,
             n_jobs=None, num_parallel_tree=None, ...)",,,500.0,0.001,"{'regressor': XGBRegressor(base_score=None, booster=None, callbacks=None,
             colsample_bylevel=None, colsample_bynode=None,
             colsample_bytree=None, device=None, early_stopping_rounds=None,
             enable_categorical=False, eval_metric=None, feature_types=None,
             feature_weights=None, gamma=None, grow_policy=None,
             importance_type=None, interaction_constraints=None,
             learning_rate=None, max_bin=None, max_cat_threshold=None,
             max_cat_to_onehot=None, max_delta_step=None, max_depth=None,
             max_leaves=None, min_child_weight=None, missing=nan,
             monotone_constraints=None, multi_strategy=None, n_estimators=None,
             n_jobs=None, num_parallel_tree=None, ...), 'regressor__learning_rate': 0.001, 'regressor__n_estimators': 500}",-23248.419921875,-16251.3701171875,-9008.6689453125,-18738.69921875,-14179.962890625,-16285.42421875,4730.479083199201,119
109,0.025310659408569337,0.0006232293872414347,0.011910343170166015,0.0011203995903772133,"XGBRegressor(base_score=None, booster=None, callbacks=None,
             colsample_bylevel=None, colsample_bynode=None,
             colsample_bytree=None, device=None, early_stopping_rounds=None,
             enable_categorical=False, eval_metric=None, feature_types=None,
             feature_weights=None, gamma=None, grow_policy=None,
             importance_type=None, interaction_constraints=None,
             learning_rate=None, max_bin=None, max_cat_threshold=None,
             max_cat_to_onehot=None, max_delta_step=None, max_depth=None,
             max_leaves=None, min_child_weight=None, missing=nan,
             monotone_constraints=None, multi_strategy=None, n_estimators=None,
             n_jobs=None, num_parallel_tree=None, ...)",,,1.0,0.25,"{'regressor': XGBRegressor(base_score=None, booster=None, callbacks=None,
             colsample_bylevel=None, colsample_bynode=None,
             colsample_bytree=None, device=None, early_stopping_rounds=None,
             enable_categorical=False, eval_metric=None, feature_types=None,
             feature_weights=None, gamma=None, grow_policy=None,
             importance_type=None, interaction_constraints=None,
             learning_rate=None, max_bin=None, max_cat_threshold=None,
             max_cat_to_onehot=None, max_delta_step=None, max_depth=None,
             max_leaves=None, min_child_weight=None, missing=nan,
             monotone_constraints=None, multi_strategy=None, n_estimators=None,
             n_jobs=None, num_parallel_tree=None, ...), 'regressor__learning_rate': 0.25, 'regressor__n_estimators': 1}",-26991.517578125,-19959.27734375,-10875.185546875,-22968.2421875,-17207.939453125,-19600.432421875,5439.724399591383,120
60,0.018435144424438478,0.0008589647156374918,0.010242605209350586,0.0004845144358948863,GradientBoostingRegressor(random_state=42),,,1.0,0.25,"{'regressor': GradientBoostingRegressor(random_state=42), 'regressor__learning_rate': 0.25, 'regressor__n_estimators': 1}",-26883.92268701935,-20868.653815979113,-10295.082899382025,-22733.59294000292,-17445.909270724027,-19645.432322621484,5580.245255695152,121
43,1.3377485275268555,0.02618465021695567,0.01189126968383789,0.0007239737969073979,GradientBoostingRegressor(random_state=42),,,250.0,0.001,"{'regressor': GradientBoostingRegressor(random_state=42), 'regressor__learning_rate': 0.001, 'regressor__n_estimators': 250}",-27662.61875599538,-21316.67427715454,-10838.161252455753,-23527.60949135871,-17892.242068535976,-20247.461169100075,5673.960409766135,122
92,0.5548330783843994,0.026006994534530495,0.013906049728393554,0.0013505149262047495,"XGBRegressor(base_score=None, booster=None, callbacks=None,
             colsample_bylevel=None, colsample_bynode=None,
             colsample_bytree=None, device=None, early_stopping_rounds=None,
             enable_categorical=False, eval_metric=None, feature_types=None,
             feature_weights=None, gamma=None, grow_policy=None,
             importance_type=None, interaction_constraints=None,
             learning_rate=None, max_bin=None, max_cat_threshold=None,
             max_cat_to_onehot=None, max_delta_step=None, max_depth=None,
             max_leaves=None, min_child_weight=None, missing=nan,
             monotone_constraints=None, multi_strategy=None, n_estimators=None,
             n_jobs=None, num_parallel_tree=None, ...)",,,250.0,0.001,"{'regressor': XGBRegressor(base_score=None, booster=None, callbacks=None,
             colsample_bylevel=None, colsample_bynode=None,
             colsample_bytree=None, device=None, early_stopping_rounds=None,
             enable_categorical=False, eval_metric=None, feature_types=None,
             feature_weights=None, gamma=None, grow_policy=None,
             importance_type=None, interaction_constraints=None,
             learning_rate=None, max_bin=None, max_cat_threshold=None,
             max_cat_to_onehot=None, max_delta_step=None, max_depth=None,
             max_leaves=None, min_child_weight=None, missing=nan,
             monotone_constraints=None, multi_strategy=None, n_estimators=None,
             n_jobs=None, num_parallel_tree=None, ...), 'regressor__learning_rate': 0.001, 'regressor__n_estimators': 250}",-27753.06640625,-20701.6484375,-11163.4755859375,-23706.720703125,-17975.2578125,-20260.0337890625,5589.056886263333,123
102,0.026244974136352538,0.0009660598743755656,0.011210012435913085,0.00025909162766890354,"XGBRegressor(base_score=None, booster=None, callbacks=None,
             colsample_bylevel=None, colsample_bynode=None,
             colsample_bytree=None, device=None, early_stopping_rounds=None,
             enable_categorical=False, eval_metric=None, feature_types=None,
             feature_weights=None, gamma=None, grow_policy=None,
             importance_type=None, interaction_constraints=None,
             learning_rate=None, max_bin=None, max_cat_threshold=None,
             max_cat_to_onehot=None, max_delta_step=None, max_depth=None,
             max_leaves=None, min_child_weight=None, missing=nan,
             monotone_constraints=None, multi_strategy=None, n_estimators=None,
             n_jobs=None, num_parallel_tree=None, ...)",,,1.0,0.1,"{'regressor': XGBRegressor(base_score=None, booster=None, callbacks=None,
             colsample_bylevel=None, colsample_bynode=None,
             colsample_bytree=None, device=None, early_stopping_rounds=None,
             enable_categorical=False, eval_metric=None, feature_types=None,
             feature_weights=None, gamma=None, grow_policy=None,
             importance_type=None, interaction_constraints=None,
             learning_rate=None, max_bin=None, max_cat_threshold=None,
             max_cat_to_onehot=None, max_delta_step=None, max_depth=None,
             max_leaves=None, min_child_weight=None, missing=nan,
             monotone_constraints=None, multi_strategy=None, n_estimators=None,
             n_jobs=None, num_parallel_tree=None, ...), 'regressor__learning_rate': 0.1, 'regressor__n_estimators': 1}",-30918.548828125,-23941.427734375,-12667.58984375,-27126.5390625,-20592.60546875,-23049.3421875,6215.466212047536,124
53,0.019884872436523437,0.002096338410080463,0.010593700408935546,0.00047531044215225047,GradientBoostingRegressor(random_state=42),,,1.0,0.1,"{'regressor': GradientBoostingRegressor(random_state=42), 'regressor__learning_rate': 0.1, 'regressor__n_estimators': 1}",-30878.179074227195,-24309.93315965485,-12421.680551255069,-27030.848022251477,-20685.995079569748,-23065.327177391668,6281.138258592691,125
96,0.045459842681884764,0.003324864003849926,0.010913753509521484,0.0006584890949940677,"XGBRegressor(base_score=None, booster=None, callbacks=None,
             colsample_bylevel=None, colsample_bynode=None,
             colsample_bytree=None, device=None, early_stopping_rounds=None,
             enable_categorical=False, eval_metric=None, feature_types=None,
             feature_weights=None, gamma=None, grow_policy=None,
             importance_type=None, interaction_constraints=None,
             learning_rate=None, max_bin=None, max_cat_threshold=None,
             max_cat_to_onehot=None, max_delta_step=None, max_depth=None,
             max_leaves=None, min_child_weight=None, missing=nan,
             monotone_constraints=None, multi_strategy=None, n_estimators=None,
             n_jobs=None, num_parallel_tree=None, ...)",,,10.0,0.01,"{'regressor': XGBRegressor(base_score=None, booster=None, callbacks=None,
             colsample_bylevel=None, colsample_bynode=None,
             colsample_bytree=None, device=None, early_stopping_rounds=None,
             enable_categorical=False, eval_metric=None, feature_types=None,
             feature_weights=None, gamma=None, grow_policy=None,
             importance_type=None, interaction_constraints=None,
             learning_rate=None, max_bin=None, max_cat_threshold=None,
             max_cat_to_onehot=None, max_delta_step=None, max_depth=None,
             max_leaves=None, min_child_weight=None, missing=nan,
             monotone_constraints=None, multi_strategy=None, n_estimators=None,
             n_jobs=None, num_parallel_tree=None, ...), 'regressor__learning_rate': 0.01, 'regressor__n_estimators': 10}",-31040.953125,-24045.55859375,-12709.9541015625,-27238.705078125,-20738.669921875,-23154.7681640625,6238.519584995806,126
47,0.06543068885803223,0.002165871410519909,0.01106276512145996,0.000607619215813123,GradientBoostingRegressor(random_state=42),,,10.0,0.01,"{'regressor': GradientBoostingRegressor(random_state=42), 'regressor__learning_rate': 0.01, 'regressor__n_estimators': 10}",-30996.99152727418,-24387.10347032425,-12544.262137919957,-27170.925698062078,-20717.318722446635,-23163.320311205418,6287.6429787099205,127
42,0.5313053607940674,0.00795132427875583,0.011519956588745116,0.0006392524791065391,GradientBoostingRegressor(random_state=42),,,100.0,0.001,"{'regressor': GradientBoostingRegressor(random_state=42), 'regressor__learning_rate': 0.001, 'regressor__n_estimators': 100}",-31005.693247082403,-24366.134620764406,-12552.95366467112,-27182.027008987116,-20719.76368582816,-23165.31444546664,6287.295261460313,128
91,0.24599151611328124,0.020680384906569146,0.011876249313354492,0.00045140893637353994,"XGBRegressor(base_score=None, booster=None, callbacks=None,
             colsample_bylevel=None, colsample_bynode=None,
             colsample_bytree=None, device=None, early_stopping_rounds=None,
             enable_categorical=False, eval_metric=None, feature_types=None,
             feature_weights=None, gamma=None, grow_policy=None,
             importance_type=None, interaction_constraints=None,
             learning_rate=None, max_bin=None, max_cat_threshold=None,
             max_cat_to_onehot=None, max_delta_step=None, max_depth=None,
             max_leaves=None, min_child_weight=None, missing=nan,
             monotone_constraints=None, multi_strategy=None, n_estimators=None,
             n_jobs=None, num_parallel_tree=None, ...)",,,100.0,0.001,"{'regressor': XGBRegressor(base_score=None, booster=None, callbacks=None,
             colsample_bylevel=None, colsample_bynode=None,
             colsample_bytree=None, device=None, early_stopping_rounds=None,
             enable_categorical=False, eval_metric=None, feature_types=None,
             feature_weights=None, gamma=None, grow_policy=None,
             importance_type=None, interaction_constraints=None,
             learning_rate=None, max_bin=None, max_cat_threshold=None,
             max_cat_to_onehot=None, max_delta_step=None, max_depth=None,
             max_leaves=None, min_child_weight=None, missing=nan,
             monotone_constraints=None, multi_strategy=None, n_estimators=None,
             n_jobs=None, num_parallel_tree=None, ...), 'regressor__learning_rate': 0.001, 'regressor__n_estimators': 100}",-31051.177734375,-24056.748046875,-12715.6982421875,-27251.57421875,-20754.25,-23165.8896484375,6239.97951140164,129
41,0.26726293563842773,0.01115865584772055,0.010318183898925781,0.00040549012347027995,GradientBoostingRegressor(random_state=42),,,50.0,0.001,"{'regressor': GradientBoostingRegressor(random_state=42), 'regressor__learning_rate': 0.001, 'regressor__n_estimators': 50}",-32248.16059390202,-25477.817577485952,-13176.453277871757,-28507.38470881359,-21767.53313559644,-24235.469858733955,6517.4911823993,130
90,0.14131174087524415,0.024122681677190026,0.012235260009765625,0.002455462950576778,"XGBRegressor(base_score=None, booster=None, callbacks=None,
             colsample_bylevel=None, colsample_bynode=None,
             colsample_bytree=None, device=None, early_stopping_rounds=None,
             enable_categorical=False, eval_metric=None, feature_types=None,
             feature_weights=None, gamma=None, grow_policy=None,
             importance_type=None, interaction_constraints=None,
             learning_rate=None, max_bin=None, max_cat_threshold=None,
             max_cat_to_onehot=None, max_delta_step=None, max_depth=None,
             max_leaves=None, min_child_weight=None, missing=nan,
             monotone_constraints=None, multi_strategy=None, n_estimators=None,
             n_jobs=None, num_parallel_tree=None, ...)",,,50.0,0.001,"{'regressor': XGBRegressor(base_score=None, booster=None, callbacks=None,
             colsample_bylevel=None, colsample_bynode=None,
             colsample_bytree=None, device=None, early_stopping_rounds=None,
             enable_categorical=False, eval_metric=None, feature_types=None,
             feature_weights=None, gamma=None, grow_policy=None,
             importance_type=None, interaction_constraints=None,
             learning_rate=None, max_bin=None, max_cat_threshold=None,
             max_cat_to_onehot=None, max_delta_step=None, max_depth=None,
             max_leaves=None, min_child_weight=None, missing=nan,
             monotone_constraints=None, multi_strategy=None, n_estimators=None,
             n_jobs=None, num_parallel_tree=None, ...), 'regressor__learning_rate': 0.001, 'regressor__n_estimators': 50}",-32269.083984375,-25307.546875,-13282.2060546875,-28547.35546875,-21774.130859375,-24236.0646484375,6485.56610365347,131
95,0.023842906951904295,0.0007637318221765986,0.010307073593139648,0.00040253755795275384,"XGBRegressor(base_score=None, booster=None, callbacks=None,
             colsample_bylevel=None, colsample_bynode=None,
             colsample_bytree=None, device=None, early_stopping_rounds=None,
             enable_categorical=False, eval_metric=None, feature_types=None,
             feature_weights=None, gamma=None, grow_policy=None,
             importance_type=None, interaction_constraints=None,
             learning_rate=None, max_bin=None, max_cat_threshold=None,
             max_cat_to_onehot=None, max_delta_step=None, max_depth=None,
             max_leaves=None, min_child_weight=None, missing=nan,
             monotone_constraints=None, multi_strategy=None, n_estimators=None,
             n_jobs=None, num_parallel_tree=None, ...)",,,1.0,0.01,"{'regressor': XGBRegressor(base_score=None, booster=None, callbacks=None,
             colsample_bylevel=None, colsample_bynode=None,
             colsample_bytree=None, device=None, early_stopping_rounds=None,
             enable_categorical=False, eval_metric=None, feature_types=None,
             feature_weights=None, gamma=None, grow_policy=None,
             importance_type=None, interaction_constraints=None,
             learning_rate=None, max_bin=None, max_cat_threshold=None,
             max_cat_to_onehot=None, max_delta_step=None, max_depth=None,
             max_leaves=None, min_child_weight=None, missing=nan,
             monotone_constraints=None, multi_strategy=None, n_estimators=None,
             n_jobs=None, num_parallel_tree=None, ...), 'regressor__learning_rate': 0.01, 'regressor__n_estimators': 1}",-33291.1171875,-26345.5703125,-13751.384765625,-29625.732421875,-22631.162109375,-25128.993359375,6693.431486626043,132
89,0.04218711853027344,0.0002827337402744034,0.01070857048034668,0.0003927404058044173,"XGBRegressor(base_score=None, booster=None, callbacks=None,
             colsample_bylevel=None, colsample_bynode=None,
             colsample_bytree=None, device=None, early_stopping_rounds=None,
             enable_categorical=False, eval_metric=None, feature_types=None,
             feature_weights=None, gamma=None, grow_policy=None,
             importance_type=None, interaction_constraints=None,
             learning_rate=None, max_bin=None, max_cat_threshold=None,
             max_cat_to_onehot=None, max_delta_step=None, max_depth=None,
             max_leaves=None, min_child_weight=None, missing=nan,
             monotone_constraints=None, multi_strategy=None, n_estimators=None,
             n_jobs=None, num_parallel_tree=None, ...)",,,10.0,0.001,"{'regressor': XGBRegressor(base_score=None, booster=None, callbacks=None,
             colsample_bylevel=None, colsample_bynode=None,
             colsample_bytree=None, device=None, early_stopping_rounds=None,
             enable_categorical=False, eval_metric=None, feature_types=None,
             feature_weights=None, gamma=None, grow_policy=None,
             importance_type=None, interaction_constraints=None,
             learning_rate=None, max_bin=None, max_cat_threshold=None,
             max_cat_to_onehot=None, max_delta_step=None, max_depth=None,
             max_leaves=None, min_child_weight=None, missing=nan,
             monotone_constraints=None, multi_strategy=None, n_estimators=None,
             n_jobs=None, num_parallel_tree=None, ...), 'regressor__learning_rate': 0.001, 'regressor__n_estimators': 10}",-33292.2890625,-26346.75,-13751.908203125,-29626.900390625,-22633.517578125,-25130.273046875,6693.563377956206,133
46,0.019493770599365235,0.0008721676382960405,0.009163093566894532,0.00042696989127639126,GradientBoostingRegressor(random_state=42),,,1.0,0.01,"{'regressor': GradientBoostingRegressor(random_state=42), 'regressor__learning_rate': 0.01, 'regressor__n_estimators': 1}",-33287.21677502769,-26382.62644845732,-13726.188088151308,-29616.08248357902,-22640.41576425097,-25130.505911893262,6700.435046944645,134
40,0.06663179397583008,0.0028807766968359273,0.010368728637695312,0.00044910270780872303,GradientBoostingRegressor(random_state=42),,,10.0,0.001,"{'regressor': GradientBoostingRegressor(random_state=42), 'regressor__learning_rate': 0.001, 'regressor__n_estimators': 10}",-33289.14141532949,-26384.90043985462,-13727.842174468406,-29618.255171895104,-22639.40964316837,-25131.9097689432,6700.791347372672,135
88,0.023003816604614258,0.0009554075941040314,0.009813642501831055,0.00023034574333674293,"XGBRegressor(base_score=None, booster=None, callbacks=None,
             colsample_bylevel=None, colsample_bynode=None,
             colsample_bytree=None, device=None, early_stopping_rounds=None,
             enable_categorical=False, eval_metric=None, feature_types=None,
             feature_weights=None, gamma=None, grow_policy=None,
             importance_type=None, interaction_constraints=None,
             learning_rate=None, max_bin=None, max_cat_threshold=None,
             max_cat_to_onehot=None, max_delta_step=None, max_depth=None,
             max_leaves=None, min_child_weight=None, missing=nan,
             monotone_constraints=None, multi_strategy=None, n_estimators=None,
             n_jobs=None, num_parallel_tree=None, ...)",,,1.0,0.001,"{'regressor': XGBRegressor(base_score=None, booster=None, callbacks=None,
             colsample_bylevel=None, colsample_bynode=None,
             colsample_bytree=None, device=None, early_stopping_rounds=None,
             enable_categorical=False, eval_metric=None, feature_types=None,
             feature_weights=None, gamma=None, grow_policy=None,
             importance_type=None, interaction_constraints=None,
             learning_rate=None, max_bin=None, max_cat_threshold=None,
             max_cat_to_onehot=None, max_delta_step=None, max_depth=None,
             max_leaves=None, min_child_weight=None, missing=nan,
             monotone_constraints=None, multi_strategy=None, n_estimators=None,
             n_jobs=None, num_parallel_tree=None, ...), 'regressor__learning_rate': 0.001, 'regressor__n_estimators': 1}",-33528.921875,-26586.443359375,-13860.0341796875,-29875.78515625,-22835.2578125,-25337.2884765625,6741.642550687928,136
39,0.019313907623291014,0.0020010175916394674,0.010748767852783203,0.0008444078540725766,GradientBoostingRegressor(random_state=42),,,1.0,0.001,"{'regressor': GradientBoostingRegressor(random_state=42), 'regressor__learning_rate': 0.001, 'regressor__n_estimators': 1}",-33528.533293891334,-26590.152284125208,-13857.511747948765,-29874.82188123542,-22836.184440999226,-25337.440729639988,6742.346235486087,137
